HospitalCode,HospitalName,ZipCode,HospitalType,EmergencyServices
10001,"SOUTHEAST ALABAMA MEDICAL CENTER",36301,"Acute Care Hospitals",TRUE
10005,"MARSHALL MEDICAL CENTERS SOUTH CAMPUS",35957,"Acute Care Hospitals",TRUE
10006,"NORTH ALABAMA MEDICAL CENTER",35630,"Acute Care Hospitals",TRUE
10007,"MIZELL MEMORIAL HOSPITAL",36467,"Acute Care Hospitals",TRUE
10008,"CRENSHAW COMMUNITY HOSPITAL",36049,"Acute Care Hospitals",TRUE
10011,"ST VINCENT'S EAST",35235,"Acute Care Hospitals",TRUE
10012,"DEKALB REGIONAL MEDICAL CENTER",35968,"Acute Care Hospitals",TRUE
10016,"SHELBY BAPTIST MEDICAL CENTER",35007,"Acute Care Hospitals",TRUE
10018,"UAB CALLAHAN EYE HOSPITAL AUTHORITY",35233,"Acute Care Hospitals",TRUE
10019,"HELEN KELLER MEMORIAL HOSPITAL",35660,"Acute Care Hospitals",TRUE
10021,"DALE MEDICAL CENTER",36360,"Acute Care Hospitals",TRUE
10022,"FLOYD CHEROKEE MEDICAL CENTER",35960,"Acute Care Hospitals",TRUE
10023,"BAPTIST MEDICAL CENTER SOUTH",36116,"Acute Care Hospitals",TRUE
10024,"JACKSON HOSPITAL & CLINIC INC",36106,"Acute Care Hospitals",TRUE
10029,"EAST ALABAMA MEDICAL CENTER",36801,"Acute Care Hospitals",TRUE
10033,"UNIVERSITY OF ALABAMA HOSPITAL",35233,"Acute Care Hospitals",TRUE
10034,"COMMUNITY HOSPITAL INC",36078,"Acute Care Hospitals",TRUE
10035,"CULLMAN REGIONAL MEDICAL CENTER",35058,"Acute Care Hospitals",TRUE
10036,"ANDALUSIA HEALTH",36420,"Acute Care Hospitals",TRUE
10038,"STRINGFELLOW MEMORIAL HOSPITAL",36201,"Acute Care Hospitals",TRUE
10039,"HUNTSVILLE HOSPITAL",35801,"Acute Care Hospitals",TRUE
10040,"GADSDEN REGIONAL MEDICAL CENTER",35903,"Acute Care Hospitals",TRUE
10044,"MARION REGIONAL MEDICAL CENTER",35570,"Acute Care Hospitals",TRUE
10045,"FAYETTE MEDICAL CENTER",35555,"Acute Care Hospitals",TRUE
10046,"RIVERVIEW REGIONAL MEDICAL CENTER",35901,"Acute Care Hospitals",TRUE
10049,"MEDICAL CENTER ENTERPRISE",36330,"Acute Care Hospitals",TRUE
10051,"GREENE COUNTY HOSPITAL",35462,"Acute Care Hospitals",TRUE
10052,"LAKE MARTIN COMMUNITY HOSPITAL",36853,"Acute Care Hospitals",TRUE
10055,"FLOWERS HOSPITAL",36305,"Acute Care Hospitals",TRUE
10056,"ST VINCENT'S BIRMINGHAM",35205,"Acute Care Hospitals",TRUE
10058,"BIBB MEDICAL CENTER",35042,"Acute Care Hospitals",TRUE
10059,"LAWRENCE MEDICAL CENTER",35650,"Acute Care Hospitals",TRUE
10061,"HIGHLANDS MEDICAL CENTER",35768,"Acute Care Hospitals",TRUE
10062,"WIREGRASS MEDICAL CENTER",36340,"Acute Care Hospitals",TRUE
10065,"RUSSELL MEDICAL CENTER",35010,"Acute Care Hospitals",TRUE
10069,"MEDICAL CENTER BARBOUR",36027,"Acute Care Hospitals",TRUE
10073,"CLAY COUNTY HOSPITAL",36251,"Acute Care Hospitals",TRUE
10078,"NORTHEAST ALABAMA REGIONAL MEDICAL CENTER",36207,"Acute Care Hospitals",TRUE
10079,"ATHENS LIMESTONE HOSPITAL",35611,"Acute Care Hospitals",TRUE
10083,"SOUTH BALDWIN REGIONAL MEDICAL CENTER",36535,"Acute Care Hospitals",TRUE
10085,"DECATUR MORGAN HOSPITAL-DECATUR CAMPUS",35601,"Acute Care Hospitals",TRUE
10086,"NORTHWEST MEDICAL CENTER",35594,"Acute Care Hospitals",TRUE
10087,"UNIVERSITY OF SOUTH ALABAMA MEDICAL CENTER",36617,"Acute Care Hospitals",TRUE
10089,"WALKER BAPTIST MEDICAL CENTER",35502,"Acute Care Hospitals",TRUE
10090,"PROVIDENCE HOSPITAL",36608,"Acute Care Hospitals",TRUE
10091,"GROVE HILL MEMORIAL HOSPITAL",36451,"Acute Care Hospitals",TRUE
10092,"D C H REGIONAL MEDICAL CENTER",35401,"Acute Care Hospitals",TRUE
10095,"HALE COUNTY HOSPITAL",36744,"Acute Care Hospitals",TRUE
10097,"ELMORE COMMUNITY HOSPITAL",36092,"Acute Care Hospitals",TRUE
10100,"THOMAS HOSPITAL",36532,"Acute Care Hospitals",TRUE
10101,"CITIZENS BAPTIST MEDICAL CENTER",35161,"Acute Care Hospitals",TRUE
10102,"J PAUL JONES HOSPITAL",36726,"Acute Care Hospitals",TRUE
10103,"PRINCETON BAPTIST MEDICAL CENTER",35211,"Acute Care Hospitals",TRUE
10104,"GRANDVIEW MEDICAL CENTER",35243,"Acute Care Hospitals",TRUE
10108,"PRATTVILLE BAPTIST HOSPITAL",36067,"Acute Care Hospitals",TRUE
10109,"PICKENS COUNTY MEDICAL CENTER",35447,"Acute Care Hospitals",TRUE
10110,"BULLOCK COUNTY HOSPITAL",36089,"Acute Care Hospitals",TRUE
10112,"BRYAN W. WHITFIELD MEMORIAL HOSPITAL",36732,"Acute Care Hospitals",TRUE
10113,"MOBILE INFIRMARY MEDICAL CENTER",36652,"Acute Care Hospitals",TRUE
10114,"MEDICAL WEST AN AFFILIATE OF UAB HEALTH SYSTEM",35021,"Acute Care Hospitals",TRUE
10118,"VAUGHAN REGIONAL MEDICAL CENTER PARKWAY CAMPUS",36701,"Acute Care Hospitals",TRUE
10120,"MONROE COUNTY HOSPITAL",36460,"Acute Care Hospitals",TRUE
10125,"LAKELAND COMMUNITY HOSPITAL",35565,"Acute Care Hospitals",TRUE
10126,"TROY REGIONAL MEDICAL CENTER",36081,"Acute Care Hospitals",TRUE
10128,"JACKSON MEDICAL CENTER",36545,"Acute Care Hospitals",TRUE
10129,"NORTH BALDWIN INFIRMARY",36507,"Acute Care Hospitals",TRUE
10130,"ST VINCENT'S ST CLAIR",35125,"Acute Care Hospitals",TRUE
10131,"CRESTWOOD MEDICAL CENTER",35801,"Acute Care Hospitals",TRUE
10138,"HILL HOSPITAL OF SUMTER COUNTY",36925,"Acute Care Hospitals",TRUE
10139,"BROOKWOOD BAPTIST MEDICAL CENTER",35209,"Acute Care Hospitals",TRUE
10144,"SPRINGHILL MEMORIAL HOSPITAL",36608,"Acute Care Hospitals",TRUE
10148,"EVERGREEN MEDICAL CENTER",36401,"Acute Care Hospitals",TRUE
10149,"BAPTIST MEDICAL CENTER EAST",36117,"Acute Care Hospitals",TRUE
10150,"REGIONAL MEDICAL CENTER OF CENTRAL ALABAMA",36037,"Acute Care Hospitals",TRUE
10157,"SHOALS HOSPITAL",35661,"Acute Care Hospitals",TRUE
10158,"RUSSELLVILLE HOSPITAL",35653,"Acute Care Hospitals",TRUE
10164,"COOSA VALLEY MEDICAL CENTER",35150,"Acute Care Hospitals",TRUE
10168,"JACK HUGHSTON MEMORIAL HOSPITAL",36867,"Acute Care Hospitals",TRUE
10169,"ATMORE COMMUNITY HOSPITAL",36502,"Acute Care Hospitals",TRUE
10173,"ST VINCENT'S CHILTON",35045,"Acute Care Hospitals",TRUE
11300,"WASHINGTON COUNTY HOSPITAL",36518,"Critical Access Hospitals",TRUE
11302,"RED BAY HOSPITAL",35582,"Critical Access Hospitals",TRUE
11304,"CHOCTAW GENERAL HOSPITAL",36904,"Critical Access Hospitals",TRUE
11305,"ST VINCENTS BLOUNT",35121,"Critical Access Hospitals",FALSE
11306,"TANNER MEDICAL CENTER-EAST ALABAMA",36278,"Critical Access Hospitals",TRUE
13300,"CHILDREN'S HOSPITAL OF ALABAMA",35233,Childrens,TRUE
13301,"USA HEALTH CHILDREN'S & WOMEN'S HOSPITAL",36604,Childrens,TRUE
14000,"HILL CREST BEHAVIORAL HEALTH SERVICES",35212,Psychiatric,FALSE
14006,"MOUNTAIN VIEW HOSPITAL",35902,Psychiatric,FALSE
14007,"BRYCE HOSPITAL",35401,Psychiatric,FALSE
14012,"MARY S HARPER GERIATRIC PSYCHIATRY CENTER",35401,Psychiatric,TRUE
14014,"BAYPOINTE BEHAVIORAL HEALTH",36693,Psychiatric,FALSE
14015,"BEACON CHILDREN'S HOSPITAL",36049,Psychiatric,FALSE
14016,"SANCTUARY AT THE WOODLANDS THE",35055,Psychiatric,FALSE
14017,"EASTPOINTE HOSPITAL",36526,Psychiatric,TRUE
14018,"UNITY PSYCHIATRIC CARE - HUNTSVILLE",35806,Psychiatric,FALSE
20001,"PROVIDENCE ALASKA MEDICAL CENTER",99508,"Acute Care Hospitals",TRUE
20006,"MAT-SU REGIONAL MEDICAL CENTER",99645,"Acute Care Hospitals",TRUE
20008,"BARTLETT REGIONAL HOSPITAL",99801,"Acute Care Hospitals",TRUE
20012,"FAIRBANKS MEMORIAL HOSPITAL",99701,"Acute Care Hospitals",TRUE
20017,"ALASKA REGIONAL HOSPITAL",99508,"Acute Care Hospitals",TRUE
20018,"YUKON KUSKOKWIM DELTA REG HOSPITAL",99559,"Acute Care Hospitals",TRUE
20024,"CENTRAL PENINSULA GENERAL HOSPITAL",99669,"Acute Care Hospitals",TRUE
20026,"ALASKA NATIVE MEDICAL CENTER",99508,"Acute Care Hospitals",TRUE
21301,"PROVIDENCE VALDEZ MEDICAL CENTER",99686,"Critical Access Hospitals",TRUE
21302,"PROVIDENCE SEWARD HOSPITAL",99664,"Critical Access Hospitals",TRUE
21303,"SITKA COMMUNITY HOSPITAL",99835,"Critical Access Hospitals",TRUE
21304,"PETERSBURG MEDICAL CENTER",99833,"Critical Access Hospitals",TRUE
21305,"SEARHC WRANGELL MEDICAL CENTER-CAH",99929,"Critical Access Hospitals",FALSE
21306,"PROVIDENCE KODIAK ISLAND MEDICAL CTR",99615,"Critical Access Hospitals",TRUE
21307,"CORDOVA COMMUNITY MEDICAL CENTER",99574,"Critical Access Hospitals",TRUE
21308,"NORTON SOUND REGIONAL HOSPITAL",99762,"Critical Access Hospitals",TRUE
21309,"KANAKANAK HOSPITAL",99576,"Critical Access Hospitals",TRUE
21310,"MANIILAQ HEALTH CENTER",99752,"Critical Access Hospitals",TRUE
21311,"KETCHIKAN MEDICAL CENTER",99901,"Critical Access Hospitals",TRUE
21312,"SAMUEL SIMMONDS MEMORIAL HOSPITAL",99723,"Critical Access Hospitals",TRUE
21313,"SOUTH PENINSULA HOSPITAL",99603,"Critical Access Hospitals",TRUE
21314,"MT EDGECUMBE HOSPITAL",99835,"Critical Access Hospitals",TRUE
24001,"NORTH STAR HOSPITAL",99508,Psychiatric,TRUE
24002,"ALASKA PSYCHIATRIC INSTITUTE",99508,Psychiatric,FALSE
30002,"BANNER - UNIVERSITY MEDICAL CENTER PHOENIX",85006,"Acute Care Hospitals",TRUE
30006,"TUCSON MEDICAL CENTER",85712,"Acute Care Hospitals",TRUE
30007,"VERDE VALLEY MEDICAL CENTER",86326,"Acute Care Hospitals",TRUE
30010,"ST. MARY'S HOSPITAL",85745,"Acute Care Hospitals",TRUE
30011,"ST JOSEPH'S HOSPITAL",85711,"Acute Care Hospitals",TRUE
30012,"YAVAPAI REGIONAL MEDICAL CENTER",86301,"Acute Care Hospitals",TRUE
30013,"YUMA REGIONAL MEDICAL CENTER",85364,"Acute Care Hospitals",TRUE
30014,"JOHN C. LINCOLN NORTH MOUNTAIN HOSPITAL",85020,"Acute Care Hospitals",TRUE
30016,"BANNER CASA GRANDE MEDICAL CENTER",85122,"Acute Care Hospitals",TRUE
30022,"VALLEYWISE HEALTH MEDICAL CENTER",85008,"Acute Care Hospitals",TRUE
30023,"FLAGSTAFF MEDICAL CENTER",86001,"Acute Care Hospitals",TRUE
30024,"ST. JOSEPH'S HOSPITAL AND MEDICAL CENTER",85013,"Acute Care Hospitals",TRUE
30030,"ABRAZO CENTRAL CAMPUS",85015,"Acute Care Hospitals",TRUE
30036,"CHANDLER REGIONAL MEDICAL CENTER",85224,"Acute Care Hospitals",TRUE
30037,"ST LUKE'S MEDICAL CENTER",85006,"Acute Care Hospitals",TRUE
30038,"SCOTTSDALE OSBORN MEDICAL CENTER",85251,"Acute Care Hospitals",TRUE
30043,"CANYON VISTA MEDICAL CENTER",85635,"Acute Care Hospitals",TRUE
30055,"KINGMAN REGIONAL MEDICAL CENTER",86409,"Acute Care Hospitals",TRUE
30061,"BANNER BOSWELL MEDICAL CENTER",85351,"Acute Care Hospitals",TRUE
30062,"SUMMIT HEALTHCARE REGIONAL MEDICAL CENTER",85901,"Acute Care Hospitals",TRUE
30064,"BANNER - UNIVERSITY MEDICAL CENTER TUCSON CAMPUS",85724,"Acute Care Hospitals",TRUE
30065,"BANNER DESERT MEDICAL CENTER",85202,"Acute Care Hospitals",TRUE
30068,"MT. GRAHAM REGIONAL MEDICAL CENTER",85546,"Acute Care Hospitals",TRUE
30069,"HAVASU REGIONAL MEDICAL CENTER",86403,"Acute Care Hospitals",TRUE
30071,"FORT DEFIANCE INDIAN HOSPITAL",86504,"Acute Care Hospitals",TRUE
30073,"TUBA CITY REGIONAL HEALTH CARE CORPORATION",86045,"Acute Care Hospitals",FALSE
30074,"SELLS HOSPITAL",85634,"Acute Care Hospitals",TRUE
30077,"SAN CARLOS APACHE HEALTHCARE",85542,"Acute Care Hospitals",FALSE
30078,"PHOENIX INDIAN MEDICAL CENTER",85016,"Acute Care Hospitals",FALSE
30083,"ABRAZO SCOTTSDALE CAMPUS",85032,"Acute Care Hospitals",TRUE
30084,"CHINLE COMPREHENSIVE HEALTH CARE FACILITY",86503,"Acute Care Hospitals",TRUE
30085,"NORTHWEST MEDICAL CENTER",85741,"Acute Care Hospitals",TRUE
30087,"SCOTTSDALE SHEA MEDICAL CENTER",85260,"Acute Care Hospitals",TRUE
30088,"BANNER BAYWOOD MEDICAL CENTER",85206,"Acute Care Hospitals",FALSE
30089,"BANNER THUNDERBIRD MEDICAL CENTER",85306,"Acute Care Hospitals",TRUE
30092,"HONORHEALTH DEER VALLEY MEDICAL CENTER",85027,"Acute Care Hospitals",TRUE
30093,"BANNER DEL E. WEBB MEDICAL CENTER",85375,"Acute Care Hospitals",TRUE
30094,"ABRAZO ARROWHEAD CAMPUS",85308,"Acute Care Hospitals",TRUE
30101,"WESTERN ARIZONA REGIONAL MEDICAL CENTER",86442,"Acute Care Hospitals",TRUE
30103,"MAYO CLINIC HOSPITAL",85054,"Acute Care Hospitals",TRUE
30105,"BANNER HEART HOSPITAL",85206,"Acute Care Hospitals",FALSE
30107,"ARIZONA SPINE AND JOINT HOSPITAL",85206,"Acute Care Hospitals",FALSE
30108,"CORE INSTITUTE SPECIALTY HOSPITAL THE",85015,"Acute Care Hospitals",FALSE
30110,"ABRAZO WEST CAMPUS",85395,"Acute Care Hospitals",TRUE
30111,"BANNER-UNIVERSITY MEDICAL CENTER SOUTH CAMPUS",85713,"Acute Care Hospitals",TRUE
30112,"ARIZONA SPECIALTY HOSPITAL",85224,"Acute Care Hospitals",FALSE
30113,"WHITERIVER PHS INDIAN HOSPITAL",85941,"Acute Care Hospitals",FALSE
30114,"ORO VALLEY HOSPITAL",85755,"Acute Care Hospitals",TRUE
30115,"BANNER ESTRELLA MEDICAL CENTER",85037,"Acute Care Hospitals",TRUE
30117,"VALLEY VIEW MEDICAL CENTER",86426,"Acute Care Hospitals",TRUE
30119,"MERCY GILBERT MEDICAL CENTER",85297,"Acute Care Hospitals",TRUE
30121,"MOUNTAIN VISTA MEDICAL CENTER LP",85209,"Acute Care Hospitals",TRUE
30122,"BANNER GATEWAY MEDICAL CENTER",85234,"Acute Care Hospitals",TRUE
30123,"SCOTTSDALE THOMPSON PEAK MEDICAL CENTER",85255,"Acute Care Hospitals",TRUE
30130,"BANNER IRONWOOD MEDICAL CENTER",85140,"Acute Care Hospitals",TRUE
30131,"O.A.S.I.S. HOSPITAL",85008,"Acute Care Hospitals",FALSE
30134,"BANNER GOLDFIELD MEDICAL CENTER",85120,"Acute Care Hospitals",TRUE
30136,"DIGNITY HEALTH - ARIZONA GENERAL HOSPITAL",85339,"Acute Care Hospitals",FALSE
30137,"SANTA CRUZ VALLEY REGIONAL HOSPITAL",85614,"Acute Care Hospitals",TRUE
30138,"WESTERN REGIONAL MEDICAL CENTER",85338,"Acute Care Hospitals",FALSE
30139,"DIGNITY HEALTH ARIZONA GENERAL HOSPITAL",85212,"Acute Care Hospitals",TRUE
31300,"WICKENBURG COMMUNITY HOSPITAL",85390,"Critical Access Hospitals",TRUE
31301,"BENSON HOSPITAL",85602,"Critical Access Hospitals",TRUE
31302,"NORTHERN COCHISE COMMUNITY HOSPITAL INC",85643,"Critical Access Hospitals",TRUE
31304,"PAGE HOSPITAL",86040,"Critical Access Hospitals",TRUE
31305,"HOPI HEALTH CARE CENTER",86042,"Critical Access Hospitals",FALSE
31307,"PARKER INDIAN HEALTH CENTER",85344,"Critical Access Hospitals",TRUE
31308,"HUHU KAM MEMORIAL HOSPITAL",85147,"Critical Access Hospitals",TRUE
31309,"SAGE MEMORIAL HOSPITAL",86505,"Critical Access Hospitals",FALSE
31311,"LITTLE COLORADO MEDICAL CENTER",86047,"Critical Access Hospitals",TRUE
31312,"COPPER QUEEN COMMUNITY HOSPITAL",85603,"Critical Access Hospitals",TRUE
31313,"HOLY CROSS HOSPITAL",85621,"Critical Access Hospitals",TRUE
31314,"COBRE VALLEY REGIONAL MEDICAL CENTER",85501,"Critical Access Hospitals",TRUE
31315,"WHITE MOUNTAIN REGIONAL MEDICAL CENTER",85938,"Critical Access Hospitals",TRUE
31317,"LA PAZ REGIONAL HOSPITAL",85344,"Critical Access Hospitals",TRUE
31318,"BANNER PAYSON MEDICAL CENTER",85541,"Critical Access Hospitals",FALSE
33302,"PHOENIX CHILDREN'S HOSPITAL",85016,Childrens,FALSE
33303,"HACIENDA CHILDREN'S HOSPITAL INC",85210,Childrens,FALSE
34004,"BANNER BEHAVIORAL HEALTH HOSPITAL",85251,Psychiatric,FALSE
34013,"ST. LUKE'S BEHAVIORAL HOSPITAL LP",85006,Psychiatric,FALSE
34020,"HAVEN BEHAVIORAL HOSPITAL OF PHOENIX",85007,Psychiatric,FALSE
34021,"ARIZONA STATE HOSPITAL",85008,Psychiatric,FALSE
34022,"SONORA BEHAVIORAL HEALTH HOSPITAL",85704,Psychiatric,TRUE
34023,"GUIDANCE CENTER THE",86004,Psychiatric,FALSE
34024,"AURORA BEHAVIORAL HEALTH SYSTEM",85302,Psychiatric,FALSE
34025,"WINDHAVEN PSYCHIATRIC HOSPITAL",86314,Psychiatric,FALSE
34026,"VALLEY HOSPITAL",85018,Psychiatric,TRUE
34027,"CHANGEPOINT PSYCHIATRIC HOSPITAL",85929,Psychiatric,TRUE
34028,"AURORA BEHAVIORAL HEALTHCARE-TEMPE",85283,Psychiatric,FALSE
34029,"OASIS BEHAVIORAL HEALTH HOSPITAL",85225,Psychiatric,FALSE
34030,"PALO VERDE BEHAVIORAL HEALTH",85712,Psychiatric,TRUE
34031,"QUAIL RUN BEHAVIORAL HEALTH",85027,Psychiatric,FALSE
34032,"COPPER SPRINGS HOSPITAL LLC",85392,Psychiatric,TRUE
34033,"CORNERSTONE BEHAVIORAL HEALTH EL DORADO",85712,Psychiatric,FALSE
40001,"SILOAM SPRINGS REGIONAL HOSPITAL",72761,"Acute Care Hospitals",TRUE
40002,"JOHNSON REGIONAL MEDICAL CENTER",72830,"Acute Care Hospitals",TRUE
40004,"WASHINGTON REGIONAL MEDICAL CENTER",72703,"Acute Care Hospitals",TRUE
40007,"CHI-ST VINCENT INFIRMARY",72205,"Acute Care Hospitals",TRUE
40010,"MERCY HOSPITAL NORTHWEST ARKANSAS",72758,"Acute Care Hospitals",TRUE
40011,"CHAMBERS MEMORIAL HOSPITAL",72833,"Acute Care Hospitals",TRUE
40014,"WHITE COUNTY MEDICAL CENTER",72143,"Acute Care Hospitals",TRUE
40015,"MENA REGIONAL HEALTH SYSTEM",71953,"Acute Care Hospitals",TRUE
40016,"UAMS MEDICAL CENTER",72205,"Acute Care Hospitals",TRUE
40017,"NORTH ARKANSAS REGIONAL MEDICAL CENTER",72601,"Acute Care Hospitals",TRUE
40018,"SPARKS MEDICAL CENTER - VAN BUREN",72956,"Acute Care Hospitals",TRUE
40019,"FORREST CITY MEDICAL CENTER",72335,"Acute Care Hospitals",TRUE
40020,"ST BERNARDS MEDICAL CENTER",72401,"Acute Care Hospitals",TRUE
40022,"NORTHWEST MEDICAL CENTER-SPRINGDALE",72764,"Acute Care Hospitals",TRUE
40026,"CHI ST. VINCENT HOSPITAL HOT SPRINGS",71903,"Acute Care Hospitals",TRUE
40027,"BAXTER REGIONAL MEDICAL CENTER",72653,"Acute Care Hospitals",TRUE
40029,"CONWAY REGIONAL HEALTH SYSTEM",72034,"Acute Care Hospitals",TRUE
40036,"BAPTIST HEALTH MEDICAL CENTER NORTH LITTLE ROCK",72117,"Acute Care Hospitals",TRUE
40039,"ARKANSAS METHODIST MEDICAL CENTER",72450,"Acute Care Hospitals",TRUE
40041,"ST MARYS REGIONAL MEDICAL CENTER",72801,"Acute Care Hospitals",TRUE
40047,"FIVE RIVERS MEDICAL CENTER",72455,"Acute Care Hospitals",TRUE
40050,"OUACHITA COUNTY MEDICAL CENTER",71701,"Acute Care Hospitals",TRUE
40051,"DREW MEMORIAL HOSPITAL",71655,"Acute Care Hospitals",TRUE
40055,"BAPTIST HEALTH - FORT SMITH",72901,"Acute Care Hospitals",TRUE
40062,"MERCY HOSPITAL FORT SMITH",72903,"Acute Care Hospitals",TRUE
40067,"MAGNOLIA HOSPITAL",71754,"Acute Care Hospitals",TRUE
40069,"GREAT RIVER MEDICAL CENTER",72315,"Acute Care Hospitals",TRUE
40071,"JEFFERSON REGIONAL MEDICAL CENTER",71603,"Acute Care Hospitals",TRUE
40072,"BAPTIST HEALTH MEDICAL CENTER-STUTTGART",72160,"Acute Care Hospitals",TRUE
40074,"NORTH METRO MEDICAL CENTER",72076,"Acute Care Hospitals",TRUE
40076,"BAPTIST HEALTH MEDICAL CENTER-HOT SPRINGS COUNTY",72104,"Acute Care Hospitals",TRUE
40078,"NATIONAL PARK MEDICAL CENTER",71901,"Acute Care Hospitals",TRUE
40084,"SALINE MEMORIAL HOSPITAL",72015,"Acute Care Hospitals",TRUE
40085,"HELENA REGIONAL MEDICAL CENTER",72342,"Acute Care Hospitals",TRUE
40088,"MEDICAL CENTER OF SOUTH ARKANSAS",71730,"Acute Care Hospitals",TRUE
40114,"BAPTIST HEALTH MEDICAL CENTER-LITTLE ROCK",72205,"Acute Care Hospitals",TRUE
40118,"NEA BAPTIST MEMORIAL HOSPITAL",72401,"Acute Care Hospitals",TRUE
40119,"WHITE RIVER MEDICAL CENTER",72503,"Acute Care Hospitals",TRUE
40132,"LEVI HOSPITAL",71901,"Acute Care Hospitals",TRUE
40134,"ARKANSAS HEART HOSPITAL LLC",72211,"Acute Care Hospitals",TRUE
40137,"ST VINCENT MEDICAL CENTER/NORTH",72120,"Acute Care Hospitals",TRUE
40147,"ARKANSAS SURGICAL HOSPITAL",72118,"Acute Care Hospitals",TRUE
40152,"NORTHWEST HEALTH PHYSICIANS SPECIALTY HOSPITAL",72703,"Acute Care Hospitals",TRUE
40153,"WADLEY REGIONAL MEDICAL CENTER AT HOPE",71801,"Acute Care Hospitals",TRUE
40154,"BAPTIST HEALTH MEDICAL CENTER-CONWAY",72032,"Acute Care Hospitals",TRUE
40156,"BAPTIST MEMORIAL HOSPITAL-CRITTENDEN INC",72301,"Acute Care Hospitals",TRUE
41300,"NORTH LOGAN MERCY HOSPITAL",72855,"Critical Access Hospitals",TRUE
41302,"DARDANELLE HOSPITAL",72834,"Critical Access Hospitals",TRUE
41303,"MERCY HOSPITAL TURNER MEMORIAL",72949,"Critical Access Hospitals",TRUE
41304,"EUREKA SPRINGS HOSPITAL LLC",72632,"Critical Access Hospitals",TRUE
41305,"MERCY HOSPITAL WALDRON",72958,"Critical Access Hospitals",TRUE
41306,"IZARD COUNTY MEDICAL CENTER LLC",72519,"Critical Access Hospitals",TRUE
41307,"CROSSRIDGE COMMUNITY HOSPITAL",72396,"Critical Access Hospitals",TRUE
41308,"MCGEHEE HOSPITAL",71654,"Critical Access Hospitals",TRUE
41309,"LAWRENCE MEMORIAL HOSPITAL",72476,"Critical Access Hospitals",TRUE
41310,"STONE COUNTY MEDICAL CENTER",72560,"Critical Access Hospitals",TRUE
41311,"HOWARD MEMORIAL HOSPITAL",71852,"Critical Access Hospitals",TRUE
41312,"BAPTIST HEALTH MEDICAL CENTER HEBER SPINGS",72543,"Critical Access Hospitals",TRUE
41313,"OZARK HEALTH",72031,"Critical Access Hospitals",TRUE
41314,"DEWITT HOSPITAL & NURSING HOME INC",72042,"Critical Access Hospitals",TRUE
41316,"SOUTH MISSISSISSPI COUNTY REGIONAL MEDICAL CENTER",72370,"Critical Access Hospitals",TRUE
41317,"DALLAS COUNTY MEDICAL CENTER",71742,"Critical Access Hospitals",TRUE
41318,"MERCY HOSPITAL BOONEVILLE",72927,"Critical Access Hospitals",TRUE
41320,"LITTLE RIVER MEMORIAL HOSPITAL",71822,"Critical Access Hospitals",TRUE
41321,"BAPTIST HEALTH MEDICAL CENTER-ARKADELPHIA",71923,"Critical Access Hospitals",TRUE
41322,"FULTON COUNTY HOSPITAL",72576,"Critical Access Hospitals",TRUE
41323,"ASHLEY COUNTY MEDICAL CENTER",71635,"Critical Access Hospitals",TRUE
41324,"CHI ST VINCENT MORRILTON",72110,"Critical Access Hospitals",TRUE
41326,"DELTA MEMORIAL HOSPITAL",71639,"Critical Access Hospitals",TRUE
41327,"BRADLEY COUNTY MEDICAL CENTER",71671,"Critical Access Hospitals",TRUE
41328,"CHICOT MEMORIAL MEDICAL CENTER",71653,"Critical Access Hospitals",TRUE
41329,"MERCY HOSPITAL BERRYVILLE",72616,"Critical Access Hospitals",TRUE
41330,"PIGGOTT COMMUNITY HOSPITAL",72454,"Critical Access Hospitals",TRUE
41331,"OZARKS COMMUNITY HOSPITAL OF GRAVETTE",72736,"Critical Access Hospitals",TRUE
43300,"ARKANSAS CHILDREN'S HOSPITAL",72202,Childrens,TRUE
43301,"ARKANSAS CHILDREN'S NORTHWEST INC",72762,Childrens,TRUE
44004,"VANTAGE POINT OF NORTHWEST ARKANSAS",72703,Psychiatric,FALSE
44005,"BRIDGEWAY INC THE",72113,Psychiatric,TRUE
44006,"VALLEY BEHAVIORAL HEALTH SYSTEM",72923,Psychiatric,FALSE
44007,"RIVENDELL BEHAVIORAL HEALTH SERVICES OF ARKANSAS",72019,Psychiatric,FALSE
44011,"ARKANSAS STATE HOSPITAL",72205,Psychiatric,FALSE
44017,"UNITED METHODIST BEHAVIORAL HOSPITAL",72113,Psychiatric,FALSE
44019,"SPRINGWOODS BEHAVIORAL HEALTH SERVICES",72704,Psychiatric,FALSE
44020,"RIVERVIEW BEHAVIORAL HEALTH",71854,Psychiatric,FALSE
44021,"WOODRIDGE BEHAVIORAL CENTER",72301,Psychiatric,FALSE
44022,"CONWAY BEHAVIORAL HEALTH",72034,Psychiatric,FALSE
50002,"ST ROSE HOSPITAL",94545,"Acute Care Hospitals",TRUE
50006,"ST JOSEPH HOSPITAL",95501,"Acute Care Hospitals",TRUE
50007,"MILLS-PENINSULA MEDICAL CENTER",94010,"Acute Care Hospitals",TRUE
50008,"CALIFORNIA PACIFIC MEDICAL CTR-DAVIES CAMPUS HOSP",94117,"Acute Care Hospitals",FALSE
50009,"QUEEN OF THE VALLEY MEDICAL CENTER",94558,"Acute Care Hospitals",TRUE
50013,"ADVENTIST HEALTH ST HELENA",94574,"Acute Care Hospitals",FALSE
50014,"SUTTER AMADOR HOSPITAL",95642,"Acute Care Hospitals",TRUE
50017,"MERCY GENERAL HOSPITAL",95819,"Acute Care Hospitals",TRUE
50022,"RIVERSIDE COMMUNITY HOSPITAL",92501,"Acute Care Hospitals",TRUE
50024,"PARADISE VALLEY HOSPITAL",91950,"Acute Care Hospitals",TRUE
50025,"UC SAN DIEGO HEALTH HILLCREST - HILLCREST MED CTR",92103,"Acute Care Hospitals",TRUE
50026,"GROSSMONT HOSPITAL",91942,"Acute Care Hospitals",TRUE
50028,"MAD RIVER COMMUNITY HOSPITAL",95521,"Acute Care Hospitals",TRUE
50030,"OROVILLE HOSPITAL",95966,"Acute Care Hospitals",TRUE
50036,"BAKERSFIELD MEMORIAL HOSPITAL",93301,"Acute Care Hospitals",TRUE
50038,"SANTA CLARA VALLEY MEDICAL CENTER",95128,"Acute Care Hospitals",TRUE
50039,"ENLOE MEDICAL CENTER",95926,"Acute Care Hospitals",TRUE
50040,"LAC/OLIVE VIEW-UCLA MEDICAL CENTER",91342,"Acute Care Hospitals",TRUE
50042,"ST ELIZABETH COMMUNITY HOSPITAL",96080,"Acute Care Hospitals",TRUE
50043,"ALTA BATES SUMMIT MEDICAL CENTER",94609,"Acute Care Hospitals",TRUE
50045,"EL CENTRO REGIONAL MEDICAL CENTER",92243,"Acute Care Hospitals",TRUE
50047,"CALIFORNIA PACIFIC MEDICAL CENTER- VAN NESS CAMPUS",94109,"Acute Care Hospitals",TRUE
50054,"SAN GORGONIO MEMORIAL HOSPITAL",92220,"Acute Care Hospitals",TRUE
50055,"CALIFORNIA PACIFIC MEDICAL CENTER - MISSION BERNAL",94110,"Acute Care Hospitals",TRUE
50056,"ANTELOPE VALLEY HOSPITAL",93534,"Acute Care Hospitals",TRUE
50057,"KAWEAH DELTA MEDICAL CENTER",93291,"Acute Care Hospitals",TRUE
50058,"GLENDALE MEM HOSPITAL & HLTH CENTER",91204,"Acute Care Hospitals",TRUE
50060,"COMMUNITY REGIONAL MEDICAL CENTER",93721,"Acute Care Hospitals",TRUE
50063,"HOLLYWOOD PRESBYTERIAN MEDICAL CENTER",90027,"Acute Care Hospitals",TRUE
50067,"OAK VALLEY HOSPITAL DISTRICT",95361,"Acute Care Hospitals",TRUE
50069,"ST JOSEPH HOSPITAL",92868,"Acute Care Hospitals",TRUE
50070,"KAISER FOUNDATION HOSPITAL - SOUTH SAN FRANCISCO",94080,"Acute Care Hospitals",TRUE
50071,"KAISER FOUNDATION HOSPITAL-SANTA CLARA",95051,"Acute Care Hospitals",TRUE
50072,"KAISER FOUNDATION HOSPITAL - WALNUT CREEK",94596,"Acute Care Hospitals",TRUE
50073,"KAISER FOUNDATION HOSPITAL AND REHAB CENTER",94589,"Acute Care Hospitals",TRUE
50075,"KAISER FOUNDATION HOSPITAL - OAKLAND/RICHMOND",94611,"Acute Care Hospitals",TRUE
50076,"KAISER FOUNDATION HOSPITAL - SAN FRANCISCO",94115,"Acute Care Hospitals",TRUE
50077,"SCRIPPS MERCY HOSPITAL",92103,"Acute Care Hospitals",TRUE
50078,"PROVIDENCE LITTLE CO OF MARY MED CTR SAN PEDRO",90732,"Acute Care Hospitals",FALSE
50082,"ST JOHNS REGIONAL MEDICAL CENTER",93030,"Acute Care Hospitals",TRUE
50084,"ST JOSEPH'S MEDICAL CENTER OF STOCKTON",95204,"Acute Care Hospitals",TRUE
50089,"COMMUNITY HOSPITAL OF SAN BERNARDINO",92411,"Acute Care Hospitals",TRUE
50090,"SONOMA VALLEY HOSPITAL",95476,"Acute Care Hospitals",TRUE
50091,"COMMUNITY HOSPITAL OF HUNTINGTON PARK",90255,"Acute Care Hospitals",TRUE
50093,"SAINT AGNES MEDICAL CENTER",93710,"Acute Care Hospitals",TRUE
50096,"WEST COVINA MEDICAL CENTER INC",91790,"Acute Care Hospitals",FALSE
50100,"SHARP MEMORIAL HOSPITAL",92123,"Acute Care Hospitals",TRUE
50101,"SUTTER SOLANO MEDICAL CENTER",94589,"Acute Care Hospitals",TRUE
50102,"DOCTORS HOSPITAL OF RIVERSIDE",92503,"Acute Care Hospitals",TRUE
50103,"WHITE MEMORIAL MEDICAL CENTER",90033,"Acute Care Hospitals",FALSE
50104,"SAINT FRANCIS MEDICAL CENTER",90262,"Acute Care Hospitals",FALSE
50107,"MARIAN REGIONAL MEDICAL CENTER",93454,"Acute Care Hospitals",FALSE
50108,"SUTTER MEDICAL CENTER SACRAMENTO",95816,"Acute Care Hospitals",TRUE
50110,"LOMPOC VALLEY MEDICAL CENTER",93436,"Acute Care Hospitals",TRUE
50112,"SANTA MONICA - UCLA MED CTR & ORTHOPAEDIC HOSPITAL",90404,"Acute Care Hospitals",TRUE
50113,"SAN MATEO MEDICAL CENTER",94403,"Acute Care Hospitals",TRUE
50115,"PALOMAR HEALTH DOWNTOWN CAMPUS",92025,"Acute Care Hospitals",TRUE
50116,"NORTHRIDGE HOSPITAL MEDICAL CENTER",91325,"Acute Care Hospitals",TRUE
50118,"DOCTORS HOSPITAL OF MANTECA",95336,"Acute Care Hospitals",TRUE
50121,"ADVENTIST HEALTH HANFORD",93230,"Acute Care Hospitals",TRUE
50122,"DAMERON HOSPITAL",95203,"Acute Care Hospitals",TRUE
50124,"USC VERDUGO HILLS HOSPITAL",91209,"Acute Care Hospitals",TRUE
50125,"REGIONAL MEDICAL CENTER OF SAN JOSE",95116,"Acute Care Hospitals",TRUE
50126,"VALLEY PRESBYTERIAN HOSPITAL",91406,"Acute Care Hospitals",FALSE
50127,"WOODLAND MEMORIAL HOSPITAL",95695,"Acute Care Hospitals",TRUE
50128,"TRI-CITY MEDICAL CENTER",92056,"Acute Care Hospitals",TRUE
50129,"ST BERNARDINE MEDICAL CENTER",92404,"Acute Care Hospitals",TRUE
50131,"NOVATO COMMUNITY HOSPITAL",94945,"Acute Care Hospitals",TRUE
50132,"SAN GABRIEL VALLEY MEDICAL CENTER",91776,"Acute Care Hospitals",TRUE
50133,"ADVENTIST HEALTH AND RIDEOUT",95901,"Acute Care Hospitals",TRUE
50135,"SOUTHERN CALIFORNIA HOSPITAL AT HOLLYWOOD",90028,"Acute Care Hospitals",TRUE
50136,"PETALUMA VALLEY HOSPITAL",94954,"Acute Care Hospitals",TRUE
50137,"KAISER FOUNDATION HOSPITAL - PANORAMA CITY",91402,"Acute Care Hospitals",FALSE
50138,"KAISER FOUNDATION HOSPITAL - LOS ANGELES",90027,"Acute Care Hospitals",FALSE
50139,"KAISER FOUNDATION HOSPITAL - DOWNEY",90242,"Acute Care Hospitals",FALSE
50140,"KAISER FOUNDATION HOSPITAL FONTANA",92335,"Acute Care Hospitals",TRUE
50145,"COMMUNITY HOSPITAL OF THE MONTEREY PENINSULA",93940,"Acute Care Hospitals",TRUE
50149,"CALIFORNIA HOSPITAL MEDICAL CENTER LA",90015,"Acute Care Hospitals",TRUE
50150,"SIERRA NEVADA MEMORIAL HOSPITAL",95945,"Acute Care Hospitals",TRUE
50152,"SAINT FRANCIS MEMORIAL HOSPITAL",94109,"Acute Care Hospitals",TRUE
50153,"O'CONNOR HOSPITAL",95128,"Acute Care Hospitals",TRUE
50158,"ENCINO HOSPITAL MEDICAL CENTER",91436,"Acute Care Hospitals",FALSE
50159,"VENTURA COUNTY MEDICAL CENTER",93003,"Acute Care Hospitals",TRUE
50167,"SAN JOAQUIN GENERAL HOSPITAL",95231,"Acute Care Hospitals",TRUE
50168,"ST JUDE MEDICAL CENTER",92835,"Acute Care Hospitals",TRUE
50169,"PIH HEALTH HOSPITAL-WHITTIER",90602,"Acute Care Hospitals",TRUE
50174,"SANTA ROSA MEMORIAL HOSPITAL",95405,"Acute Care Hospitals",TRUE
50179,"EMANUEL MEDICAL CENTER",95382,"Acute Care Hospitals",TRUE
50180,"JOHN MUIR MEDICAL CENTER - WALNUT CREEK CAMPUS",94598,"Acute Care Hospitals",TRUE
50189,"GEORGE L MEE MEMORIAL HOSPITAL",93930,"Acute Care Hospitals",TRUE
50191,"ST MARY MEDICAL CENTER",90813,"Acute Care Hospitals",TRUE
50192,"ADVENTIST HEALTH REEDLEY",93654,"Acute Care Hospitals",FALSE
50194,"WATSONVILLE COMMUNITY HOSPITAL",95076,"Acute Care Hospitals",TRUE
50195,"WASHINGTON HOSPITAL",94538,"Acute Care Hospitals",TRUE
50197,"SEQUOIA HOSPITAL",94062,"Acute Care Hospitals",TRUE
50204,"PALMDALE REGIONAL MEDICAL CENTER",93552,"Acute Care Hospitals",TRUE
50205,"GLENDORA COMMUNITY HOSPITAL",91740,"Acute Care Hospitals",TRUE
50211,"ALAMEDA HOSPITAL",94501,"Acute Care Hospitals",TRUE
50222,"SHARP CHULA VISTA MEDICAL CENTER",91911,"Acute Care Hospitals",TRUE
50224,"HOAG MEMORIAL HOSPITAL PRESBYTERIAN",92663,"Acute Care Hospitals",TRUE
50225,"ADVENTIST HEALTH FEATHER RIVER",95969,"Acute Care Hospitals",TRUE
50226,"AHMC ANAHEIM REGIONAL MEDICAL CENTER",92801,"Acute Care Hospitals",TRUE
50228,"ZUCKERBERG SAN FRANCISCO GENERAL HOSP & TRAUMA CTR",94110,"Acute Care Hospitals",TRUE
50230,"GARDEN GROVE HOSPITAL & MEDICAL CENTER",92843,"Acute Care Hospitals",TRUE
50231,"POMONA VALLEY HOSPITAL MEDICAL CENTER",91767,"Acute Care Hospitals",TRUE
50232,"FRENCH HOSPITAL MEDICAL CENTER",93401,"Acute Care Hospitals",TRUE
50234,"SHARP CORONADO HOSPITAL AND HLTHCR CTR",92118,"Acute Care Hospitals",TRUE
50235,"PROVIDENCE SAINT JOSEPH MEDICAL CTR",91505,"Acute Care Hospitals",TRUE
50236,"ADVENTIST HEALTH SIMI VALLEY",93065,"Acute Care Hospitals",TRUE
50238,"METHODIST HOSPITAL OF SOUTHERN CA",91006,"Acute Care Hospitals",TRUE
50239,"GLENDALE ADVENTIST MEDICAL CENTER",91206,"Acute Care Hospitals",TRUE
50242,"DOMINICAN HOSPITAL",95065,"Acute Care Hospitals",TRUE
50243,"DESERT REGIONAL MEDICAL CENTER",92262,"Acute Care Hospitals",TRUE
50245,"ARROWHEAD REGIONAL MEDICAL CENTER",92324,"Acute Care Hospitals",TRUE
50248,"NATIVIDAD MEDICAL CENTER",93906,"Acute Care Hospitals",TRUE
50254,"MARSHALL MEDICAL CENTER",95667,"Acute Care Hospitals",TRUE
50257,"GOOD SAMARITAN HOSPITAL",93308,"Acute Care Hospitals",FALSE
50261,"SIERRA VIEW MEDICAL CENTER",93257,"Acute Care Hospitals",TRUE
50262,"RONALD REAGAN U C L A MEDICAL CENTER",90095,"Acute Care Hospitals",TRUE
50272,"REDLANDS COMMUNITY HOSPITAL",92373,"Acute Care Hospitals",TRUE
50276,"CONTRA COSTA REGIONAL MEDICAL CENTER",94553,"Acute Care Hospitals",TRUE
50278,"PROVIDENCE HOLY CROSS MEDICAL CENTER",91346,"Acute Care Hospitals",TRUE
50279,"HI-DESERT MEDICAL CENTER",92252,"Acute Care Hospitals",TRUE
50280,"MERCY MEDICAL CENTER REDDING",96001,"Acute Care Hospitals",TRUE
50281,"ALHAMBRA HOSPITAL MEDICAL CENTER",91801,"Acute Care Hospitals",FALSE
50283,"STANFORD HEALTH CARE - VALLEYCARE",94588,"Acute Care Hospitals",TRUE
50289,"SETON MEDICAL CENTER",94015,"Acute Care Hospitals",TRUE
50290,"PROVIDENCE SAINT JOHN'S HEALTH CENTER",90404,"Acute Care Hospitals",TRUE
50291,"SUTTER SANTA ROSA REGIONAL HOSPITAL",95403,"Acute Care Hospitals",TRUE
50292,"RIVERSIDE UNIVERSITY HEALTH SYSTEM-MEDICAL CENTER",92555,"Acute Care Hospitals",TRUE
50295,"MERCY HOSPITAL",93301,"Acute Care Hospitals",TRUE
50296,"HAZEL HAWKINS MEMORIAL HOSPITAL",95023,"Acute Care Hospitals",FALSE
50298,"BARSTOW COMMUNITY HOSPITAL",92311,"Acute Care Hospitals",TRUE
50300,"ST MARY MEDICAL CENTER",92307,"Acute Care Hospitals",TRUE
50301,"ADVENTIST HEALTH UKIAH VALLEY",95482,"Acute Care Hospitals",TRUE
50305,"ALTA BATES SUMMIT MEDICAL CENTER - ALTA BATES CAMP",94705,"Acute Care Hospitals",TRUE
50308,"EL CAMINO HOSPITAL",94040,"Acute Care Hospitals",TRUE
50309,"SUTTER ROSEVILLE MEDICAL CENTER",95661,"Acute Care Hospitals",TRUE
50313,"SUTTER TRACY COMMUNITY HOSPITAL",95376,"Acute Care Hospitals",TRUE
50315,"KERN MEDICAL CENTER",93306,"Acute Care Hospitals",TRUE
50320,"HIGHLAND HOSPITAL",94602,"Acute Care Hospitals",TRUE
50324,"SCRIPPS MEMORIAL HOSPITAL LA JOLLA",92037,"Acute Care Hospitals",TRUE
50327,"LOMA LINDA UNIVERSITY MEDICAL CENTER",92354,"Acute Care Hospitals",TRUE
50329,"CORONA REGIONAL MEDICAL CENTER",92882,"Acute Care Hospitals",TRUE
50334,"SALINAS VALLEY MEMORIAL HOSPITAL",93901,"Acute Care Hospitals",TRUE
50335,"ADVENTIST HEALTH SONORA",95370,"Acute Care Hospitals",FALSE
50336,"ADVENTIST HEALTH LODI MEMORIAL",95240,"Acute Care Hospitals",FALSE
50342,"PIONEERS MEMORIAL HEALTHCARE DISTRICT",92227,"Acute Care Hospitals",TRUE
50348,"UNIVERSITY OF CALIFORNIA IRVINE MED CENTER",92868,"Acute Care Hospitals",TRUE
50350,"BEVERLY HOSPITAL",90640,"Acute Care Hospitals",TRUE
50351,"TORRANCE MEMORIAL MEDICAL CENTER",90509,"Acute Care Hospitals",TRUE
50352,"BARTON MEMORIAL HOSPITAL",96150,"Acute Care Hospitals",TRUE
50353,"PROVIDENCE LITTLE COMPANY OF MARY MED CTR TORRANCE",90503,"Acute Care Hospitals",FALSE
50357,"GOLETA VALLEY COTTAGE HOSPITAL",93111,"Acute Care Hospitals",TRUE
50360,"MARINHEALTH MEDICAL CENTER",94904,"Acute Care Hospitals",TRUE
50367,"NORTHBAY MEDICAL CENTER",94533,"Acute Care Hospitals",TRUE
50373,"LAC+USC MEDICAL CENTER",90033,"Acute Care Hospitals",TRUE
50376,"LAC/HARBOR-UCLA MED CENTER",90502,"Acute Care Hospitals",TRUE
50378,"PACIFICA HOSPITAL OF THE VALLEY",91352,"Acute Care Hospitals",TRUE
50380,"GOOD SAMARITAN HOSPITAL",95124,"Acute Care Hospitals",TRUE
50382,"EMANATE HEALTH INTER-COMMUNITY HOSPITAL",91723,"Acute Care Hospitals",TRUE
50390,"HEMET VALLEY MEDICAL CENTER",92543,"Acute Care Hospitals",TRUE
50393,"PIH HOSPITAL - DOWNEY",90241,"Acute Care Hospitals",TRUE
50394,"COMMUNITY MEMORIAL HOSPITAL SAN BUENAVENTURA",93003,"Acute Care Hospitals",TRUE
50396,"SANTA BARBARA COTTAGE HOSPITAL",93102,"Acute Care Hospitals",TRUE
50397,"COALINGA REGIONAL MEDICAL CENTER",93210,"Acute Care Hospitals",TRUE
50407,"CHINESE HOSPITAL",94133,"Acute Care Hospitals",TRUE
50411,"KAISER FOUNDATION HOSPITAL - SOUTH BAY",90710,"Acute Care Hospitals",FALSE
50414,"MERCY HOSPITAL OF FOLSOM",95630,"Acute Care Hospitals",TRUE
50417,"SUTTER COAST HOSPITAL",95531,"Acute Care Hospitals",TRUE
50423,"PALO VERDE HOSPITAL",92225,"Acute Care Hospitals",TRUE
50424,"SCRIPPS GREEN HOSPITAL",92037,"Acute Care Hospitals",FALSE
50425,"KAISER FOUNDATION HOSPITAL - SACRAMENTO",95825,"Acute Care Hospitals",TRUE
50426,"WEST ANAHEIM MEDICAL CENTER",92804,"Acute Care Hospitals",TRUE
50438,"HUNTINGTON MEMORIAL HOSPITAL",91109,"Acute Care Hospitals",TRUE
50441,"STANFORD HEALTH CARE",94305,"Acute Care Hospitals",TRUE
50444,"MERCY MEDICAL CENTER",95340,"Acute Care Hospitals",TRUE
50454,"UCSF MEDICAL CENTER",94143,"Acute Care Hospitals",TRUE
50455,"ADVENTIST HEALTH BAKERSFIELD",93301,"Acute Care Hospitals",TRUE
50457,"ST MARY'S MEDICAL CENTER",94117,"Acute Care Hospitals",TRUE
50464,"DOCTORS MEDICAL CENTER",95350,"Acute Care Hospitals",TRUE
50468,"MEMORIAL HOSPITAL OF GARDENA",90247,"Acute Care Hospitals",FALSE
50471,"GOOD SAMARITAN HOSPITAL",90017,"Acute Care Hospitals",FALSE
50481,"WEST HILLS HOSPITAL & MEDICAL CENTER",91307,"Acute Care Hospitals",FALSE
50485,"LONG BEACH MEMORIAL MEDICAL CENTER",90806,"Acute Care Hospitals",FALSE
50488,"EDEN MEDICAL CENTER",94546,"Acute Care Hospitals",TRUE
50492,"CLOVIS COMMUNITY MEDICAL CENTER",93611,"Acute Care Hospitals",TRUE
50496,"JOHN MUIR MEDICAL CENTER - CONCORD CAMPUS",94520,"Acute Care Hospitals",TRUE
50498,"SUTTER AUBURN FAITH HOSPITAL",95603,"Acute Care Hospitals",TRUE
50502,"SAINT VINCENT MEDICAL CENTER",90057,"Acute Care Hospitals",TRUE
50503,"SCRIPPS MEMORIAL HOSPITAL - ENCINITAS",92024,"Acute Care Hospitals",TRUE
50506,"SIERRA VISTA REGIONAL MEDICAL CENTER",93405,"Acute Care Hospitals",TRUE
50510,"KAISER FOUNDATION HOSPITAL",94903,"Acute Care Hospitals",TRUE
50512,"KAISER FOUNDATION HOSPITAL - FREMONT",94538,"Acute Care Hospitals",TRUE
50515,"KAISER FOUNDATION HOSPITAL - ZION",92120,"Acute Care Hospitals",TRUE
50516,"MERCY SAN JUAN MEDICAL CENTER",95608,"Acute Care Hospitals",TRUE
50517,"VICTOR VALLEY GLOBAL MEDICAL CENTER",92392,"Acute Care Hospitals",TRUE
50523,"SUTTER DELTA MEDICAL CENTER",94509,"Acute Care Hospitals",TRUE
50526,"HUNTINGTON BEACH HOSPITAL",92647,"Acute Care Hospitals",TRUE
50528,"MEMORIAL HOSPITAL LOS BANOS",93635,"Acute Care Hospitals",TRUE
50534,"JOHN F KENNEDY MEMORIAL HOSPITAL",92201,"Acute Care Hospitals",TRUE
50537,"SUTTER DAVIS HOSPITAL",95616,"Acute Care Hospitals",TRUE
50541,"KAISER FOUNDATION HOSPITAL - REDWOOD CITY",94063,"Acute Care Hospitals",TRUE
50543,"COLLEGE HOSPITAL COSTA MESA",92627,"Acute Care Hospitals",FALSE
50546,"PORTERVILLE DEVELOPMENTAL CENTER",93257,"Acute Care Hospitals",FALSE
50547,"SONOMA DEVELOPMENTAL CENTER",95431,"Acute Care Hospitals",FALSE
50548,"FAIRVIEW DEVELOPMENTAL CENTER",92626,"Acute Care Hospitals",FALSE
50549,"LOS ROBLES HOSPITAL & MEDICAL CENTER",91360,"Acute Care Hospitals",FALSE
50551,"LOS ALAMITOS MEDICAL CENTER",90720,"Acute Care Hospitals",TRUE
50557,"MEMORIAL MEDICAL CENTER",95355,"Acute Care Hospitals",TRUE
50561,"KAISER FOUNDATION HOSPITAL - WEST LA",90034,"Acute Care Hospitals",FALSE
50567,"MISSION HOSPITAL REGIONAL MED CENTER",92691,"Acute Care Hospitals",TRUE
50568,"MADERA COMMUNITY HOSPITAL",93637,"Acute Care Hospitals",FALSE
50570,"FOUNTAIN VALLEY REGIONAL HOSPITAL & MEDICAL CENTER",92708,"Acute Care Hospitals",TRUE
50573,"EISENHOWER MEDICAL CENTER",92270,"Acute Care Hospitals",TRUE
50580,"LA PALMA INTERCOMMUNITY HOSPITAL",90623,"Acute Care Hospitals",FALSE
50581,"LAKEWOOD REGIONAL MEDICAL CENTER",90712,"Acute Care Hospitals",TRUE
50586,"CHINO VALLEY MEDICAL CENTER",91710,"Acute Care Hospitals",TRUE
50588,"SAN DIMAS COMMUNITY HOSPITAL",91773,"Acute Care Hospitals",TRUE
50589,"PLACENTIA LINDA HOSPITAL",92870,"Acute Care Hospitals",TRUE
50590,"METHODIST HOSPITAL OF SACRAMENTO",95823,"Acute Care Hospitals",TRUE
50597,"EMANATE HEALTH FOOTHILL PRESBYTERIAN HOSPITAL",91740,"Acute Care Hospitals",FALSE
50603,"MEMORIALCARE SADDLEBACK MEDICAL CENTER",92653,"Acute Care Hospitals",TRUE
50604,"KAISER FOUNDATION HOSPITAL-SAN JOSE",95119,"Acute Care Hospitals",TRUE
50608,"DELANO REGIONAL MEDICAL CENTER",93215,"Acute Care Hospitals",TRUE
50609,"KAISER FOUNDATION HOSPITAL - ORANGE COUNTY - ANAHE",92806,"Acute Care Hospitals",TRUE
50616,"ST JOHNS PLEASANT VALLEY HOSPITAL",93010,"Acute Care Hospitals",TRUE
50624,"HENRY MAYO NEWHALL  HOSPITAL",91355,"Acute Care Hospitals",FALSE
50625,"CEDARS-SINAI MEDICAL CENTER",90048,"Acute Care Hospitals",TRUE
50633,"TWIN CITIES COMMUNITY HOSPITAL",93465,"Acute Care Hospitals",TRUE
50636,"POMERADO HOSPITAL",92064,"Acute Care Hospitals",TRUE
50641,"EAST LOS ANGELES DOCTORS HOSPITAL",90023,"Acute Care Hospitals",FALSE
50663,"LOS ANGELES COMMUNITY HOSPITAL",90023,"Acute Care Hospitals",TRUE
50668,"LAGUNA HONDA HOSPITAL & REHABILITATION CENTER",94116,"Acute Care Hospitals",FALSE
50674,"KAISER FOUNDATION HOSP SO SACRAMENTO",95823,"Acute Care Hospitals",TRUE
50677,"KAISER FOUNDATION HOSPITAL - WOODLAND HILLS",91367,"Acute Care Hospitals",FALSE
50678,"MEMORIALCARE ORANGE COAST MEDICAL CENTER",92708,"Acute Care Hospitals",TRUE
50684,"MENIFEE GLOBAL MEDICAL CENTER",92585,"Acute Care Hospitals",FALSE
50686,"KAISER FOUNDATION HOSPITAL RIVERSIDE",92505,"Acute Care Hospitals",TRUE
50688,"ST LOUISE REGIONAL HOSPITAL",95020,"Acute Care Hospitals",TRUE
50689,"SAN RAMON REGIONAL MEDICAL CENTER",94583,"Acute Care Hospitals",TRUE
50690,"KAISER FOUNDATION HOSPITAL-SANTA ROSA",95403,"Acute Care Hospitals",TRUE
50696,"KECK HOSPITAL OF USC",90033,"Acute Care Hospitals",FALSE
50697,"PATIENTS' HOSPITAL OF REDDING",96001,"Acute Care Hospitals",FALSE
50701,"SOUTHWEST HEALTHCARE SYSTEM",92562,"Acute Care Hospitals",TRUE
50704,"MISSION COMMUNITY HOSPITAL",91402,"Acute Care Hospitals",FALSE
50708,"FRESNO SURGICAL HOSPITAL",93710,"Acute Care Hospitals",FALSE
50709,"DESERT VALLEY HOSPITAL",92395,"Acute Care Hospitals",TRUE
50710,"KAISER FOUNDATION HOSPITAL - FRESNO",93720,"Acute Care Hospitals",TRUE
50714,"SUTTER MATERNITY & SURGERY CENTER OF SANTA CRUZ",95065,"Acute Care Hospitals",FALSE
50717,"LAC/RANCHO LOS AMIGOS NATIONAL REHABILITATION  CTR",90242,"Acute Care Hospitals",FALSE
50723,"KAISER FOUNDATION HOSPITAL - BALDWIN PARK",91706,"Acute Care Hospitals",FALSE
50724,"BAKERSFIELD HEART HOSPITAL",93308,"Acute Care Hospitals",TRUE
50726,"STANISLAUS SURGICAL HOSPITAL",95355,"Acute Care Hospitals",FALSE
50735,"WHITTIER HOSPITAL MEDICAL CENTER",90605,"Acute Care Hospitals",TRUE
50736,"MONTEREY PARK HOSPITAL",91754,"Acute Care Hospitals",FALSE
50737,"GARFIELD MEDICAL CENTER",91754,"Acute Care Hospitals",TRUE
50738,"GREATER EL MONTE COMMUNITY HOSPITAL",91733,"Acute Care Hospitals",FALSE
50739,"CENTINELA HOSPITAL MEDICAL CENTER",90301,"Acute Care Hospitals",FALSE
50740,"CEDAR-SINAI MARINA DEL REY HOSPITAL",90291,"Acute Care Hospitals",FALSE
50742,"OLYMPIA MEDICAL CENTER",90036,"Acute Care Hospitals",FALSE
50744,"ANAHEIM GLOBAL MEDICAL CENTER",92805,"Acute Care Hospitals",FALSE
50745,"CHAPMAN GLOBAL MEDICAL CENTER",92869,"Acute Care Hospitals",TRUE
50746,"ORANGE COUNTY GLOBAL MEDICAL CENTER",92705,"Acute Care Hospitals",TRUE
50747,"SOUTH COAST GLOBAL MEDICAL CENTER",92704,"Acute Care Hospitals",TRUE
50748,"KAISER FOUNDATION HOSPITAL MANTECA",95337,"Acute Care Hospitals",TRUE
50751,"MIRACLEMILE MEDICAL CENTER",90036,"Acute Care Hospitals",FALSE
50754,"MENLO PARK SURGICAL HOSPITAL",94025,"Acute Care Hospitals",FALSE
50755,"SHERMAN OAKS HOSPITAL",91403,"Acute Care Hospitals",TRUE
50757,"ALVARADO HOSPITAL MEDICAL CENTER",92120,"Acute Care Hospitals",TRUE
50758,"MONTCLAIR HOSPITAL MEDICAL CENTER",91763,"Acute Care Hospitals",TRUE
50760,"KAISER FOUNDATION HOSPITAL - ANTIOCH",94531,"Acute Care Hospitals",TRUE
50761,"PROVIDENCE TARZANA MEDICAL CENTER",91356,"Acute Care Hospitals",TRUE
50763,"L A DOWNTOWN MEDICAL CENTER",90026,"Acute Care Hospitals",FALSE
50764,"SHASTA REGIONAL MEDICAL CENTER",96001,"Acute Care Hospitals",TRUE
50765,"KAISER FOUNDATION HOSPITAL-MORENO VALLEY",92555,"Acute Care Hospitals",TRUE
50766,"SUTTER SURGICAL HOSPITAL - NORTH VALLEY",95991,"Acute Care Hospitals",FALSE
50767,"KAISER FOUNDATION HOSPITAL - VACAVILLE",95688,"Acute Care Hospitals",TRUE
50769,"HOAG ORTHOPEDIC INSTITUTE",92618,"Acute Care Hospitals",FALSE
50770,"LOMA LINDA UNIVERSITY MEDICAL CENTER-MURRIETA",92563,"Acute Care Hospitals",TRUE
50771,"COAST PLAZA HOSPITAL",90650,"Acute Care Hospitals",TRUE
50772,"KAISER FOUNDATION HOSPITAL - ROSEVILLE",95661,"Acute Care Hospitals",TRUE
50773,"SAN LEANDRO HOSPITAL",94578,"Acute Care Hospitals",TRUE
50775,"TEMECULA VALLEY HOSPITAL",92592,"Acute Care Hospitals",TRUE
50776,"COLLEGE MEDICAL CENTER",90806,"Acute Care Hospitals",TRUE
50777,"KAISER FOUNDATION HOSPITAL - SAN LEANDRO",94577,"Acute Care Hospitals",TRUE
50778,"LOMA LINDA UNIVERSITY CHILDREN'S HOSPITAL",92354,"Acute Care Hospitals",FALSE
50779,"MARTIN LUTHER KING JR. COMMUNITY HOSPITAL",90059,"Acute Care Hospitals",TRUE
50780,"FOOTHILL REGIONAL MEDICAL CENTER",92780,"Acute Care Hospitals",FALSE
50781,"SONOMA SPECIALTY HOSPITAL",95472,"Acute Care Hospitals",TRUE
50782,"CASA COLINA HOSPITAL",91767,"Acute Care Hospitals",FALSE
50783,"COLUSA MEDICAL CENTER",95932,"Acute Care Hospitals",TRUE
50784,"ADVENTIST HEALTH TULARE",93274,"Acute Care Hospitals",TRUE
51300,"EASTERN PLUMAS HOSPITAL - PORTOLA CAMPUS",96122,"Critical Access Hospitals",TRUE
51301,"ADVENTIST HEALTH TEHACHAPI VALLEY",93561,"Critical Access Hospitals",TRUE
51302,"SOUTHERN INYO HOSPITAL",93545,"Critical Access Hospitals",TRUE
51303,"MAMMOTH HOSPITAL",93546,"Critical Access Hospitals",TRUE
51304,"JOHN C FREMONT HEALTHCARE DISTRICT",95338,"Critical Access Hospitals",TRUE
51305,"MAYERS MEMORIAL HOSPITAL",96028,"Critical Access Hospitals",TRUE
51306,"GLENN MEDICAL CENTER",95988,"Critical Access Hospitals",TRUE
51307,"CATALINA ISLAND MEDICAL CENTER",90704,"Critical Access Hospitals",TRUE
51308,"SURPRISE VALLEY COMMUNITY HOSPITAL",96104,"Critical Access Hospitals",TRUE
51309,"JEROLD PHELPS COMMUNITY HOSPITAL",95542,"Critical Access Hospitals",TRUE
51310,"ADVENTIST HEALTH HOWARD MEMORIAL",95490,"Critical Access Hospitals",TRUE
51311,"ORCHARD HOSPITAL",95948,"Critical Access Hospitals",TRUE
51312,"MOUNTAINS COMMUNITY HOSPITAL",92352,"Critical Access Hospitals",TRUE
51314,"KERN VALLEY HEALTHCARE DISTRICT",93240,"Critical Access Hospitals",TRUE
51315,"TRINITY HOSPITAL",96093,"Critical Access Hospitals",TRUE
51316,"FAIRCHILD MEDICAL CENTER",96097,"Critical Access Hospitals",TRUE
51317,"ADVENTIST HEALTH CLEARLAKE",95422,"Critical Access Hospitals",TRUE
51318,"REDWOOD MEMORIAL HOSPITAL",95540,"Critical Access Hospitals",TRUE
51319,"MERCY MEDICAL CENTER MT SHASTA",96067,"Critical Access Hospitals",TRUE
51320,"BANNER LASSEN MEDICAL CENTER",96130,"Critical Access Hospitals",TRUE
51321,"HEALDSBURG DISTRICT HOSPITAL",95448,"Critical Access Hospitals",TRUE
51323,"COLORADO RIVER MEDICAL CENTER",92363,"Critical Access Hospitals",TRUE
51324,"NORTHERN INYO HOSPITAL",93514,"Critical Access Hospitals",TRUE
51325,"MENDOCINO COAST DISTRICT HOSPITAL",95437,"Critical Access Hospitals",TRUE
51326,"PLUMAS DISTRICT HOSPITAL",95971,"Critical Access Hospitals",TRUE
51327,"SENECA DISTRICT HOSPITAL",96020,"Critical Access Hospitals",TRUE
51328,"TAHOE FOREST HOSPITAL",96161,"Critical Access Hospitals",TRUE
51329,"SUTTER LAKESIDE HOSPITAL",95453,"Critical Access Hospitals",TRUE
51330,"MODOC MEDICAL CENTER",96101,"Critical Access Hospitals",TRUE
51331,"SANTA YNEZ VALLEY COTTAGE HOSPITAL",93463,"Critical Access Hospitals",TRUE
51332,"MARK TWAIN MEDICAL CENTER",95249,"Critical Access Hospitals",FALSE
51333,"RIDGECREST REGIONAL HOSPITAL",93555,"Critical Access Hospitals",TRUE
51334,"OJAI VALLEY COMMUNITY HOSPITAL",93023,"Critical Access Hospitals",TRUE
51335,"BEAR VALLEY COMMUNITY HOSPITAL",92315,"Critical Access Hospitals",FALSE
53300,"VALLEY CHILDREN'S HOSPITAL",93636,Childrens,TRUE
53301,"CHILDREN'S HOSPITAL & RESEARCH CENTER OAKLAND",94609,Childrens,TRUE
53302,"CHILDREN'S HOSP OF LOS ANGELES",90027,Childrens,TRUE
53303,"RADY CHILDREN'S HOSPITAL - SAN DIEGO",92123,Childrens,FALSE
53304,"CHILDREN'S HOSPITAL OF ORANGE COUNTY",92868,Childrens,FALSE
53305,"LUCILE SALTER PACKARD CHILDREN'S HSP AT STANFORD",94304,Childrens,FALSE
53306,"CHILDREN'S HOSPITAL AT MISSION",92691,Childrens,TRUE
53308,"HEALTHBRIDGE CHILDREN'S HOSPITAL - ORANGE",92866,Childrens,FALSE
53309,"MEMORIAL CARE MILLER CHILDREN'S &  WOMEN'S HOSP LB",90806,Childrens,FALSE
53310,"SHRINERS HOSPITALS FOR CHILDREN",90020,Childrens,FALSE
53311,"SHRINERS HOSPITALS FOR CHILDREN NORTHERN CALIF",95817,Childrens,FALSE
54009,"RESNICK NEUROPSYCHIATRIC HOSPITAL AT UCLA",90095,Psychiatric,TRUE
54028,"GATEWAYS HOSP  MENTAL HEALTH CTR",90026,Psychiatric,FALSE
54032,"BHC ALHAMBRA HOSP",91770,Psychiatric,FALSE
54053,"DEL AMO HOSPITAL",90505,Psychiatric,TRUE
54055,"COLLEGE HOSPITAL",90703,Psychiatric,FALSE
54069,"AURORA CHARTER OAK",91724,Psychiatric,FALSE
54074,"ADVENTIST HEALTH VALLEJO",94590,Psychiatric,FALSE
54075,"ALVARADO PARKWAY INSTITUTE BEHAVIORAL HEALTH SYSTE",91942,Psychiatric,FALSE
54077,"AURORA VISTA DEL MAR HOSPITAL",93001,Psychiatric,FALSE
54078,"AURORA LAS ENCINAS HOSPITAL",91107,Psychiatric,FALSE
54087,"SIERRA VISTA HOSPITAL INC",95823,Psychiatric,FALSE
54089,"JEWISH HOME & REHAB CENTER",94112,Psychiatric,FALSE
54093,"LOMA LINDA UNIVERSITY BEHAVIORAL MED CTR",92373,Psychiatric,FALSE
54095,"AURORA SAN DIEGO",92128,Psychiatric,FALSE
54096,"SUTTER CENTER FOR PSYCHIATRY",95826,Psychiatric,FALSE
54104,"HERITAGE OAKS HOSPITAL",95841,Psychiatric,TRUE
54110,"FREMONT HOSPITAL",94538,Psychiatric,FALSE
54111,"CANYON RIDGE HOSPITAL",91710,Psychiatric,FALSE
54122,"DEPT OF STATE HOSPITALS - NAPA",94558,Psychiatric,FALSE
54123,"ST JOSEPH'S BEHAVIORAL HEALTH CENTER",95204,Psychiatric,FALSE
54124,SEMPERVIRENS,95501,Psychiatric,FALSE
54125,"SANTA BARBARA COUNTY PSYCHIATRIC HEALTH FACILITY",93110,Psychiatric,FALSE
54130,"PACIFIC GROVE HOSPITAL",92506,Psychiatric,FALSE
54131,"JOHN MUIR BEHAVIORAL HEALTH CENTER",94524,Psychiatric,TRUE
54133,"DEPT OF STATE HOSPITALS - METROPOLITAN - PSY",90650,Psychiatric,TRUE
54135,"NEWPORT BAY HOSPITAL",92663,Psychiatric,FALSE
54144,"LANGLEY PORTER PSYCHIATRIC INSTITUTE",94143,Psychiatric,FALSE
54145,"SHARP MESA VISTA HOSPITAL",92123,Psychiatric,FALSE
54146,"TELECARE HERITAGE PSYCHIATRIC HEALTH FACILITY",94601,Psychiatric,FALSE
54147,"JOYCE EISENBERG KEEFER MEDICAL CENTER",91335,Psychiatric,FALSE
54148,"TARZANA TREATMENT CENTER",91356,Psychiatric,FALSE
54149,"WILLOW ROCK CENTER",94578,Psychiatric,FALSE
54150,"KAISER PERMANENTE PSYCHIATRIC HEALTH FACILITY-SANT",95051,Psychiatric,TRUE
54151,"AURORA BEHAVIORAL HEALTHCARE-SANTA ROSA LLC",95401,Psychiatric,TRUE
54152,"SANTA CRUZ COUNTY PSYCHIATRIC HEALTH FACILITY",95062,Psychiatric,FALSE
54153,"OCEAN VIEW PSYCHIATRIC HEALTH FACILITY",90806,Psychiatric,FALSE
54154,"SAN JOSE BEHAVIORAL HEALTH",95138,Psychiatric,FALSE
54155,"BAKERSFIELD BEHAVIORAL HEALTHCARE HOSPITAL LLC",93309,Psychiatric,FALSE
60001,"NORTH COLORADO MEDICAL CENTER",80631,"Acute Care Hospitals",TRUE
60003,"LONGMONT UNITED HOSPITAL",80501,"Acute Care Hospitals",TRUE
60004,"PLATTE VALLEY MEDICAL CENTER",80601,"Acute Care Hospitals",TRUE
60006,"MONTROSE MEMORIAL HOSPITAL",81401,"Acute Care Hospitals",TRUE
60008,"SAN LUIS VALLEY HEALTH",81101,"Acute Care Hospitals",TRUE
60009,"LUTHERAN MEDICAL CENTER",80033,"Acute Care Hospitals",TRUE
60010,"POUDRE VALLEY HOSPITAL",80524,"Acute Care Hospitals",TRUE
60011,"DENVER HEALTH MEDICAL CENTER",80204,"Acute Care Hospitals",TRUE
60012,"CENTURA HEALTH-ST MARY CORWIN MEDICAL CENTER",81004,"Acute Care Hospitals",TRUE
60013,"MERCY REGIONAL MEDICAL CENTER",81301,"Acute Care Hospitals",TRUE
60014,"PRESBYTERIAN ST LUKES MEDICAL CENTER",80218,"Acute Care Hospitals",TRUE
60015,"CENTURA HEALTH-ST ANTHONY HOSPITAL",80228,"Acute Care Hospitals",TRUE
60020,"PARKVIEW MEDICAL CENTER INC",81003,"Acute Care Hospitals",TRUE
60022,"UNIVERSITY COLO HEALTH MEMORIAL HOSPITAL CENTRAL",80909,"Acute Care Hospitals",TRUE
60023,"ST MARYS MEDICAL CENTER",81502,"Acute Care Hospitals",TRUE
60024,"UNIVERSITY OF COLORADO HOSPITAL AUTHORITY",80045,"Acute Care Hospitals",TRUE
60027,"FOOTHILLS HOSPITAL",80303,"Acute Care Hospitals",TRUE
60028,"SAINT JOSEPH HOSPITAL",80218,"Acute Care Hospitals",TRUE
60030,"MCKEE MEDICAL CENTER",80538,"Acute Care Hospitals",TRUE
60031,"CENTURA HEALTH-PENROSE-ST FRANCIS HEALTH SERVICES",80907,"Acute Care Hospitals",TRUE
60032,"ROSE MEDICAL CENTER",80220,"Acute Care Hospitals",TRUE
60034,"SWEDISH MEDICAL CENTER",80113,"Acute Care Hospitals",TRUE
60044,"COLORADO PLAINS MEDICAL CENTER",80701,"Acute Care Hospitals",TRUE
60049,"UCHEALTH YAMPA VALLEY MEDICAL CENTER",80487,"Acute Care Hospitals",TRUE
60054,"COMMUNITY HOSPITAL",81505,"Acute Care Hospitals",TRUE
60064,"CENTURA HEALTH-PORTER ADVENTIST HOSPITAL",80210,"Acute Care Hospitals",TRUE
60065,"NORTH SUBURBAN MEDICAL CENTER",80229,"Acute Care Hospitals",TRUE
60071,"DELTA COUNTY MEMORIAL HOSPITAL",81416,"Acute Care Hospitals",TRUE
60075,"VALLEY VIEW HOSPITAL ASSOCIATION",81601,"Acute Care Hospitals",TRUE
60076,"STERLING REGIONAL MEDCENTER",80751,"Acute Care Hospitals",TRUE
60096,"VAIL HEALTH HOSPITAL",81657,"Acute Care Hospitals",TRUE
60100,"MEDICAL CENTER OF AURORA THE",80012,"Acute Care Hospitals",TRUE
60103,"CENTURA HEALTH-AVISTA ADVENTIST HOSPITAL",80027,"Acute Care Hospitals",TRUE
60104,"ST ANTHONY NORTH HEALTH CAMPUS",80023,"Acute Care Hospitals",TRUE
60107,"NATIONAL JEWISH HEALTH",80206,"Acute Care Hospitals",TRUE
60112,"SKY RIDGE MEDICAL CENTER",80124,"Acute Care Hospitals",TRUE
60113,"CENTURA HEALTH-LITTLETON ADVENTIST HOSPITAL",80122,"Acute Care Hospitals",TRUE
60114,"PARKER ADVENTIST HOSPITAL",80138,"Acute Care Hospitals",TRUE
60116,"GOOD SAMARITAN MEDICAL CENTER",80026,"Acute Care Hospitals",TRUE
60117,"ANIMAS SURGICAL HOSPITAL LLC",81301,"Acute Care Hospitals",TRUE
60118,"ST ANTHONY SUMMIT MEDICAL CENTER",80443,"Acute Care Hospitals",FALSE
60119,"MEDICAL CENTER OF THE ROCKIES",80538,"Acute Care Hospitals",TRUE
60124,"ORTHOCOLORADO HOSPITAL AT ST ANTHONY MED CAMPUS",80228,"Acute Care Hospitals",TRUE
60125,"CASTLE ROCK ADVENTIST HOSPITAL",80109,"Acute Care Hospitals",TRUE
60126,"BANNER FORT COLLINS MEDICAL CENTER",80528,"Acute Care Hospitals",TRUE
60128,"LONGS PEAK HOSPITAL",80504,"Acute Care Hospitals",TRUE
60129,"UCHEALTH BROOMFIELD HOSPITAL",80021,"Acute Care Hospitals",TRUE
60130,"UCHEALTH GRANDVIEW HOSPITAL",80918,"Acute Care Hospitals",TRUE
61300,"WEISBROD MEMORIAL COUNTY HOSPITAL",81036,"Critical Access Hospitals",TRUE
61301,"RIO GRANDE HOSPITAL",81132,"Critical Access Hospitals",TRUE
61302,"COLORADO CANYONS HOSPITAL AND MEDICAL CENTER",81521,"Critical Access Hospitals",TRUE
61303,"EAST MORGAN COUNTY HOSPITAL",80723,"Critical Access Hospitals",TRUE
61304,"HAXTUN HOSPITAL DISTRICT",80731,"Critical Access Hospitals",TRUE
61305,"MELISSA MEMORIAL HOSPITAL",80734,"Critical Access Hospitals",TRUE
61306,"LINCOLN COMMUNITY HOSPITAL",80821,"Critical Access Hospitals",TRUE
61307,"RANGELY DISTRICT HOSPITAL",81648,"Critical Access Hospitals",TRUE
61308,"SAN LUIS VALLEY HEALTH CONEJOS COUNTY HOSPITAL",81140,"Critical Access Hospitals",TRUE
61309,"WRAY COMMUNITY DISTRICT HOSPITAL",80758,"Critical Access Hospitals",TRUE
61310,"SEDGWICK COUNTY MEMORIAL HOSPITAL",80737,"Critical Access Hospitals",FALSE
61311,"SOUTHEAST COLORADO HOSPITAL",81073,"Critical Access Hospitals",TRUE
61312,"ESTES PARK MEDICAL CENTER",80517,"Critical Access Hospitals",TRUE
61313,"KIT CARSON COUNTY MEMORIAL HOSPITAL",80807,"Critical Access Hospitals",TRUE
61314,"MEMORIAL HOSPITAL THE",81625,"Critical Access Hospitals",TRUE
61315,"YUMA DISTRICT HOSPITAL",80759,"Critical Access Hospitals",TRUE
61316,"SPANISH PEAKS REGIONAL HEALTH CENTER",81089,"Critical Access Hospitals",TRUE
61317,"GRAND RIVER MEDICAL CENTER",81650,"Critical Access Hospitals",TRUE
61318,"MIDDLE PARK MEDICAL CENTER",80459,"Critical Access Hospitals",TRUE
61319,"ST VINCENT GENERAL HOSPITAL DISTRICT",80461,"Critical Access Hospitals",TRUE
61320,"GUNNISON VALLEY HOSPITAL",81230,"Critical Access Hospitals",TRUE
61321,"MT SAN RAFAEL HOSPITAL",81082,"Critical Access Hospitals",TRUE
61322,"HEART OF THE ROCKIES REGIONAL MEDICAL CENTER",81201,"Critical Access Hospitals",TRUE
61323,"PROWERS MEDICAL CENTER",81052,"Critical Access Hospitals",TRUE
61324,"ASPEN VALLEY HOSPITAL",81611,"Critical Access Hospitals",TRUE
61325,"PIONEERS MEDICAL CENTER",81641,"Critical Access Hospitals",TRUE
61326,"UCHEALTH PIKES PEAK REGIONAL HOSPITAL",80863,"Critical Access Hospitals",TRUE
61327,"SOUTHWEST MEMORIAL HOSPITAL",81321,"Critical Access Hospitals",TRUE
61328,"PAGOSA SPRINGS MEDICAL CENTER",81147,"Critical Access Hospitals",TRUE
61336,"ARKANSAS VALLEY REGIONAL MEDICAL CENTER",81050,"Critical Access Hospitals",TRUE
61343,"KEEFE MEMORIAL HOSPITAL",80810,"Critical Access Hospitals",TRUE
61344,"CENTURA HEALTH-ST THOMAS MORE HOSPITAL",81212,"Critical Access Hospitals",TRUE
63301,"CHILDREN'S HOSPITAL COLORADO",80045,Childrens,TRUE
64001,"COLORADO MENTAL HEALTH INSTITUTE AT PUEBLO-PSYCH",81003,Psychiatric,TRUE
64003,"COLORADO MENTAL HEALTH INSTITUTE AT FT LOGAN",80236,Psychiatric,FALSE
64007,"CENTENNIAL PEAKS HOSPITAL",80027,Psychiatric,FALSE
64009,"CEDAR SPRINGS BEHAVIORAL HEALTH SYSTEM",80906,Psychiatric,TRUE
64023,"WEST SPRINGS HOSPITAL",81501,Psychiatric,FALSE
64024,"HIGHLANDS BEHAVIORAL HEALTH SYSTEM",80130,Psychiatric,FALSE
64026,"PEAK VIEW BEHAVIORAL HEALTH",80923,Psychiatric,FALSE
64027,"CLEAR VIEW BEHAVIORAL HEALTH",80534,Psychiatric,FALSE
64028,"DENVER SPRINGS",80112,Psychiatric,FALSE
70002,"ST FRANCIS HOSPITAL & MEDICAL CENTER",06105,"Acute Care Hospitals",TRUE
70003,"DAY KIMBALL HOSPITAL",06260,"Acute Care Hospitals",TRUE
70004,"SHARON HOSPITAL",06069,"Acute Care Hospitals",TRUE
70005,"WATERBURY HOSPITAL",06721,"Acute Care Hospitals",TRUE
70006,"STAMFORD HOSPITAL",06904,"Acute Care Hospitals",TRUE
70007,"LAWRENCE & MEMORIAL HOSPITAL",06320,"Acute Care Hospitals",TRUE
70008,"JOHNSON MEMORIAL HOSPITAL",06076,"Acute Care Hospitals",TRUE
70010,"BRIDGEPORT HOSPITAL",06610,"Acute Care Hospitals",TRUE
70011,"CHARLOTTE HUNGERFORD HOSPITAL",06790,"Acute Care Hospitals",TRUE
70012,"ROCKVILLE GENERAL HOSPITAL",06066,"Acute Care Hospitals",TRUE
70016,"SAINT MARY'S HOSPITAL",06706,"Acute Care Hospitals",TRUE
70017,"MIDSTATE MEDICAL CENTER",06450,"Acute Care Hospitals",TRUE
70018,"GREENWICH HOSPITAL ASSOCIATION -,06830","Acute Care Hospitals","Voluntary non-profit - Private",TRUE
70019,"MILFORD HOSPITAL INC",06460,"Acute Care Hospitals",TRUE
70020,"MIDDLESEX HOSPITAL",06457,"Acute Care Hospitals",TRUE
70021,"WINDHAM COMM MEM HOSP & HATCH HOSP",06226,"Acute Care Hospitals",TRUE
70022,"YALE-NEW HAVEN HOSPITAL",06504,"Acute Care Hospitals",TRUE
70024,"WILLIAM W BACKUS HOSPITAL",06360,"Acute Care Hospitals",TRUE
70025,"HARTFORD HOSPITAL",06102,"Acute Care Hospitals",TRUE
70027,"MANCHESTER MEMORIAL HOSPITAL",06040,"Acute Care Hospitals",TRUE
70028,"ST VINCENT'S MEDICAL CENTER",06606,"Acute Care Hospitals",TRUE
70029,"BRISTOL HOSPITAL",06010,"Acute Care Hospitals",TRUE
70031,"GRIFFIN HOSPITAL",06418,"Acute Care Hospitals",TRUE
70033,"DANBURY HOSPITAL",06810,"Acute Care Hospitals",TRUE
70034,"NORWALK HOSPITAL",06856,"Acute Care Hospitals",TRUE
70035,"HOSPITAL OF CENTRAL CONNECTICUT THE",06050,"Acute Care Hospitals",TRUE
70036,"JOHN DEMPSEY HOSPITAL",06032,"Acute Care Hospitals",TRUE
70038,"CONNECTICUT HOSPICE INC",06405,"Acute Care Hospitals",FALSE
70039,"MASONICARE HEALTH CENTER",06492,"Acute Care Hospitals",FALSE
70040,"HEBREW HOME AND HOSPITAL INC",06117,"Acute Care Hospitals",FALSE
73300,"CONNECTICUT CHILDRENS MEDICAL CENTER",06106,Childrens,TRUE
74003,"CONNECTICUT VALLEY HOSP",06457,Psychiatric,FALSE
74008,"NATCHAUG HOSPITAL",06250,Psychiatric,FALSE
74011,"CONNECTICUT MENTAL HEALTH CENTER",06508,Psychiatric,FALSE
74012,"SOUTHWEST CONNECTICUT MENTAL HEALTH",06610,Psychiatric,FALSE
74014,"SILVER HILL HOSPITAL INC",06840,Psychiatric,FALSE
74015,"ALBERT J SOLNIT CHILDREN'S CENTER - SOUTH CAMPUS",06457,Psychiatric,FALSE
80001,"CHRISTIANA CARE HEALTH SERVICES INC.,19718","Acute Care Hospitals","Voluntary non-profit - Private",TRUE
80003,"ST FRANCIS HOSPITAL",19805,"Acute Care Hospitals",TRUE
80004,"BAYHEALTH HOSPITAL KENT CAMPUS",19901,"Acute Care Hospitals",TRUE
80006,"NANTICOKE MEMORIAL HOSPITAL",19973,"Acute Care Hospitals",TRUE
80007,"BEEBE MEDICAL CENTER",19958,"Acute Care Hospitals",TRUE
80009,"BAYHEALTH HOSPITAL SUSSEX CAMPUS",19963,"Acute Care Hospitals",TRUE
83300,"ALFRED I DUPONT HOSPITAL FOR CHILDREN",19899,Childrens,TRUE
84001,"DELAWARE PSYCHIATRIC CENTER",19720,Psychiatric,FALSE
84002,"ROCKFORD CENTER",19713,Psychiatric,TRUE
84003,"MEADOWWOOD BEHAVIORAL HEALTH SYSTEM",19720,Psychiatric,FALSE
84004,"DOVER BEHAVIORAL HEALTH SYSTEM",19901,Psychiatric,FALSE
84005,"SUN BEHAVIORAL DELAWARE LLC",19947,Psychiatric,FALSE
90001,"GEORGE WASHINGTON UNIV HOSPITAL",20037,"Acute Care Hospitals",TRUE
90003,"HOWARD UNIVERSITY HOSPITAL",20060,"Acute Care Hospitals",TRUE
90004,"MEDSTAR GEORGETOWN UNIVERSITY HOSPITAL",20007,"Acute Care Hospitals",TRUE
90005,"SIBLEY MEMORIAL HOSPITAL",20016,"Acute Care Hospitals",TRUE
90008,"UNITED MEDICAL CENTER",20032,"Acute Care Hospitals",TRUE
90011,"MEDSTAR WASHINGTON HOSPITAL CENTER",20010,"Acute Care Hospitals",TRUE
93300,"CHILDREN'S HOSPITAL NMC",20010,Childrens,TRUE
94001,"ST ELIZABETHS HOSPITAL",20032,Psychiatric,FALSE
94004,"PSYCHIATRIC INSTITUTE OF WASHINGTON DC",20016,Psychiatric,FALSE
100001,"UF HEALTH JACKSONVILLE",32209,"Acute Care Hospitals",TRUE
100002,"BETHESDA HOSPITAL EAST",33435,"Acute Care Hospitals",TRUE
100006,"ORLANDO HEALTH ORLANDO REGIONAL MEDICAL CENTER",32806,"Acute Care Hospitals",TRUE
100007,"ADVENTHEALTH ORLANDO",32803,"Acute Care Hospitals",TRUE
100008,"BAPTIST HOSPITAL OF MIAMI",33176,"Acute Care Hospitals",TRUE
100012,"LEE MEMORIAL HOSPITAL",33901,"Acute Care Hospitals",TRUE
100014,"ADVENTHEALTH NEW SMYRNA BEACH",32170,"Acute Care Hospitals",TRUE
100017,"HALIFAX HEALTH MEDICAL CENTER",32114,"Acute Care Hospitals",TRUE
100018,"NAPLES COMMUNITY HOSPITAL",34102,"Acute Care Hospitals",TRUE
100019,"HOLMES REGIONAL MEDICAL CENTER",32901,"Acute Care Hospitals",TRUE
100022,"JACKSON MEMORIAL HOSPITAL",33136,"Acute Care Hospitals",TRUE
100023,"CITRUS MEMORIAL HOSPITAL",34452,"Acute Care Hospitals",TRUE
100025,"ASCENSION SACRED HEART PENSACOLA",32504,"Acute Care Hospitals",TRUE
100026,"ASCENSION SACRED HEART BAY",32401,"Acute Care Hospitals",TRUE
100028,"PARRISH MEDICAL CENTER",32796,"Acute Care Hospitals",TRUE
100029,"NORTH SHORE MEDICAL CENTER",33150,"Acute Care Hospitals",TRUE
100030,"HEALTH CENTRAL",34761,"Acute Care Hospitals",TRUE
100032,"BAYFRONT HEALTH - ST PETERSBURG",33701,"Acute Care Hospitals",TRUE
100034,"MOUNT SINAI MEDICAL CENTER",33140,"Acute Care Hospitals",TRUE
100035,"MANATEE MEMORIAL HOSPITAL",34208,"Acute Care Hospitals",TRUE
100038,"MEMORIAL REGIONAL HOSPITAL",33021,"Acute Care Hospitals",FALSE
100039,"BROWARD HEALTH MEDICAL CENTER",33316,"Acute Care Hospitals",TRUE
100040,"ASCENSION ST VINCENT'S RIVERSIDE",32204,"Acute Care Hospitals",TRUE
100043,"MEASE DUNEDIN HOSPITAL",34698,"Acute Care Hospitals",TRUE
100044,"CLEVELAND CLINIC MARTIN NORTH HOSPITAL",34995,"Acute Care Hospitals",TRUE
100045,"ADVENTHEALTH DELAND",32720,"Acute Care Hospitals",TRUE
100046,"ADVENTHEALTH ZEPHYRHILLS",33541,"Acute Care Hospitals",TRUE
100047,"BAYFRONT HEALTH PUNTA GORDA",33950,"Acute Care Hospitals",TRUE
100048,"JAY HOSPITAL",32565,"Acute Care Hospitals",TRUE
100049,"HIGHLANDS REGIONAL MEDICAL CENTER",33870,"Acute Care Hospitals",TRUE
100050,"LARKIN COMMUNITY HOSPITAL PALM SPRINGS CAMPUS",33012,"Acute Care Hospitals",TRUE
100051,"SOUTH LAKE HOSPITAL",34711,"Acute Care Hospitals",FALSE
100052,"WINTER HAVEN HOSPITAL",33881,"Acute Care Hospitals",TRUE
100053,"HIALEAH HOSPITAL",33013,"Acute Care Hospitals",TRUE
100054,"TWIN CITIES HOSPITAL",32578,"Acute Care Hospitals",TRUE
100055,"ADVENTHEALTH NORTH PINELLAS",34689,"Acute Care Hospitals",TRUE
100057,"ADVENTHEALTH WATERMAN",32778,"Acute Care Hospitals",FALSE
100062,"ADVENTHEALTH OCALA",34474,"Acute Care Hospitals",TRUE
100063,"MORTON PLANT NORTH BAY HOSPITAL",34652,"Acute Care Hospitals",FALSE
100067,"ST ANTHONYS HOSPITAL",33705,"Acute Care Hospitals",TRUE
100068,"ADVENTHEALTH DAYTONA BEACH",32117,"Acute Care Hospitals",FALSE
100069,"ADVENTHEALTH CARROLLWOOD",33614,"Acute Care Hospitals",TRUE
100070,"VENICE REGIONAL MEDICAL CENTER - BAYFRONT HEALTH",34285,"Acute Care Hospitals",TRUE
100071,"BAYFRONT HEALTH BROOKSVILLE",34601,"Acute Care Hospitals",TRUE
100072,"ADVENTHEALTH FISH MEMORIAL",32763,"Acute Care Hospitals",TRUE
100073,"HOLY CROSS HOSPITAL",33308,"Acute Care Hospitals",TRUE
100075,"ST JOSEPHS HOSPITAL",33677,"Acute Care Hospitals",TRUE
100077,"BAYFRONT HEALTH PORT CHARLOTTE",33952,"Acute Care Hospitals",TRUE
100080,"JFK MEDICAL CENTER",33462,"Acute Care Hospitals",TRUE
100081,"HEALTHMARK REGIONAL MEDICAL CENTER",32435,"Acute Care Hospitals",TRUE
100084,"LEESBURG REGIONAL MEDICAL CENTER",34748,"Acute Care Hospitals",TRUE
100086,"BROWARD HEALTH NORTH",33064,"Acute Care Hospitals",TRUE
100087,"SARASOTA MEMORIAL HOSPITAL",34239,"Acute Care Hospitals",TRUE
100088,"BAPTIST MEDICAL CENTER JACKSONVILLE",32207,"Acute Care Hospitals",TRUE
100090,"FLAGLER HOSPITAL",32086,"Acute Care Hospitals",TRUE
100092,"STEWARD ROCKLEDGE HOSPITAL",32955,"Acute Care Hospitals",TRUE
100093,"BAPTIST HOSPITAL",32501,"Acute Care Hospitals",TRUE
100102,"SHANDS LAKE SHORE REGIONAL MEDICAL CENTER",32055,"Acute Care Hospitals",TRUE
100105,"CLEVELAND CLINIC INDIAN RIVER HOSPITAL",32960,"Acute Care Hospitals",TRUE
100106,"DOCTORS MEMORIAL HOSPITAL INC",32348,"Acute Care Hospitals",TRUE
100107,"LEHIGH REGIONAL MEDICAL CENTER",33936,"Acute Care Hospitals",TRUE
100109,"ADVENTHEALTH SEBRING",33871,"Acute Care Hospitals",FALSE
100110,"OSCEOLA REGIONAL MEDICAL CENTER",34741,"Acute Care Hospitals",TRUE
100113,"UF HEALTH SHANDS HOSPITAL",32610,"Acute Care Hospitals",TRUE
100117,"BAPTIST MEDICAL CENTER - BEACHES",32250,"Acute Care Hospitals",TRUE
100118,"ADVENTHEALTH PALM COAST",32164,"Acute Care Hospitals",TRUE
100121,"BARTOW REGIONAL MEDICAL CENTER",33831,"Acute Care Hospitals",TRUE
100122,"NORTH OKALOOSA MEDICAL CENTER",32539,"Acute Care Hospitals",TRUE
100124,"SANTA ROSA MEDICAL CENTER",32570,"Acute Care Hospitals",TRUE
100125,"HOMESTEAD HOSPITAL",33033,"Acute Care Hospitals",TRUE
100126,"PALMS OF PASADENA HOSPITAL",33707,"Acute Care Hospitals",TRUE
100127,"MORTON PLANT HOSPITAL",33756,"Acute Care Hospitals",TRUE
100128,"TAMPA GENERAL HOSPITAL",33606,"Acute Care Hospitals",TRUE
100130,"LAKESIDE MEDICAL CENTER",33430,"Acute Care Hospitals",TRUE
100131,"AVENTURA HOSPITAL AND MEDICAL CENTER",33180,"Acute Care Hospitals",TRUE
100132,"SOUTH FLORIDA BAPTIST HOSPITAL",33563,"Acute Care Hospitals",TRUE
100134,"ED FRASER MEMORIAL HOSPITAL",32063,"Acute Care Hospitals",TRUE
100135,"TALLAHASSEE MEMORIAL HOSPITAL",32308,"Acute Care Hospitals",TRUE
100137,"ADVENTHEALTH HEART OF FLORIDA",33837,"Acute Care Hospitals",TRUE
100140,"BAPTIST MEDICAL CENTER - NASSAU",32034,"Acute Care Hospitals",TRUE
100142,"JACKSON HOSPITAL",32446,"Acute Care Hospitals",TRUE
100150,"LOWER KEYS MEDICAL CENTER",33040,"Acute Care Hospitals",TRUE
100151,"MAYO CLINIC",32224,"Acute Care Hospitals",TRUE
100154,"SOUTH MIAMI HOSPITAL",33143,"Acute Care Hospitals",TRUE
100156,"LAKE CITY MEDICAL CENTER",32055,"Acute Care Hospitals",TRUE
100157,"LAKELAND REGIONAL MEDICAL CENTER",33805,"Acute Care Hospitals",TRUE
100161,"CENTRAL FLORIDA REGIONAL HOSPITAL",32771,"Acute Care Hospitals",TRUE
100166,"DOCTORS HOSPITAL OF SARASOTA",34233,"Acute Care Hospitals",TRUE
100167,"PLANTATION GENERAL HOSPITAL",33317,"Acute Care Hospitals",TRUE
100168,"BOCA RATON REGIONAL HOSPITAL",33486,"Acute Care Hospitals",TRUE
100173,"ADVENTHEALTH TAMPA",33613,"Acute Care Hospitals",TRUE
100175,"DESOTO MEMORIAL HOSPITAL",34265,"Acute Care Hospitals",TRUE
100176,"PALM BEACH GARDENS MEDICAL CENTER",33410,"Acute Care Hospitals",TRUE
100177,"CAPE CANAVERAL HOSPITAL",32932,"Acute Care Hospitals",TRUE
100179,"MEMORIAL HOSPITAL JACKSONVILLE",32216,"Acute Care Hospitals",TRUE
100180,"ST PETERSBURG GENERAL HOSPITAL",33710,"Acute Care Hospitals",TRUE
100181,"LARKIN COMMUNITY HOSPITAL",33143,"Acute Care Hospitals",TRUE
100183,"CORAL GABLES HOSPITAL",33134,"Acute Care Hospitals",TRUE
100187,"PALMETTO GENERAL HOSPITAL",33016,"Acute Care Hospitals",TRUE
100189,"NORTHWEST MEDICAL CENTER",33063,"Acute Care Hospitals",TRUE
100191,"MEDICAL CENTER OF TRINITY",34655,"Acute Care Hospitals",TRUE
100200,"BROWARD HEALTH IMPERIAL POINT",33308,"Acute Care Hospitals",FALSE
100204,"NORTH FLORIDA REGIONAL MEDICAL CENTER",32605,"Acute Care Hospitals",TRUE
100206,"MEMORIAL HOSPITAL OF TAMPA",33609,"Acute Care Hospitals",TRUE
100209,"KENDALL REGIONAL MEDICAL CENTER",33175,"Acute Care Hospitals",TRUE
100211,"ADVENTHEALTH DADE CITY",33525,"Acute Care Hospitals",TRUE
100212,"OCALA REGIONAL MEDICAL CENTER",34478,"Acute Care Hospitals",TRUE
100213,"BLAKE MEDICAL CENTER",34209,"Acute Care Hospitals",TRUE
100217,"STEWARD SEBASTIAN RIVER MEDICAL CENTER",32978,"Acute Care Hospitals",TRUE
100220,"GULF COAST MEDICAL CENTER LEE MEM HEALTH SYSTEM",33912,"Acute Care Hospitals",TRUE
100223,"FORT WALTON BEACH MEDICAL CENTER",32547,"Acute Care Hospitals",TRUE
100224,"UNIVERSITY HOSPITAL AND MEDICAL CENTER",33321,"Acute Care Hospitals",TRUE
100226,"ORANGE PARK MEDICAL CENTER",32073,"Acute Care Hospitals",TRUE
100228,"WESTSIDE REGIONAL MEDICAL CENTER",33324,"Acute Care Hospitals",FALSE
100230,"MEMORIAL HOSPITAL PEMBROKE",33024,"Acute Care Hospitals",TRUE
100231,"WEST FLORIDA HOSPITAL",32514,"Acute Care Hospitals",TRUE
100232,"PUTNAM COMMUNITY MEDICAL CENTER",32177,"Acute Care Hospitals",TRUE
100236,"FAWCETT MEMORIAL HOSPITAL",33952,"Acute Care Hospitals",TRUE
100238,"NORTHSIDE HOSPITAL",33709,"Acute Care Hospitals",TRUE
100242,"GULF COAST REGIONAL MEDICAL CENTER",32405,"Acute Care Hospitals",TRUE
100243,"BRANDON REGIONAL HOSPITAL",33511,"Acute Care Hospitals",TRUE
100244,"CAPE CORAL HOSPITAL",33990,"Acute Care Hospitals",TRUE
100246,"LAWNWOOD REGIONAL MEDICAL CENTER & HEART INSTITUTE",34950,"Acute Care Hospitals",TRUE
100248,"LARGO MEDICAL CENTER",33770,"Acute Care Hospitals",TRUE
100249,"BAYFRONT HEALTH SEVEN RIVERS",34428,"Acute Care Hospitals",TRUE
100252,"RAULERSON HOSPITAL",34972,"Acute Care Hospitals",TRUE
100253,"JUPITER MEDICAL CENTER",33458,"Acute Care Hospitals",TRUE
100254,"CAPITAL REGIONAL MEDICAL CENTER",32308,"Acute Care Hospitals",TRUE
100256,"REGIONAL MEDICAL CENTER BAYONET POINT",34667,"Acute Care Hospitals",TRUE
100258,"DELRAY MEDICAL CENTER",33484,"Acute Care Hospitals",TRUE
100259,"SOUTH BAY HOSPITAL",33573,"Acute Care Hospitals",TRUE
100260,"ST LUCIE MEDICAL CENTER",34952,"Acute Care Hospitals",TRUE
100264,"OAK HILL HOSPITAL",34613,"Acute Care Hospitals",TRUE
100265,"MEASE COUNTRYSIDE HOSPITAL",34695,"Acute Care Hospitals",TRUE
100266,"GULF BREEZE HOSPITAL",32561,"Acute Care Hospitals",TRUE
100267,"ENGLEWOOD COMMUNITY HOSPITAL",34223,"Acute Care Hospitals",TRUE
100268,"WEST BOCA MEDICAL CENTER",33428,"Acute Care Hospitals",TRUE
100269,"PALMS WEST HOSPITAL",33470,"Acute Care Hospitals",TRUE
100275,"WELLINGTON REGIONAL MEDICAL CENTER LLC",33414,"Acute Care Hospitals",TRUE
100276,"BROWARD HEALTH CORAL SPRINGS",33065,"Acute Care Hospitals",TRUE
100277,"DOUGLAS GARDENS HOSPITAL",33137,"Acute Care Hospitals",FALSE
100281,"MEMORIAL HOSPITAL WEST",33028,"Acute Care Hospitals",TRUE
100284,"WESTCHESTER GENERAL HOSPITAL",33155,"Acute Care Hospitals",TRUE
100285,"MEMORIAL HOSPITAL MIRAMAR",33029,"Acute Care Hospitals",TRUE
100286,"PHYSICIANS REGIONAL MEDICAL CENTER - PINE RIDGE",34119,"Acute Care Hospitals",TRUE
100287,"GOOD SAMARITAN MEDICAL CENTER",33401,"Acute Care Hospitals",TRUE
100288,"ST MARY'S MEDICAL CENTER",33407,"Acute Care Hospitals",TRUE
100289,"CLEVELAND CLINIC HOSPITAL",33331,"Acute Care Hospitals",TRUE
100290,"VILLAGES REGIONAL HOSPITAL THE",32159,"Acute Care Hospitals",TRUE
100291,"STEWARD MELBOURNE HOSPITAL",32935,"Acute Care Hospitals",TRUE
100292,"SACRED HEART HOSPITAL ON THE EMERALD COAST",32550,"Acute Care Hospitals",TRUE
100296,"DOCTORS HOSPITAL",33146,"Acute Care Hospitals",TRUE
100298,"FLORIDA STATE HOSPITAL UNIT 31 MED",32324,"Acute Care Hospitals",FALSE
100302,"ST CLOUD REGIONAL MEDICAL CENTER",34769,"Acute Care Hospitals",TRUE
100307,"ASCENSION ST VINCENT'S SOUTHSIDE",32216,"Acute Care Hospitals",TRUE
100313,"ASCENSION SACRED HEART GULF",32456,"Acute Care Hospitals",TRUE
100314,"WEST KENDALL BAPTIST HOSPITAL",33196,"Acute Care Hospitals",TRUE
100315,"VIERA HOSPITAL",32940,"Acute Care Hospitals",TRUE
100316,"PALM BAY HOSPITAL",32907,"Acute Care Hospitals",TRUE
100319,"ADVENTHEALTH WESLEY CHAPEL",33544,"Acute Care Hospitals",TRUE
100320,"POINCIANA MEDICAL CENTER",34758,"Acute Care Hospitals",TRUE
100321,"ASCENSION ST VINCENT'S CLAY COUNTY",32068,"Acute Care Hospitals",TRUE
100322,"REGIONAL GENERAL HOSPITAL WILLISTON",32696,"Acute Care Hospitals",TRUE
100329,"OVIEDO MEDICAL CENTER",32765,"Acute Care Hospitals",TRUE
101300,"ADVENTHEALTH WAUCHULA",33873,"Critical Access Hospitals",TRUE
101301,"SHANDS LIVE OAK REGIONAL MEDICAL CENTER",32060,"Critical Access Hospitals",TRUE
101303,"LAKE BUTLER HOSPITAL",32054,"Critical Access Hospitals",TRUE
101304,"CALHOUN-LIBERTY HOSPITAL",32424,"Critical Access Hospitals",TRUE
101305,"GEORGE E WEEMS MEMORIAL HOSPITAL",32320,"Critical Access Hospitals",TRUE
101307,"DOCTORS MEMORIAL HOSPITAL",32425,"Critical Access Hospitals",FALSE
101308,"NORTHWEST FLORIDA COMMUNITY HOSPITAL",32428,"Critical Access Hospitals",TRUE
101309,"HENDRY REGIONAL MEDICAL CENTER",33440,"Critical Access Hospitals",TRUE
101310,"SHANDS STARKE REGIONAL MEDICAL CENTER",32091,"Critical Access Hospitals",TRUE
101311,"MADISON COUNTY MEMORIAL HOSPITAL",32340,"Critical Access Hospitals",TRUE
101312,"FISHERMEN'S COMMUNITY HOSPITAL",33050,"Critical Access Hospitals",TRUE
101313,"MARINERS HOSPITAL",33070,"Critical Access Hospitals",TRUE
