"City","StateCode","2010 Population","CBSA Code","CO 8-hr (ppm)","Pb 3-mo (µg/m3)","NO2 AM (ppb)","NO2 1-hr (ppb)","O3 8-hr (ppm)","PM10 24-hr (µg/m3) ","PM2.5 Wtd AM (µg/m3)","PM2.524-hr (µg/m3)","SO2 1-hr (ppb)"
"Aberdeen","SD","40602","10100","NULL","NULL","NULL","NULL","NULL","49","6.6","22","NULL"
"Aberdeen","WA","72797","10140","NULL","NULL","NULL","NULL","NULL","NULL","IN","IN","NULL"
"Adjuntas","PR","19483","10260","NULL","NULL","NULL","NULL","NULL","NULL","IN","IN","NULL"
"Adrian","MI","99892","10300","NULL","NULL","NULL","NULL","0.071","NULL","8","23","NULL"
"Aguadilla","PR","339441","10380","NULL","NULL","NULL","NULL","NULL","NULL","IN","IN","NULL"
"Isabela","PR","339441","10380","NULL","NULL","NULL","NULL","NULL","NULL","IN","IN","NULL"
"Akron","OH","703200","10420","2","NULL","NULL","NULL","0.069","NULL","8.8","20","6"
"Albany","GA","157308","10500","NULL","NULL","NULL","NULL","NULL","NULL","8.4","24","NULL"
"Albany","OR","116672","10540","NULL","NULL","NULL","NULL","NULL","NULL","IN","IN","NULL"
"Albert Lea","MN","31255","10660","NULL","NULL","NULL","NULL","NULL","NULL","IN","IN","NULL"
"Albuquerque","NM","887077","10740","1","NULL","10","45","0.075","229","8.3","21","5"
"Alexandria","LA","153922","10780","NULL","NULL","NULL","NULL","NULL","NULL","8.2","23","NULL"
"Alexandria","MN","36009","10820","NULL","NULL","NULL","NULL","NULL","NULL","IN","IN","NULL"
"Alpena","MI","29598","10980","NULL","NULL","NULL","NULL","NULL","NULL","IN","IN","NULL"
"Altoona","PA","127089","11020","NULL","NULL","NULL","NULL","0.063","19","7.6","22","8"
"Amarillo","TX","251933","11100","NULL","0","NULL","NULL","0.072","NULL","IN","IN","133"
"Americus","GA","37829","11140","NULL","NULL","NULL","NULL","0.062","NULL","NULL","NULL","NULL"
"Ames","IA","89542","11180","NULL","NULL","NULL","NULL","NULL","NULL","IN","IN","NULL"
"Anchorage","AK","380821","11260","3","NULL","NULL","NULL","0.047","155","5.4","19","NULL"
"Ann Arbor","MI","344791","11460","NULL","NULL","NULL","NULL","0.072","NULL","8.3","21","NULL"
"Appleton","WI","225666","11540","NULL","NULL","NULL","NULL","0.067","NULL","6.5","21","108"
"Ardmore","OK","47557","11620","NULL","NULL","NULL","NULL","0.075","NULL","8.6","24","NULL"
"Arecibo","PR","199471","11640","NULL","0.18","NULL","NULL","NULL","NULL","NULL","NULL","NULL"
"Arkadelphia","AR","22995","11660","NULL","NULL","NULL","NULL","0.062","NULL","NULL","NULL","NULL"
"Asheville","NC","424858","11700","NULL","NULL","NULL","NULL","0.065","NULL","6","12","213"
"Ashtabula","OH","101497","11780","NULL","NULL","NULL","NULL","0.069","NULL","NULL","NULL","5"
"Athens","OH","64757","11900","NULL","NULL","NULL","NULL","NULL","NULL","6.7","14","NULL"
"Athens","TN","52266","11940","NULL","NULL","NULL","NULL","NULL","NULL","7.4","15","NULL"
"Athens","GA","192541","12020","NULL","NULL","NULL","NULL","0.065","NULL","8.1","19","NULL"
"Roswell","GA","5286728","12060","2","NULL","16","47","0.072","38","9.5","21","4"
"Sandy Springs","GA","5286728","12060","2","NULL","16","47","0.072","38","9.5","21","4"
"Atlanta","GA","5286728","12060","2","NULL","16","47","0.072","38","9.5","21","4"
"Atlantic City","NJ","274549","12100","NULL","NULL","NULL","NULL","0.063","NULL","6.4","15","2"
"Hammonton","NJ","274549","12100","NULL","NULL","NULL","NULL","0.063","NULL","6.4","15","2"
"Augusta","GA","564873","12260","NULL","NULL","NULL","NULL","0.066","33","9.4","20","64"
"Richmond","SC","564873","12260","NULL","NULL","NULL","NULL","0.066","33","9.4","20","64"
"Augusta","ME","122151","12300","NULL","NULL","3","28","0.062","28","5","12","6"
"Round Rock","TX","1716289","12420","1","NULL","12","46","0.072","82","10","37","2"
"Austin","TX","1716289","12420","1","NULL","12","46","0.072","82","10","37","2"
"Bakersfield","CA","839631","12540","1","NULL","13","51","0.096","171","19.4","69","NULL"
"Baltimore","MD","2710489","12580","1","NULL","16","48","0.075","33","9.1","21","12"
"Columbia","MD","2710489","12580","1","NULL","16","48","0.075","33","9.1","21","12"
"Towson","MD","2710489","12580","1","NULL","16","48","0.075","33","9.1","21","12"
"Bangor","ME","153923","12620","NULL","NULL","NULL","NULL","0.057","43","5.2","14","NULL"
"Baraboo","WI","61976","12660","NULL","NULL","NULL","NULL","0.067","32","6.6","18","NULL"
"Barnstable Town","MA","215888","12700","NULL","NULL","NULL","NULL","0.071","NULL","NULL","NULL","NULL"
"Barre","VT","59534","12740","NULL","NULL","NULL","NULL","NULL","NULL","IN","IN","NULL"
"Bartlesville","OK","50976","12780","NULL","NULL","NULL","NULL","0.031","NULL","IN","IN","NULL"
"Baton Rouge","LA","802484","12940","2","0.01","10","44","0.074","84","9.5","23","29"
"Bay City","MI","107771","13020","NULL","NULL","NULL","NULL","NULL","NULL","7.1","18","NULL"
"Port Arthur","TX","403190","13140","1","NULL","6","35","0.073","NULL","10.5","26","61"
"Beaumont","TX","403190","13140","1","NULL","6","35","0.073","NULL","10.5","26","61"
"Beaver Dam","WI","88759","13180","0","NULL","NULL","NULL","0.069","38","7.5","23","IN"
"Beckley","WV","124898","13220","NULL","NULL","NULL","NULL","NULL","NULL","IN","IN","NULL"
"Bellingham","WA","201140","13380","NULL","NULL","NULL","NULL","0.062","NULL","5.3","24","101"
"Bemidji","MN","44442","13420","NULL","NULL","NULL","NULL","NULL","NULL","6.2","19","NULL"
"Bend-Redmond","OR","157733","13460","NULL","NULL","NULL","NULL","NULL","NULL","IN","IN","NULL"
"Bennington","VT","37125","13540","NULL","NULL","NULL","NULL","0.065","NULL","6","15","NULL"
"Berlin","VT","39361","13620","NULL","NULL","NULL","NULL","0.069","NULL","IN","IN","NULL"
"Big Spring","TX","36238","13700","NULL","NULL","NULL","NULL","NULL","NULL","NULL","NULL","99"
"Billings","MT","158934","13740","NULL","NULL","NULL","NULL","NULL","NULL","8.4","28","22"
"Binghamton","NY","251725","13780","NULL","NULL","NULL","NULL","NULL","NULL","IN","IN","NULL"
"Birmingham","AL","1128047","13820","1","NULL","11","45","0.07","65","10.2","22","72"
"Hoover","AL","1128047","13820","1","NULL","11","45","0.07","65","10.2","22","72"
"Bishop","CA","3879","13860","1","NULL","NULL","NULL","0.078","353","7.4","44","IN"
"Bismarck","ND","114778","13900","0","NULL","5","34","0.063","96","6.3","21","10"
"Christiansburg","VA","178237","13980","NULL","0","NULL","NULL","0.064","NULL","NULL","NULL","66"
"Radford","VA","178237","13980","NULL","0","NULL","NULL","0.064","NULL","NULL","NULL","66"
"Blacksburg","VA","178237","13980","NULL","0","NULL","NULL","0.064","NULL","NULL","NULL","66"
"Bloomington","IL","186133","14010","NULL","NULL","NULL","NULL","0.068","NULL","9.7","20","NULL"
"Bloomington","IN","159549","14020","NULL","NULL","NULL","NULL","0.066","NULL","8.2","23","NULL"
"Bluefield","WV","107342","14140","NULL","NULL","NULL","NULL","NULL","NULL","IN","IN","NULL"
"Blytheville","AR","46480","14180","NULL","NULL","NULL","NULL","NULL","NULL","IN","IN","NULL"
"Boise City","ID","616561","14260","2","NULL","NULL","NULL","0.068","73","9.4","33","3"
"Boone","NC","51079","14380","NULL","NULL","NULL","NULL","NULL","NULL","IN","IN","NULL"
"Borger","TX","22150","14420","NULL","NULL","NULL","NULL","NULL","NULL","NULL","NULL","214"
"Boston","MA","4552402","14460","1","NULL","13","48","0.07","31","8.9","21","14"
"Newton","MA","4552402","14460","1","NULL","13","48","0.07","31","8.9","21","14"
"Cambridge,"MA","4552402","14460","1","NULL","13","48","0.07","31","8.9","21","14"
"Boulder","CO","294567","14500","NULL","NULL","NULL","NULL","0.077","57","7.4","29","NULL"
"Bowling Green","KY","158599","14540","0","NULL","NULL","NULL","0.062","NULL","8","18","5"
"Bozeman","MT","89513","14580","1","NULL","2","IN","NULL","NULL","3.5","25","NULL"
"Brainerd","MN","91067","14660","NULL","NULL","NULL","NULL","0.06","NULL","5.5","17","NULL"
"Bremerton","WA","251133","14740","NULL","NULL","NULL","NULL","NULL","NULL","4.8","24","NULL"
"Silverdale","WA","251133","14740","NULL","NULL","NULL","NULL","NULL","NULL","4.8","24","NULL"
"Norwalk","CT","916829","14860","1","NULL","9","40","0.086","36","7.9","21","6"
"Stamford","CT","916829","14860","1","NULL","9","40","0.086","36","7.9","21","6"
"Bridgeport","CT","916829","14860","1","NULL","9","40","0.086","36","7.9","21","6"
"Brookings","SD","31965","15100","NULL","NULL","NULL","NULL","0.067","70","4.7","12","NULL"
"Brownsville","TX","406220","15180","NULL","NULL","NULL","NULL","0.059","NULL","10.5","26","NULL"
"Harlingen","TX","406220","15180","NULL","NULL","NULL","NULL","0.059","NULL","10.5","26","NULL"
"Brunswick","GA","112370","15260","NULL","NULL","NULL","NULL","0.06","NULL","IN","IN","NULL"
"Buffalo","NY","1135509","15380","1","NULL","10","47","0.069","35","7.6","19","7"
"Niagara Falls","NY","1135509","15380","1","NULL","10","47","0.069","35","7.6","19","7"
"Cheektowaga","NY","1135509","15380","1","NULL","10","47","0.069","35","7.6","19","7"
"Burlington","NC","151131","15500","NULL","NULL","NULL","NULL","NULL","NULL","IN","IN","NULL"
"Burlington-South Burlington","VT","211261","15540","1","NULL","6","27","0.062","20","6.5","16","1"
"Silver Bow","MT","34200","15580","NULL","NULL","NULL","NULL","NULL","66","5.6","22","NULL"
"Butte","MT","34200","15580","NULL","NULL","NULL","NULL","NULL","66","5.6","22","NULL"
"Cadillac","MI","47584","15620","NULL","NULL","1","8","0.068","NULL","5.4","16","NULL"
"Cambridge","MD","32618","15700","NULL","NULL","NULL","NULL","0.068","NULL","5.8","14","4"
"Cañon City","CO","46824","15860","NULL","NULL","NULL","NULL","NULL","IN","NULL","NULL","NULL"
"Canton","OH","404422","15940","1","0.2","NULL","NULL","0.07","NULL","9.5","22","NULL"
"Massillon","OH","404422","15940","1","0.2","NULL","NULL","0.07","NULL","9.5","22","NULL"
"Fort Myers","FL","618754","15980","NULL","NULL","NULL","NULL","0.065","45","7.4","16","NULL"
"Cape Coral","FL","618754","15980","NULL","NULL","NULL","NULL","0.065","45","7.4","16","NULL"
"Artesia","NM","53829","16100","NULL","NULL","5","30","0.083","NULL","NULL","NULL","NULL"
"Carlsbad","NM","53829","16100","NULL","NULL","5","30","0.083","NULL","NULL","NULL","NULL"
"Carson City","NV","55274","16180","NULL","NULL","NULL","NULL","0.071","NULL","7.1","42","NULL"
"Casper","WY","75450","16220","NULL","NULL","5","37","0.065","31","5.3","16","19"
"Cedar City","UT","46163","16260","NULL","NULL","IN","IN","0.067","NULL","4.8","14","NULL"
"Cedar Rapids","IA","257940","16300","1","NULL","NULL","NULL","0.069","54","8.4","20","28"
"Centralia","WA","75455","16500","NULL","NULL","NULL","NULL","NULL","NULL","IN","IN","NULL"
"Waynesboro","PA","149618","16540","NULL","NULL","NULL","NULL","0.059","NULL","NULL","NULL","NULL"
"Chambersburg","PA","149618","16540","NULL","NULL","NULL","NULL","0.059","NULL","NULL","NULL","NULL"
"Champaign","IL","231891","16580","0","NULL","NULL","NULL","0.072","NULL","8","18","3"
"Urbana","IL","231891","16580","0","NULL","NULL","NULL","0.072","NULL","8","18","3"
"Charleston","WV","227078","16620","1","NULL","NULL","NULL","0.066","NULL","8.1","16","5"
"Charleston","SC","664607","16700","NULL","NULL","1","IN","0.06","31","6.8","14","13"
"North Charleston","SC","664607","16700","NULL","NULL","1","IN","0.06","31","6.8","14","13"
"Charlotte","NC","2217012","16740","1","NULL","10","35","0.07","58","8.9","17","3"
"Concord","NC","2217012","16740","1","NULL","10","35","0.07","58","8.9","17","3"
"Gastonia","NC","2217012","16740","1","NULL","10","35","0.07","58","8.9","17","3"
"Charlottesville","VA","218705","16820","NULL","NULL","NULL","NULL","0.062","NULL","6","14","NULL"
"Chattanooga","TN","528143","16860","NULL","NULL","NULL","NULL","0.064","NULL","8.7","20","NULL"
"Cheyenne","WY","91738","16940","0","NULL","4","34","0.068","44","4.7","14","3"
"Chicago","IL","9461105","16980","2","0.31","18","61","0.084","78","11.2","27","28"
"Naperville","IL","9461105","16980","2","0.31","18","61","0.084","78","11.2","27","28"
"Elgin","IL","9461105","16980","2","0.31","18","61","0.084","78","11.2","27","28"
"Chico","CA","220000","17020","6","NULL","7","36","0.084","338","13.7","61","NULL"
"Cincinnati","OH","2114580","17140","2","NULL","19","41","0.08","83","12.4","22","24"
"Lebanon","NH","218466","17200","NULL","NULL","NULL","NULL","0.061","NULL","6.2","16","NULL"
"Claremont","NH","218466","17200","NULL","NULL","NULL","NULL","0.061","NULL","6.2","16","NULL"
"Clarksburg","WV","94196","17220","NULL","NULL","NULL","NULL","NULL","NULL","7.1","15","NULL"
"Clarksville","TN","260625","17300","NULL","NULL","NULL","NULL","0.062","NULL","8.2","16","NULL"
"Clearlake","CA","64665","17340","NULL","NULL","NULL","NULL","0.055","89","9.3","72","NULL"
"Cleveland","MS","34145","17380","NULL","NULL","NULL","NULL","0.069","NULL","IN","IN","NULL"
"Cleveland-Elyria","OH","2077240","17460","3","0.06","11","49","0.076","74","11.1","24","53"
"Clinton","IA","49116","17540","NULL","NULL","NULL","NULL","0.067","NULL","9","21","25"
"Coeur d'Alene","ID","138494","17660","NULL","NULL","NULL","NULL","NULL","NULL","IN","IN","NULL"
"College Station-Bryan","TX","228660","17780","NULL","NULL","NULL","NULL","NULL","NULL","NULL","NULL","IN"
"Colorado Springs","CO","645613","17820","2","NULL","NULL","NULL","0.073","36","6.2","16","9"
"Columbia","MO","162642","17860","NULL","NULL","NULL","NULL","0.063","NULL","IN","IN","NULL"
"Columbia","SC","767598","17900","1","NULL","IN","IN","0.063","30","7.9","19","2"
"Columbus","GA","294865","17980","NULL","0.04","NULL","NULL","0.061","NULL","9.3","28","NULL"
"Columbus","IN","76794","18020","NULL","NULL","NULL","NULL","0.069","NULL","7.5","19","NULL"
"Columbus","MS","59779","18060","NULL","NULL","NULL","NULL","NULL","NULL","IN","IN","NULL"
"Columbus","OH","1901974","18140","1","0.01","10","44","0.067","47","9.1","25","IN"
"Concord","NH","146445","18180","NULL","NULL","NULL","NULL","0.06","NULL","IN","IN","15"
"Cookeville","TN","106042","18260","NULL","NULL","NULL","NULL","NULL","NULL","6.9","15","NULL"
"Corning","NY","98990","18500","0","NULL","NULL","NULL","0.064","NULL","4.8","14","2"
"Corpus Christi","TX","428185","18580","NULL","NULL","NULL","NULL","0.061","79","9.8","29","5"
"Corsicana","TX","47735","18620","NULL","NULL","4","28","0.067","NULL","NULL","NULL","141"
"Corvallis","OR","85579","18700","NULL","NULL","NULL","NULL","NULL","NULL","IN","IN","NULL"
"Craig","CO","13795","18780","NULL","NULL","NULL","NULL","0.064","NULL","NULL","NULL","NULL"
"Crawfordsville","IN","38124","18820","NULL","NULL","NULL","NULL","NULL","NULL","IN","IN","NULL"
"Crescent City","CA","28610","18860","NULL","NULL","NULL","NULL","NULL","NULL","IN","IN","NULL"
"Crestview-Fort Walton Beach-Destin","FL","235865","18880","NULL","NULL","NULL","NULL","0.061","54","NULL","NULL","NULL"
"Cullowhee","NC","40271","19000","NULL","NULL","NULL","NULL","NULL","NULL","6.6","16","NULL"
"Cumberland","MD","103299","19060","NULL","NULL","NULL","NULL","NULL","NULL","NULL","NULL","203"
"Dallas-Fort Worth-Arlington","TX","6426214","19100","1","0.01","11","43","0.082","40","9.6","25","8"
"Dalton","GA","142227","19140","NULL","NULL","NULL","NULL","0.064","NULL","NULL","NULL","NULL"
"Daphne","AL","182265","19300","NULL","NULL","NULL","NULL","0.064","NULL","IN","IN","NULL"
"Foley","AL","182265","19300","NULL","NULL","NULL","NULL","0.064","NULL","IN","IN","NULL"
"Fairhope","AL","182265","19300","NULL","NULL","NULL","NULL","0.064","NULL","IN","IN","NULL"
"Davenport","IA","379690","19340","1","NULL","6","30","0.071","140","8.8","21","5"
"Moline","IA","379690","19340","1","NULL","6","30","0.071","140","8.8","21","5"
"Rock Island","IA","379690","19340","1","NULL","6","30","0.071","140","8.8","21","5"
"Dayton","OH","799232","19380","1","NULL","NULL","NULL","0.073","35","8.7","21","9"
"Decatur","AL","153829","19460","NULL","NULL","NULL","NULL","0.066","NULL","7.4","16","NULL"
"Decatur","IL","110768","19500","NULL","NULL","NULL","NULL","0.069","NULL","10.4","22","89"
"Deltona-Daytona Beach-Ormond Beach","FL","590289","19660","NULL","NULL","NULL","NULL","0.064","34","7","12","NULL"
"Deming","NM","25095","19700","NULL","NULL","NULL","NULL","NULL","186","NULL","NULL","NULL"
"Denver-Aurora-Lakewood","CO","2543482","19740","3","NULL","27","70","0.083","146","10.2","37","8"
"Des Moines-West Des Moines","IA","569633","19780","1","NULL","7","34","0.065","43","8","18","1"
"Detroit-Warren-Dearborn","MI","4296250","19820","2","0.08","16","43","0.077","123","11.5","29","82"
"Dickinson","NULL","24199","19860","NULL","NULL","NULL","NULL","0.061","NULL","4.3","19","IN"
"Dodge City","KS","33848","19980","NULL","NULL","NULL","NULL","NULL","140","NULL","NULL","NULL"
"Dothan","AL","145639","20020","NULL","NULL","NULL","NULL","0.061","NULL","7.7","17","NULL"
"Douglas","GA","42356","20060","NULL","NULL","NULL","NULL","NULL","NULL","5.9","13","NULL"
"Dover","DE","162310","20100","NULL","NULL","NULL","NULL","0.067","NULL","5.8","13","NULL"
"DuBois","PA","81642","20180","NULL","NULL","NULL","NULL","0.064","NULL","NULL","NULL","NULL"
"Duluth","MN-WI","279771","20260","NULL","0.01","NULL","NULL","0.059","89","5.6","18","NULL"
"Durango","CO","51334","20420","1","NULL","5","26","0.071","116","13.5","100","NULL"
"Durant","OK","42416","20460","NULL","NULL","NULL","NULL","0.067","NULL","NULL","NULL","NULL"
"Durham-Chapel Hill","NC","504357","20500","NULL","NULL","NULL","NULL","0.063","29","8.3","17","25"
"Dyersburg","TN","38335","20540","NULL","NULL","NULL","NULL","NULL","NULL","7.4","15","NULL"
"Eagle Pass","TX","54258","20580","NULL","NULL","NULL","NULL","NULL","NULL","7.7","24","NULL"
"East Stroudsburg","PA","169842","20700","NULL","NULL","NULL","NULL","0.07","NULL","IN","IN","NULL"
"Eau Claire","WI","161151","20740","NULL","NULL","NULL","NULL","0.066","NULL","7.5","22","NULL"
"Effingham","IL","34242","20820","NULL","NULL","NULL","NULL","0.066","NULL","NULL","NULL","NULL"
"El Centro","CA","174528","20940","3","NULL","12","64","0.076","355","13.5","40","IN"
"El Dorado","AR","41639","20980","NULL","NULL","NULL","NULL","NULL","NULL","8.8","21","NULL"
"Elizabeth City","NC","64094","21020","NULL","NULL","NULL","NULL","NULL","NULL","IN","IN","NULL"
"Elizabethtown-Fort Knox","KY","148338","21060","NULL","NULL","NULL","NULL","0.067","NULL","8","17","NULL"
"Elkhart-Goshen","IN","197559","21140","NULL","NULL","NULL","NULL","0.07","NULL","8.2","20","NULL"
"Elko","NV","50805","21220","NULL","NULL","NULL","NULL","NULL","119","NULL","NULL","NULL"
"Ellensburg","WA","40915","21260","NULL","NULL","NULL","NULL","NULL","NULL","7.1","47","NULL"
"El Paso","TX","804123","21340","2","0.01","11","61","0.078","114","8.8","23","IN"
"Enid","OK","60580","21420","NULL","NULL","NULL","NULL","NULL","NULL","IN","IN","44"
"Erie","PA","280566","21500","1","NULL","IN","IN","0.062","32","8.7","21","NULL"
"Española","NM","40246","21580","NULL","NULL","NULL","NULL","0.07","NULL","NULL","NULL","NULL"
"Eugene","OR","351715","21660","NULL","NULL","NULL","NULL","0.06","83","9","39","NULL"
"Eureka-Arcata-Fortuna","CA","134623","21700","1","NULL","2","21","0.049","55","7.7","30","1"
"Evanston","WY","21118","21740","NULL","NULL","2","11","0.068","67","NULL","NULL","NULL"
"Evansville","IN-KY","311552","21780","1","NULL","8","IN","0.07","30","9.4","21","102"
"Fairbanks","AK","97581","21820","2","NULL","12","54","0.041","59","11.3","53","37"
"Fairmont","WV","56418","21900","NULL","NULL","NULL","NULL","NULL","NULL","7.4","15","NULL"
"Fallon","NV","24877","21980","NULL","NULL","NULL","NULL","0.074","NULL","NULL","NULL","NULL"
"Fargo","ND-MN","208777","22020","NULL","NULL","4","32","0.063","74","7","22","3"
"Farmington","MO","65359","22100","NULL","0.02","NULL","NULL","NULL","NULL","NULL","NULL","NULL"
"Farmington","NM","130044","22140","NULL","NULL","10","34","0.074","84","IN","IN","9"
"Fayetteville","NC","366383","22180","NULL","NULL","NULL","NULL","0.064","26","7.1","15","IN"
"Fayetteville-Springdale-Rogers","AR-MO","463204","22220","NULL","NULL","NULL","NULL","0.065","40","8.4","25","NULL"
"Fergus Falls","MN","57303","22260","NULL","NULL","NULL","NULL","NULL","NULL","IN","IN","NULL"
"Fernley","NV","51980","22280","NULL","NULL","NULL","NULL","0.073","NULL","NULL","NULL","NULL"
"Flagstaff","AZ","134421","22380","NULL","NULL","NULL","NULL","0.069","NULL","IN","IN","NULL"
"Flint","MI","425790","22420","NULL","NULL","NULL","NULL","0.069","NULL","7.4","22","NULL"
"Florence","SC","205566","22500","NULL","0.07","NULL","NULL","0.058","NULL","IN","IN","NULL"
"Florence-Muscle Shoals","AL","147137","22520","NULL","NULL","NULL","NULL","0.06","NULL","7.5","16","NULL"
"Fond du Lac","WI","101633","22540","NULL","NULL","NULL","NULL","0.066","NULL","NULL","NULL","NULL"
"Fort Collins","CO","299630","22660","2","NULL","NULL","NULL","0.081","51","7.7","20","NULL"
"Fort Madison-Keokuk","IA-IL-MO","62105","22800","NULL","NULL","NULL","NULL","NULL","NULL","9","20","NULL"
"Fort Payne","AL","14101","22840","NULL","NULL","NULL","NULL","0.064","NULL","7","16","NULL"
"Fort Smith","AR-OK","280467","22900","NULL","NULL","5","IN","0.062","IN","8.2","19","NULL"
"Fort Wayne","IN","416257","23060","NULL","NULL","NULL","NULL","0.072","NULL","9.1","22","NULL"
"Frankfort","KY","70706","23180","NULL","NULL","NULL","NULL","NULL","NULL","IN","IN","NULL"
"Fremont","NE","36691","23340","NULL","0.02","NULL","NULL","NULL","NULL","NULL","NULL","NULL"
"Fresno","CA","930450","23420","2","NULL","21","63","0.088","125","17.1","66","6"
"Gadsden","AL","104430","23460","NULL","NULL","NULL","NULL","0.064","NULL","7.8","15","NULL"
"Gainesville","FL","264275","23540","NULL","NULL","NULL","NULL","0.062","NULL","IN","IN","NULL"
"Gainesville","GA","179684","23580","NULL","NULL","NULL","NULL","NULL","NULL","IN","IN","NULL"
"Gardnerville Ranchos","NV","46997","23820","NULL","NULL","NULL","NULL","NULL","NULL","7.3","40","NULL"
"Georgetown","SC","60158","23860","NULL","NULL","NULL","NULL","NULL","47","IN","IN","NULL"
"Gettysburg","PA","101407","23900","0","NULL","IN","IN","0.068","NULL","7.7","20","IN"
"Gillette","WY","46133","23940","NULL","NULL","5","30","0.064","113","4.7","21","NULL"
"Glenwood Springs","CO","73537","24060","NULL","NULL","5","IN","0.067","62","NULL","NULL","NULL"
"Goldsboro","NC","122623","24140","NULL","NULL","NULL","NULL","NULL","NULL","IN","IN","NULL"
"Grand Forks","ND-MN","98461","24220","NULL","NULL","NULL","NULL","NULL","NULL","IN","IN","NULL"
"Grand Island","NE","81850","24260","NULL","NULL","NULL","NULL","NULL","NULL","6.2","19","NULL"
"Grand Junction","CO","146723","24300","1","NULL","NULL","NULL","0.069","38","5.9","16","NULL"
"Grand Rapids-Wyoming","MI","988938","24340","1","0","NULL","NULL","0.073","30","8.4","19","13"
"Grants Pass","OR","82713","24420","NULL","NULL","NULL","NULL","NULL","NULL","12.2","75","NULL"
"Great Falls","MT","81327","24500","NULL","NULL","NULL","NULL","NULL","NULL","IN","IN","NULL"
"Greeley","CO","252825","24540","1","NULL","NULL","NULL","0.073","48","9.6","24","NULL"
"Green Bay","WI","306241","24580","NULL","NULL","NULL","NULL","0.072","NULL","6.4","19","12"
"Greenfield Town","MA","71372","24640","NULL","NULL","NULL","NULL","0.066","NULL","5.8","18","NULL"
"Greensboro-High Point","NC","723801","24660","NULL","NULL","NULL","NULL","0.067","32","7.3","15","IN"
"Greenville","NC","168148","24780","NULL","NULL","NULL","NULL","0.066","NULL","6.1","12","NULL"
"Greenville-Anderson-Mauldin","SC","824112","24860","NULL","NULL","8","40","0.062","28","7.5","18","2"
"Greenwood","SC","95078","24940","NULL","NULL","NULL","NULL","NULL","NULL","IN","IN","NULL"
"Grenada","MS","21906","24980","NULL","NULL","NULL","NULL","NULL","NULL","7.1","17","NULL"
"Guayama","PR","84214","25020","NULL","NULL","NULL","NULL","NULL","NULL","IN","IN","7"
"Gulfport-Biloxi-Pascagoula","MS","370702","25060","NULL","NULL","4","28","0.068","NULL","8.1","18","6"
"Hagerstown-Martinsburg","MD-WV","251599","25180","NULL","NULL","NULL","NULL","0.066","NULL","8.1","22","NULL"
"Hammond","LA","121097","25220","NULL","NULL","NULL","NULL","NULL","NULL","7.1","17","NULL"
"Hanford-Corcoran","CA","152982","25260","NULL","NULL","9","51","0.08","219","17.7","78","NULL"
"Harrisburg-Carlisle","PA","549475","25420","NULL","NULL","NULL","NULL","0.068","35","8","24","NULL"
"Harrison","AR","45233","25460","NULL","NULL","NULL","NULL","0.062","NULL","NULL","NULL","NULL"
"Harrisonburg","VA","125228","25500","NULL","NULL","8","36","0.059","NULL","6.8","18","2"
"Hartford-West Hartford-East Hartford","CT","1212381","25540","1","NULL","13","41","0.077","62","7.9","19","NULL"
"Hattiesburg","MS","142842","25620","NULL","NULL","NULL","NULL","NULL","NULL","8.7","23","NULL"
"Helena","MT","74801","25740","1","NULL","NULL","NULL","0.062","NULL","8.8","40","8"
"Helena-West Helena","AR","21757","25760","NULL","NULL","NULL","NULL","NULL","NULL","IN","IN","NULL"
"Hermiston-Pendleton","OR","87062","25840","NULL","NULL","NULL","NULL","0.06","NULL","IN","IN","NULL"
"Hickory-Lenoir-Morganton","NC","365497","25860","NULL","NULL","NULL","NULL","0.065","NULL","8.1","18","NULL"
"Hilo","HI","185079","25900","NULL","NULL","NULL","NULL","NULL","NULL","11.6","38","887"
"Hilton Head Island-Bluffton-Beaufort","SC","187010","25940","NULL","NULL","NULL","NULL","NULL","NULL","IN","IN","NULL"
"Hobbs","NM","64727","26020","NULL","NULL","5","36","0.076","NULL","8","18","NULL"
"Holland","MI","111408","26090","NULL","NULL","NULL","NULL","0.074","NULL","7.6","21","NULL"
"Homosassa Springs","FL","141236","26140","NULL","NULL","NULL","NULL","NULL","NULL","IN","IN","37"
"Hot Springs","AR","96024","26300","NULL","NULL","NULL","NULL","NULL","NULL","8.3","19","NULL"
"Houma-Thibodaux","LA","208178","26380","NULL","NULL","NULL","NULL","0.063","NULL","7.2","17","NULL"
"Houston-The Woodlands-Sugar Land","TX","5920416","26420","2","NULL","12","52","0.088","102","11","30","24"
"Huntington","IN","37124","26540","NULL","NULL","NULL","NULL","0.066","NULL","NULL","NULL","NULL"
"Huntington-Ashland","WV-KY-OH","364908","26580","NULL","NULL","5","27","0.066","47","7.7","18","11"
"Huntsville","AL","417593","26620","NULL","NULL","NULL","NULL","0.065","33","7.4","16","NULL"
"Hutchinson","MN","36651","26780","NULL","NULL","NULL","NULL","NULL","NULL","IN","IN","NULL"
"Idaho Falls","ID","133265","26820","NULL","NULL","NULL","NULL","0.069","NULL","IN","IN","NULL"
"Indiana","PA","88880","26860","NULL","NULL","NULL","NULL","0.068","NULL","NULL","NULL","28"
"Indianapolis-Carmel-Anderson","IN","1887877","26900","2","NULL","14","IN","0.076","55","10.8","28","55"
"Ionia","MI","63905","26960","NULL","0.05","NULL","NULL","NULL","NULL","NULL","NULL","NULL"
"Iowa City","IA","152586","26980","NULL","NULL","NULL","NULL","NULL","NULL","8","19","NULL"
"Iron Mountain","MI-WI","30591","27020","NULL","NULL","NULL","NULL","NULL","NULL","IN","IN","NULL"
"Ithaca","NY","101564","27060","NULL","NULL","NULL","NULL","0.067","NULL","NULL","NULL","52"
"Jackson","MS","567122","27140","2","NULL","7","38","0.068","80","8.9","24","3"
"Jackson","TN","130011","27180","NULL","NULL","NULL","NULL","NULL","NULL","7","16","NULL"
"Jackson","WY-ID","31464","27220","0","NULL","IN","IN","0.064","52","3.7","20","IN"
"Jacksonville","FL","1345596","27260","1","NULL","11","41","0.061","203","8.7","17","40"
"Jacksonville","NC","177772","27340","NULL","NULL","NULL","NULL","NULL","NULL","IN","IN","NULL"
"Jamestown-Dunkirk-Fredonia","NY","134905","27460","NULL","NULL","NULL","NULL","0.071","NULL","6.6","17","3"
"Janesville-Beloit","WI","160331","27500","NULL","NULL","NULL","NULL","0.068","NULL","IN","IN","NULL"
"Jasper","IN","54734","27540","NULL","NULL","NULL","NULL","NULL","36","8.9","22","19"
"Jefferson City","MO","149807","27620","NULL","NULL","NULL","NULL","0.064","NULL","NULL","NULL","NULL"
"Johnstown","PA","143679","27780","1","NULL","5","34","0.059","32","8.4","19","17"
"Jonesboro","AR","121026","27860","NULL","NULL","NULL","NULL","NULL","NULL","IN","IN","NULL"
"Joplin","MO","175518","27900","NULL","NULL","NULL","NULL","0.067","91","IN","IN","NULL"
"Juneau","AK","31275","27940","NULL","NULL","NULL","NULL","NULL","17","6.9","22","NULL"
"Kahului-Wailuku-Lahaina","HI","154924","27980","NULL","NULL","NULL","NULL","NULL","NULL","4.5","11","NULL"
"Kalamazoo-Portage","MI","326589","28020","NULL","NULL","NULL","NULL","0.071","NULL","8.5","19","NULL"
"Kalispell","MT","90928","28060","NULL","NULL","NULL","NULL","0.055","135","10.1","49","NULL"
"Kansas City","MO-KS","2009342","28140","1","NULL","12","48","0.074","61","8.2","17","6"
"Kapaa","HI","67091","28180","NULL","NULL","5","39","NULL","NULL","2.6","8","3"
"Keene","NH","77117","28300","NULL","NULL","NULL","NULL","0.061","NULL","5.3","17","NULL"
"Kennewick-Richland","WA","253340","28420","NULL","NULL","NULL","NULL","0.073","169","IN","IN","NULL"
"Ketchikan","AK","13477","28540","NULL","NULL","NULL","NULL","NULL","NULL","IN","IN","NULL"
"Killeen-Temple","TX","405300","28660","NULL","NULL","IN","IN","0.072","NULL","NULL","NULL","NULL"
"Kingsport-Bristol-Bristol","TN-VA","309544","28700","NULL","0","NULL","NULL","0.065","NULL","7.2","15","86"
"Kingsville","TX","32477","28780","NULL","NULL","NULL","NULL","NULL","NULL","IN","IN","NULL"
"Kinston","NC","59495","28820","NULL","NULL","NULL","NULL","0.064","20","IN","IN","NULL"
"Klamath Falls","OR","66380","28900","NULL","NULL","NULL","NULL","NULL","NULL","18.6","146","NULL"
"Knoxville","TN","837571","28940","0","0.06","1","5","0.067","39","8.1","17","6"
"Kokomo","IN","82752","29020","NULL","NULL","NULL","NULL","0.072","NULL","7.9","18","NULL"
"Laconia","NH","60088","29060","NULL","NULL","NULL","NULL","0.056","NULL","4.5","11","NULL"
"La Crosse-Onalaska","WI-MN","133665","29100","NULL","NULL","NULL","NULL","0.062","NULL","7.7","21","NULL"
"Lafayette","LA","466750","29180","NULL","NULL","NULL","NULL","0.065","108","8.4","22","NULL"
"Lafayette-West Lafayette","IN","201789","29200","NULL","NULL","NULL","NULL","0.066","NULL","8.3","19","NULL"
"La Grande","OR","25748","29260","NULL","NULL","NULL","NULL","NULL","51","IN","IN","NULL"
"Lake Charles","LA","199607","29340","NULL","NULL","8","42","0.069","NULL","7.9","25","31"
"Lake City","FL","67531","29380","NULL","NULL","NULL","NULL","0.063","NULL","NULL","NULL","NULL"
"Lake Havasu City-Kingman","AZ","200186","29420","NULL","NULL","NULL","NULL","NULL","102","NULL","NULL","NULL"
"Lakeland-Winter Haven","FL","602095","29460","NULL","NULL","NULL","NULL","0.066","35","IN","IN","16"
"Lancaster","PA","519445","29540","NULL","0.06","NULL","NULL","0.069","38","9.5","24","NULL"
"Lansing-East Lansing","MI","464036","29620","NULL","NULL","IN","IN","0.071","NULL","IN","IN","IN"
"Laramie","WY","36299","29660","NULL","NULL","IN","IN","0.07","113","4.9","14","IN"
"Laredo","TX","250304","29700","2","NULL","NULL","NULL","0.058","78","9.4","26","NULL"
"Las Cruces","NM","209233","29740","NULL","NULL","7","47","0.081","325","8.2","22","NULL"
"Las Vegas-Henderson-Paradise","NV","1951269","29820","3","NULL","27","59","0.081","133","9.6","26","IN"
"Laurel","MS","84823","29860","NULL","NULL","NULL","NULL","NULL","NULL","IN","IN","NULL"
"Lawrenceburg","TN","41869","29980","NULL","NULL","NULL","NULL","NULL","NULL","7","15","NULL"
"Lawton","OK","130291","30020","NULL","NULL","NULL","NULL","0.072","NULL","7.1","18","NULL"
"Lebanon","PA","133568","30140","NULL","NULL","NULL","NULL","0.07","NULL","8.8","23","NULL"
"Lewiston","ID-WA","60888","30300","NULL","NULL","NULL","NULL","NULL","NULL","IN","IN","NULL"
"Lewiston-Auburn","ME","107702","30340","NULL","NULL","NULL","NULL","0.059","27","5.1","15","NULL"
"Lexington-Fayette","KY","472099","30460","NULL","NULL","3","31","0.063","51","IN","IN","5"
"Lima","OH","106331","30620","NULL","NULL","NULL","NULL","0.075","NULL","8.3","18","4"
"Lincoln","NE","302157","30700","NULL","NULL","NULL","NULL","0.062","NULL","7.1","19","10"
"Little Rock-North Little Rock-Conway","AR","699757","30780","1","NULL","7","42","0.067","51","9.7","22","6"
"Logan","UT-ID","125442","30860","NULL","NULL","4","30","0.069","67","7.3","28","NULL"
"London","KY","126369","30940","NULL","NULL","NULL","NULL","NULL","NULL","IN","IN","NULL"
"Longview","TX","214369","30980","NULL","NULL","4","19","0.068","NULL","IN","IN","109"
"Longview","WA","102410","31020","NULL","NULL","NULL","NULL","NULL","NULL","IN","IN","NULL"
"Los Angeles-Long Beach-Anaheim","CA","12828837","31080","3","0.06","22","79","0.102","90","13.3","36","9"
"Louisville/Jefferson County","KY-IN","1235708","31140","1","NULL","15","46","0.077","44","10.3","26","16"
"Lubbock","TX","290805","31180","NULL","NULL","NULL","NULL","NULL","NULL","IN","IN","NULL"
"Ludington","MI","28705","31220","NULL","NULL","NULL","NULL","0.068","NULL","NULL","NULL","NULL"
"Lumberton","NC","134168","31300","NULL","NULL","NULL","NULL","NULL","NULL","IN","IN","NULL"
"Lynchburg","VA","252634","31340","NULL","NULL","NULL","NULL","NULL","NULL","6.4","14","NULL"
"Macon","GA","232293","31420","NULL","NULL","NULL","NULL","0.064","NULL","8.5","18","3"
"Madera","CA","150865","31460","1","NULL","6","33","0.076","140","14","50","NULL"
"Madison","WI","605435","31540","NULL","NULL","NULL","NULL","0.066","42","8.6","23","3"
"Malone","NY","51599","31660","NULL","NULL","NULL","NULL","NULL","NULL","NULL","NULL","1"
"Manchester-Nashua","NH","400721","31700","0","NULL","NULL","NULL","0.066","NULL","3.2","12","3"
"Manitowoc","WI","81442","31820","NULL","NULL","IN","IN","0.076","NULL","IN","IN","NULL"
"Mankato-North Mankato","MN","96740","31860","NULL","NULL","NULL","NULL","NULL","NULL","IN","IN","NULL"
"Marietta","OH","61778","31930","NULL","0","NULL","NULL","0.066","NULL","NULL","NULL","NULL"
"Marion","NC","44996","32000","NULL","NULL","NULL","NULL","NULL","NULL","IN","IN","NULL"
"Marion","OH","66501","32020","NULL","0.02","NULL","NULL","NULL","NULL","NULL","NULL","NULL"
"Marshall","MN","25857","32140","NULL","NULL","NULL","NULL","0.061","NULL","6.1","14","NULL"
"Marshall","TX","65631","32220","NULL","NULL","2","15","0.061","IN","8.4","21","45"
"Mason City","IA","51749","32380","NULL","NULL","NULL","NULL","NULL","50","IN","IN","NULL"
"Mayagüez","PR","106330","32420","NULL","NULL","NULL","NULL","NULL","NULL","IN","IN","NULL"
"McAlester","OK","45837","32540","NULL","0","NULL","NULL","0.069","NULL","8.7","27","NULL"
"McAllen-Edinburg-Mission","TX","774769","32580","NULL","NULL","NULL","NULL","0.059","77","11.7","29","NULL"
"Medford","OR","203206","32780","NULL","NULL","NULL","NULL","0.074","66","IN","169","NULL"
"Memphis","TN-MS-AR","1324829","32820","1","NULL","10","38","0.073","89","9","21","3"
"Merced","CA","255793","32900","NULL","NULL","7","36","0.079","80","15.1","56","NULL"
"Meridian","MS","107449","32940","NULL","NULL","NULL","NULL","0.062","NULL","IN","IN","NULL"
"Miami","OK","31848","33060","NULL","0.02","NULL","NULL","0.063","55","IN","IN","NULL"
"Miami-Fort Lauderdale-West Palm Beach","FL","5564635","33100","1","NULL","15","46","0.066","124","8.4","18","4"
"Michigan City-La Porte","IN","111467","33140","NULL","NULL","NULL","NULL","0.082","NULL","IN","IN","NULL"
"Middlesborough","KY","28691","33180","NULL","NULL","NULL","NULL","0.061","NULL","7.6","16","NULL"
"Milwaukee-Waukesha-West Allis","WI","1555908","33340","1","NULL","14","47","0.073","40","9.1","22","4"
"Minneapolis-St. Paul-Bloomington","MN-WI","3348859","33460","4","0.08","13","45","0.069","144","8.9","25","17"
"Minot","NULL","69540","33500","NULL","NULL","2","12","0.061","56","5.7","26","8"
"Missoula","MT","109299","33540","NULL","NULL","NULL","NULL","0.053","63","8","29","NULL"
"Mobile","AL","412992","33660","NULL","NULL","NULL","NULL","0.065","NULL","8.1","17","10"
"Modesto","CA","514453","33700","2","NULL","10","47","0.084","184","17.2","100","NULL"
"Monroe","LA","176441","33740","NULL","NULL","NULL","NULL","0.057","NULL","7.9","24","NULL"
"Monroe","MI","152021","33780","NULL","NULL","NULL","NULL","NULL","50","IN","IN","4"
"Montgomery","AL","374536","33860","NULL","NULL","NULL","NULL","0.062","49","8.4","18","NULL"
"Montrose","CO","41276","33940","NULL","NULL","NULL","NULL","0.065","NULL","NULL","NULL","NULL"
"Morehead City","NC","66469","33980","NULL","NULL","NULL","NULL","0.06","NULL","NULL","NULL","NULL"
"Morgantown","WV","129709","34060","NULL","NULL","NULL","NULL","0.062","NULL","IN","IN","IN"
"Morristown","TN","113951","34100","NULL","NULL","NULL","NULL","0.067","NULL","NULL","NULL","NULL"
"Moscow","ID","37244","34140","NULL","NULL","NULL","NULL","NULL","NULL","IN","IN","NULL"
"Moses Lake","WA","89120","34180","NULL","NULL","IN","IN","NULL","NULL","IN","IN","NULL"
"Mount Pleasant","TX","32334","34420","NULL","NULL","NULL","NULL","NULL","NULL","NULL","NULL","20"
"Mount Vernon","IL","38827","34500","NULL","NULL","NULL","NULL","0.069","NULL","8.9","21","NULL"
"Mount Vernon","OH","60921","34540","NULL","NULL","NULL","NULL","0.066","NULL","NULL","NULL","NULL"
"Mount Vernon-Anacortes","WA","116901","34580","NULL","NULL","IN","IN","0.045","NULL","6.3","28","2"
"Muncie","IN","117671","34620","NULL","0.03","NULL","NULL","0.07","NULL","8.3","19","NULL"
"Muscatine","IA","42745","34700","NULL","NULL","NULL","NULL","NULL","47","8.8","22","24"
"Muskegon","MI","172188","34740","NULL","NULL","NULL","NULL","0.08","NULL","IN","IN","NULL"
"Muskogee","OK","70990","34780","NULL","NULL","NULL","NULL","NULL","155","IN","IN","31"
"Myrtle Beach-Conway-North Myrtle Beach","SC-NC","376722","34820","NULL","NULL","NULL","NULL","0.062","NULL","IN","IN","IN"
"Napa","CA","136484","34900","1","NULL","IN","IN","0.054","IN","IN","74","NULL"
"Naples-Immokalee-Marco Island","FL","321520","34940","NULL","NULL","NULL","NULL","0.062","NULL","NULL","NULL","NULL"
"Nashville-Davidson--Murfreesboro--Franklin","TN","1670890","34980","2","NULL","14","47","0.071","41","9.2","18","IN"
"Natchez","MS-LA","53119","35020","NULL","NULL","NULL","NULL","NULL","NULL","IN","IN","NULL"
"New Castle","IN","49462","35220","NULL","NULL","NULL","NULL","NULL","NULL","7.9","17","NULL"
"New Castle","PA","91108","35260","NULL","0.03","NULL","NULL","0.066","NULL","NULL","NULL","IN"
"New Haven-Milford","CT","862477","35300","1","NULL","12","52","0.077","38","8.3","22","3"
"New Orleans-Metairie","LA","1189866","35380","2","0.08","10","45","0.07","63","8.6","21","53"
"New York-Newark-Jersey City","NY-NJ-PA","19567410","35620","3","NULL","19","68","0.079","38","11.1","27","8"
"Niles-Benton Harbor","MI","156813","35660","NULL","NULL","NULL","NULL","0.073","NULL","IN","IN","NULL"
"Nogales","AZ","47420","35700","NULL","NULL","NULL","NULL","NULL","114","8.5","22","NULL"
"North Platte","NE","37590","35820","NULL","NULL","NULL","NULL","NULL","NULL","IN","IN","NULL"
"North Port-Sarasota-Bradenton","FL","702281","35840","NULL","NULL","2","14","0.066","39","6.6","13","10"
"Norwich-New London","CT","274055","35980","NULL","NULL","NULL","NULL","0.074","31","IN","IN","NULL"
"Ocala","FL","331298","36100","NULL","NULL","NULL","NULL","0.062","NULL","IN","IN","NULL"
"Odessa","TX","137130","36220","NULL","NULL","NULL","NULL","NULL","NULL","IN","IN","NULL"
"Ogden-Clearfield","UT","597159","36260","1","NULL","17","46","0.08","102","8.3","26","NULL"
"Ogdensburg-Massena","NY","111944","36300","NULL","NULL","NULL","NULL","NULL","NULL","IN","IN","87"
"Oklahoma City","OK","1252987","36420","2","NULL","13","41","0.076","92","10.1","24","3"
"Olympia-Tumwater","WA","252264","36500","NULL","NULL","NULL","NULL","0.064","NULL","IN","IN","NULL"
"Omaha-Council Bluffs","NE-IA","865350","36540","1","0.08","NULL","NULL","0.07","62","9.1","22","37"
"Orangeburg","SC","92501","36700","NULL","NULL","NULL","NULL","NULL","NULL","IN","IN","NULL"
"Orlando-Kissimmee-Sanford","FL","2134411","36740","1","NULL","5","30","0.067","32","6.8","16","4"
"Oshkosh-Neenah","WI","166994","36780","NULL","NULL","NULL","NULL","NULL","NULL","IN","IN","NULL"
"Othello","WA","18728","36830","NULL","NULL","NULL","NULL","NULL","NULL","IN","IN","NULL"
"Ottawa-Peru","IL","154908","36860","NULL","NULL","NULL","NULL","NULL","NULL","NULL","IN","27"
"Owensboro","KY","114752","36980","NULL","NULL","4","28","0.065","NULL","8.5","18","17"
"Oxford","NC","59916","37080","NULL","NULL","NULL","NULL","0.065","NULL","NULL","NULL","NULL"
"Oxnard-Thousand Oaks-Ventura","CA","823318","37100","NULL","NULL","8","37","0.076","160","10.2","24","NULL"
"Paducah","KY-IL","98762","37140","NULL","NULL","5","28","0.067","33","8.5","18","10"
"Pahrump","NV","43946","37220","NULL","NULL","NULL","NULL","NULL","150","NULL","NULL","NULL"
"Palatka","FL","74364","37260","NULL","NULL","NULL","NULL","NULL","54","NULL","NULL","13"
"Palm Bay-Melbourne-Titusville","FL","543376","37340","NULL","NULL","NULL","NULL","0.064","26","5.4","11","NULL"
"Panama City","FL","184715","37460","NULL","NULL","NULL","NULL","0.061","NULL","IN","IN","NULL"
"Parkersburg-Vienna","WV","92673","37620","NULL","NULL","NULL","NULL","0.061","NULL","7.7","17","16"
"Payson","AZ","53597","37740","NULL","0.23","NULL","NULL","0.076","239","IN","IN","208"
"Pensacola-Ferry Pass-Brent","FL","448991","37860","NULL","NULL","NULL","NULL","0.067","NULL","7.5","19","5"
"Peoria","IL","379186","37900","NULL","NULL","NULL","NULL","0.07","NULL","9.4","20","IN"
"Philadelphia-Camden-Wilmington","PA-NJ-DE-MD","5965343","37980","1","IN","11","45","0.084","45","12.1","23","14"
"Phoenix-Mesa-Scottsdale","AZ","4192887","38060","3","0.05","28","62","0.08","829","12.1","34","8"
"Picayune","MS","55834","38100","NULL","NULL","NULL","NULL","NULL","NULL","IN","IN","NULL"
"Pierre","SD","21361","38180","NULL","NULL","NULL","NULL","NULL","NULL","4.1","14","NULL"
"Pine Bluff","AR","100258","38220","NULL","NULL","NULL","NULL","NULL","NULL","IN","IN","NULL"
"Pittsburgh","PA","2356285","38300","3","0","10","38","0.074","67","11.5","28","130"
"Pittsfield","MA","131219","38340","NULL","NULL","NULL","NULL","0.051","NULL","5.9","16","NULL"
"Platteville","WI","51208","38420","NULL","NULL","NULL","NULL","NULL","NULL","8.4","20","NULL"
"Pocatello","ID","82839","38540","NULL","NULL","NULL","NULL","NULL","109","IN","IN","44"
"Point Pleasant","WV-OH","58258","38580","NULL","NULL","NULL","NULL","NULL","NULL","NULL","NULL","57"
"Ponca City","OK","46562","38620","NULL","NULL","NULL","NULL","0.06","NULL","8.3","20","31"
"Ponce","PR","350480","38660","2","NULL","NULL","NULL","NULL","120","IN","39","NULL"
"Port Angeles","WA","71404","38820","1","NULL","NULL","NULL","0.058","NULL","IN","IN","1"
"Portland-South Portland","ME","514098","38860","1","NULL","8","IN","0.068","69","6.8","16","7"
"Portland-Vancouver-Hillsboro","OR-WA","2226009","38900","2","NULL","12","38","0.07","27","8","32","3"
"Port St. Lucie","FL","424107","38940","NULL","NULL","NULL","NULL","0.064","NULL","IN","IN","NULL"
"Portsmouth","OH","79499","39020","NULL","NULL","NULL","NULL","NULL","42","7.1","16","29"
"Prescott","AZ","211033","39140","NULL","NULL","NULL","NULL","0.065","NULL","IN","IN","NULL"
"Price","UT","21403","39220","NULL","NULL","2","14","0.073","NULL","NULL","NULL","NULL"
"Prineville","OR","20978","39260","NULL","NULL","NULL","NULL","NULL","NULL","8.9","33","NULL"
"Providence-Warwick","RI-MA","1600852","39300","2","NULL","17","37","0.079","36","8.9","20","4"
"Provo-Orem","UT","526810","39340","1","NULL","9","41","0.079","85","8.6","50","NULL"
"Pueblo","CO","159063","39380","NULL","NULL","NULL","NULL","NULL","56","6.2","16","NULL"
"Pullman","WA","44776","39420","NULL","NULL","NULL","NULL","NULL","NULL","IN","IN","NULL"
"Quincy","IL-MO","77314","39500","NULL","NULL","NULL","NULL","0.063","NULL","IN","IN","NULL"
"Racine","WI","195408","39540","NULL","NULL","NULL","NULL","0.078","NULL","NULL","NULL","NULL"
"Raleigh","NC","1130490","39580","1","NULL","9","34","0.063","28","8.1","16","3"
"Rapid City","SD","134598","39660","NULL","NULL","6","39","0.063","124","6.7","27","2"
"Reading","PA","411442","39740","NULL","0.02","NULL","NULL","0.071","NULL","8.2","23","IN"
"Red Bluff","CA","63463","39780","NULL","NULL","NULL","NULL","0.082","100","10.5","63","NULL"
"Redding","CA","177223","39820","NULL","NULL","NULL","NULL","0.079","137","15.9","103","NULL"
"Red Wing","MN","46183","39860","NULL","NULL","NULL","NULL","0.063","NULL","NULL","NULL","NULL"
"Reno","NV","425417","39900","2","NULL","13","46","0.078","126","8","35","4"
"Richmond","VA","1208101","40060","1","NULL","12","43","0.066","28","8.2","19","18"
"Richmond-Berea","KY","99972","40080","NULL","0.29","NULL","NULL","NULL","NULL","IN","IN","NULL"
"Riverside-San Bernardino-Ontario","CA","4224851","40140","2","0.01","30","71","0.111","377","14.5","34","6"
"Riverton","WY","40123","40180","NULL","NULL","1","3","0.066","42","7.3","22","50"
"Roanoke","VA","308707","40220","1","0.02","5","31","0.062","NULL","7","15","28"
"Rochester","MN","206877","40340","NULL","NULL","NULL","NULL","0.056","NULL","8.3","20","NULL"
"Rochester","NY","1079671","40380","1","NULL","9","37","0.071","31","7.3","19","8"
"Rockford","IL","349431","40420","NULL","NULL","NULL","NULL","0.07","NULL","IN","IN","NULL"
"Rockland","ME","7297","40500","NULL","NULL","NULL","NULL","0.064","NULL","NULL","NULL","NULL"
"Rock Springs","WY","43806","40540","NULL","NULL","3","34","0.068","193","5.4","19","45"
"Rocky Mount","NC","152392","40580","NULL","NULL","NULL","NULL","0.062","NULL","IN","IN","NULL"
"Rome","GA","96317","40660","NULL","NULL","NULL","NULL","NULL","NULL","IN","IN","15"
"Roseburg","OR","107667","40700","NULL","NULL","NULL","NULL","NULL","NULL","IN","IN","NULL"
"Roswell","NM","65645","40740","NULL","NULL","NULL","NULL","NULL","NULL","IN","IN","NULL"
"Russellville","AR","83939","40780","NULL","NULL","NULL","NULL","NULL","NULL","IN","IN","NULL"
"Rutland","VT","61642","40860","1","NULL","7","35","0.063","24","7.5","20","2"
"Sacramento--Roseville--Arden-Arcade","CA","2149127","40900","4","NULL","12","58","0.098","252","12.8","95","2"
"Saginaw","MI","200169","40980","NULL","NULL","NULL","NULL","NULL","NULL","IN","IN","NULL"
"St. Cloud","MN","189093","41060","NULL","NULL","NULL","NULL","0.066","NULL","6.5","18","NULL"
"St. George","UT","138115","41100","NULL","NULL","3","IN","0.069","NULL","IN","IN","NULL"
"St. Joseph","MO-KS","127329","41140","NULL","NULL","NULL","NULL","0.069","87","8.9","18","NULL"
"St. Louis","MO-IL","2787701","41180","1","0.11","11","47","0.077","91","11","23","38"
"St. Marys","PA","13070","41260","NULL","NULL","NULL","NULL","0.065","NULL","NULL","NULL","NULL"
"Salem","OH","107841","41400","NULL","0.03","NULL","NULL","NULL","26","NULL","NULL","IN"
"Salem","OR","390738","41420","NULL","NULL","NULL","NULL","0.066","NULL","IN","IN","NULL"
"Salina","KS","61697","41460","NULL","0.05","NULL","NULL","NULL","NULL","NULL","NULL","NULL"
"Salinas","CA","415057","41500","1","NULL","5","29","0.054","76","7.3","29","NULL"
"Salisbury","MD-DE","373802","41540","NULL","NULL","NULL","NULL","0.068","NULL","6.1","15","IN"
"Salt Lake City","UT","1087873","41620","3","NULL","15","49","0.08","103","9","31","IN"
"San Antonio-New Braunfels","TX","2142508","41700","1","NULL","7","40","0.073","56","7.9","33","IN"
"San Diego-Carlsbad","CA","3095313","41740","1","0.02","15","48","0.08","54","10","29","1"
"Sandpoint","ID","40877","41760","NULL","NULL","NULL","NULL","NULL","119","IN","IN","NULL"
"Sanford","NC","57866","41820","NULL","NULL","IN","IN","0.06","NULL","IN","IN","IN"
"San Francisco-Oakland-Hayward","CA","4335391","41860","3","NULL","17","59","0.069","102","14.4","82","20"
"San Jose-Sunnyvale-Santa Clara","CA","1836911","41940","2","0.08","17","59","0.066","115","12.8","73","3"
"San Juan-Carolina-Caguas","PR","2350126","41980","3","NULL","IN","IN","0.017","82","12.6","44","IN"
"San Luis Obispo-Paso Robles-Arroyo Grande","CA","269637","42020","NULL","NULL","5","31","0.071","123","8.8","29","1"
"Santa Cruz-Watsonville","CA","262382","42100","NULL","NULL","NULL","NULL","0.054","NULL","8.3","41","NULL"
"Santa Fe","NM","144170","42140","NULL","NULL","NULL","NULL","0.069","NULL","3.8","9","NULL"
"Santa Maria-Santa Barbara","CA","423895","42200","1","NULL","6","23","0.065","103","8.6","20","2"
"Santa Rosa","CA","483878","42220","1","NULL","4","41","0.055","205","8.3","65","NULL"
"Sault Ste. Marie","MI","38520","42300","NULL","NULL","NULL","NULL","0.054","NULL","IN","IN","NULL"
"Savannah","GA","347611","42340","NULL","NULL","NULL","NULL","0.058","NULL","8.5","17","41"
"Sayre","PA","62622","42380","NULL","NULL","2","17","0.064","NULL","6.7","18","NULL"
"Scottsbluff","NE","38971","42420","NULL","NULL","NULL","NULL","NULL","NULL","6.3","18","NULL"
"Scranton--Wilkes-Barre--Hazleton","PA","563631","42540","1","0","8","39","0.067","32","IN","IN","3"
"Searcy","AR","77076","42620","NULL","NULL","NULL","NULL","NULL","NULL","IN","IN","NULL"
"Seattle-Tacoma-Bellevue","WA","3439809","42660","1","NULL","20","64","0.077","60","9.3","42","8"
"Sebastian-Vero Beach","FL","138028","42680","NULL","NULL","NULL","NULL","0.064","NULL","NULL","NULL","NULL"
"Sebring","FL","98786","42700","NULL","NULL","NULL","NULL","0.06","NULL","NULL","NULL","NULL"
"Seneca","SC","74273","42860","NULL","NULL","NULL","NULL","0.062","NULL","5.7","14","1"
"Seneca Falls","NY","35251","42900","NULL","NULL","NULL","NULL","NULL","NULL","NULL","NULL","2"
"Sevierville","TN","89889","42940","NULL","NULL","NULL","NULL","0.067","NULL","NULL","NULL","NULL"
"Seymour","IN","42376","42980","NULL","NULL","NULL","NULL","0.065","NULL","NULL","NULL","NULL"
"Shawnee","OK","69442","43060","NULL","NULL","NULL","NULL","NULL","NULL","IN","IN","NULL"
"Sheboygan","WI","115507","43100","NULL","0.02","NULL","NULL","0.083","NULL","NULL","NULL","NULL"
"Shelton","WA","60699","43220","NULL","NULL","NULL","NULL","NULL","NULL","IN","IN","NULL"
"Sheridan","WY","29116","43260","NULL","NULL","IN","IN","0.069","55","7.2","21","IN"
"Show Low","AZ","107449","43320","NULL","NULL","NULL","NULL","0.069","51","NULL","NULL","NULL"
"Shreveport-Bossier City","LA","439811","43340","NULL","NULL","NULL","NULL","0.066","115","10.7","22","11"
"Sierra Vista-Douglas","AZ","131346","43420","NULL","NULL","NULL","NULL","0.067","88","5.6","12","NULL"
"Silver City","NM","29514","43500","NULL","NULL","NULL","NULL","NULL","NULL","IN","IN","NULL"
"Sioux City","IA-NE-SD","168563","43580","NULL","NULL","2","18","0.068","120","8.3","20","3"
"Sioux Falls","SD","228261","43620","1","NULL","5","34","0.069","58","5.5","16","3"
"Somerset","KY","63063","43700","NULL","NULL","NULL","NULL","0.06","NULL","7.5","16","NULL"
"Somerset","PA","77742","43740","NULL","NULL","NULL","NULL","0.063","NULL","NULL","NULL","NULL"
"Sonora","CA","55365","43760","NULL","NULL","NULL","NULL","0.084","NULL","NULL","NULL","NULL"
"South Bend-Mishawaka","IN-MI","319224","43780","NULL","NULL","10","39","0.075","NULL","9.4","22","NULL"
"Spartanburg","SC","313268","43900","NULL","NULL","NULL","NULL","0.062","NULL","IN","IN","NULL"
"Spokane-Spokane Valley","WA","527753","44060","NULL","NULL","NULL","NULL","0.072","180","10.3","50","NULL"
"Springfield","IL","210170","44100","NULL","NULL","NULL","NULL","0.069","NULL","9.5","20","NULL"
"Springfield","MA","621570","44140","IN","NULL","5","37","0.07","IN","IN","IN","IN"
"Springfield","MO","436712","44180","NULL","NULL","NULL","NULL","0.065","39","7.6","18","NULL"
"Springfield","OH","138333","44220","NULL","NULL","NULL","NULL","0.071","NULL","9.8","25","4"
"State College","PA","153990","44300","NULL","NULL","2","IN","0.064","NULL","8.7","23","5"
"Steamboat Springs","CO","23509","44460","NULL","NULL","NULL","NULL","NULL","53","IN","IN","NULL"
"Stillwater","OK","77350","44660","NULL","NULL","NULL","NULL","NULL","NULL","IN","IN","NULL"
"Stockton-Lodi","CA","685306","44700","2","NULL","12","58","0.075","212","17.6","97","NULL"
"Summerville","GA","26015","44900","NULL","NULL","NULL","NULL","0.059","NULL","NULL","NULL","NULL"
"Syracuse","NY","662577","45060","NULL","NULL","NULL","NULL","0.067","NULL","5.1","16","2"
"Tahlequah","OK","46987","45140","NULL","NULL","NULL","NULL","NULL","NULL","IN","IN","NULL"
"Talladega-Sylacauga","AL","93830","45180","NULL","NULL","NULL","NULL","NULL","NULL","IN","IN","NULL"
"Tallahassee","FL","367413","45220","1","NULL","NULL","NULL","0.06","NULL","7.3","17","IN"
"Tampa-St. Petersburg-Clearwater","FL","2783243","45300","1","0.11","10","31","0.07","52","6.8","15","12"
"Taos","NM","32937","45340","NULL","NULL","NULL","NULL","NULL","NULL","6.3","15","NULL"
"Terre Haute","IN","172425","45460","NULL","NULL","NULL","NULL","0.069","33","8.8","24","4"
"Texarkana","TX-AR","149198","45500","NULL","NULL","NULL","NULL","NULL","NULL","9.4","21","NULL"
"The Dalles","OR","25213","45520","NULL","NULL","NULL","NULL","0.053","IN","IN","IN","NULL"
"Toledo","OH","610001","45780","NULL","0.09","NULL","NULL","0.078","NULL","8.9","22","32"
"Topeka","KS","233870","45820","NULL","NULL","NULL","NULL","0.062","61","9.7","25","NULL"
"Torrington","CT","189927","45860","0","NULL","NULL","NULL","0.071","30","4.2","13","3"
"Traverse City","MI","143372","45900","NULL","NULL","NULL","NULL","0.069","NULL","IN","IN","NULL"
"Trenton","NJ","366513","45940","NULL","NULL","NULL","NULL","0.077","NULL","7.8","18","NULL"
"Troy","AL","32899","45980","NULL","0.11","NULL","NULL","NULL","NULL","NULL","NULL","NULL"
"Truckee-Grass Valley","CA","98764","46020","NULL","NULL","NULL","NULL","0.095","NULL","6.2","46","NULL"
"Tucson","AZ","980263","46060","1","NULL","8","41","0.071","206","5.6","12","2"
"Tulsa","OK","937478","46140","1","0.01","7","39","0.073","59","10.5","27","8"
"Tupelo","MS","136268","46180","NULL","NULL","NULL","NULL","0.06","NULL","IN","IN","NULL"
"Tuscaloosa","AL","230162","46220","NULL","NULL","NULL","NULL","0.063","NULL","7.7","17","NULL"
"Twin Falls","ID","99604","46300","NULL","NULL","NULL","NULL","NULL","NULL","IN","IN","NULL"
"Tyler","TX","209714","46340","NULL","NULL","2","12","0.069","NULL","NULL","NULL","NULL"
"Ukiah","CA","87841","46380","NULL","NULL","NULL","NULL","0.053","152","11.3","60","NULL"
"Urban Honolulu","HI","953207","46520","3","0","4","27","0.049","31","3.7","9","38"
"Utica-Rome","NY","299397","46540","NULL","NULL","NULL","NULL","0.064","NULL","IN","IN","IN"
"Valdosta","GA","139588","46660","NULL","NULL","NULL","NULL","NULL","NULL","6.9","17","NULL"
"Vallejo-Fairfield","CA","413344","46700","2","NULL","8","IN","0.061","105","13.3","83","IN"
"Vernal","UT","32588","46860","NULL","NULL","4","21","0.069","NULL","5.6","19","NULL"
"Vicksburg","MS","58377","46980","NULL","NULL","NULL","NULL","NULL","NULL","IN","IN","NULL"
"Victoria","TX","94003","47020","NULL","NULL","NULL","NULL","0.066","NULL","NULL","NULL","NULL"
"Vincennes","IN","38440","47180","NULL","NULL","NULL","NULL","0.071","NULL","IN","IN","NULL"
"Vineland-Bridgeton","NJ","156898","47220","NULL","NULL","5","32","0.063","NULL","IN","IN","NULL"
"Vineyard Haven","MA","16535","47240","NULL","NULL","NULL","NULL","0.068","NULL","NULL","NULL","NULL"
"Virginia Beach-Norfolk-Newport News","VA-NC","1676822","47260","1","NULL","7","38","0.063","21","6.6","14","21"
"Visalia-Porterville","CA","442179","47300","NULL","NULL","11","53","0.091","152","17.3","63","NULL"
"Wabash","IN","32888","47340","NULL","NULL","NULL","NULL","0.076","NULL","NULL","NULL","NULL"
"Waco","TX","252772","47380","0","NULL","NULL","NULL","0.068","NULL","IN","IN","IN"
"Walla Walla","WA","62859","47460","NULL","NULL","NULL","NULL","NULL","186","IN","IN","NULL"
"Walterboro","SC","5401","47500","NULL","NULL","NULL","NULL","0.056","NULL","IN","IN","NULL"
"Warner Robins","GA","179605","47580","NULL","NULL","NULL","NULL","NULL","NULL","8.8","20","NULL"
"Warren","PA","41815","47620","NULL","NULL","NULL","NULL","NULL","NULL","NULL","NULL","30"
"Washington","IN","31648","47780","NULL","NULL","NULL","NULL","NULL","NULL","NULL","NULL","13"
"Washington","NC","47759","47820","NULL","NULL","NULL","NULL","NULL","NULL","NULL","NULL","IN"
"Washington-Arlington-Alexandria","DC-VA-MD-WV","5636232","47900","2","NULL","15","49","0.073","40","9.5","21","5"
"Washington Court House","OH","29030","47920","NULL","NULL","NULL","NULL","0.063","NULL","NULL","NULL","NULL"
"Waterloo-Cedar Falls","IA","167819","47940","NULL","NULL","NULL","NULL","0.069","NULL","8.2","20","NULL"
"Watertown","SD","27227","47980","NULL","NULL","NULL","NULL","NULL","86","7.7","16","NULL"
"Watertown-Fort Atkinson","WI","83686","48020","NULL","NULL","NULL","NULL","0.068","NULL","IN","IN","NULL"
"Watertown-Fort Drum","NY","116229","48060","NULL","NULL","NULL","NULL","0.068","NULL","NULL","NULL","NULL"
"Wausau","WI","134063","48140","NULL","NULL","NULL","NULL","0.065","NULL","NULL","NULL","NULL"
"Weatherford","OK","27469","48220","NULL","NULL","NULL","NULL","NULL","84","IN","IN","NULL"
"Weirton-Steubenville","WV-OH","124454","48260","NULL","NULL","NULL","NULL","0.068","46","8.8","20","48"
"Wenatchee","WA","110884","48300","NULL","NULL","NULL","NULL","NULL","NULL","IN","IN","1"
"West Plains","MO","40400","48460","NULL","NULL","NULL","NULL","NULL","NULL","IN","IN","NULL"
"Wheeling","WV-OH","147950","48540","1","NULL","8","32","0.066","52","9","20","9"
"Whitewater-Elkhorn","WI","102228","48580","NULL","NULL","NULL","NULL","0.07","NULL","NULL","NULL","NULL"
"Wichita","KS","630919","48620","NULL","NULL","8","40","0.067","86","8.2","20","4"
"Williamsport","PA","116111","48700","NULL","NULL","NULL","NULL","0.063","IN","NULL","NULL","NULL"
"Williston","NULL","22398","48780","NULL","NULL","NULL","NULL","0.061","51","6.1","23","63"
"Willmar","MN","42239","48820","NULL","NULL","NULL","NULL","NULL","NULL","IN","IN","NULL"
"Wilmington","NC","254884","48900","NULL","NULL","NULL","NULL","0.062","NULL","3.5","11","NULL"
"Wilmington","OH","42040","48940","NULL","NULL","NULL","NULL","0.067","NULL","NULL","NULL","NULL"
"Winchester","VA-WV","128472","49020","NULL","NULL","NULL","NULL","0.059","20","7.3","23","NULL"
"Winona","MN","51461","49100","NULL","NULL","NULL","NULL","NULL","NULL","IN","IN","NULL"
"Winston-Salem","NC","640595","49180","NULL","NULL","7","35","0.067","30","9.3","22","5"
"Wisconsin Rapids-Marshfield","WI","74749","49220","NULL","NULL","NULL","NULL","NULL","NULL","IN","IN","NULL"
"Worcester","MA-CT","916980","49340","1","NULL","IN","IN","0.072","IN","6.1","17","4"
"Yakima","WA","243231","49420","NULL","NULL","NULL","NULL","NULL","129","10.5","50","NULL"
"York-Hanover","PA","434972","49620","IN","NULL","IN","IN","0.065","NULL","IN","IN","8"
"Youngstown-Warren-Boardman","OH-PA","565773","49660","NULL","NULL","NULL","NULL","0.071","39","7.8","19","5"
"Yuba City","CA","166892","49700","3","NULL","7","41","0.08","245","10.3","37","NULL"
"Yuma","AZ","195751","49740","NULL","NULL","NULL","NULL","0.074","227","8.7","26","NULL"