"County Code","County","StateCode","CO 2nd Max 1-hr","CO 2nd Max 8-hr","NO2 98th Percentile 1-hr","NO2 Mean 1-hr","Ozone 2nd Max 1-hr","Ozone 4th Max 8-hr","SO2 99th Percentile 1-hr","SO2 2nd Max 24-hr","SO2 Mean 1-hr","PM2.5 98th Percentile 24-hr","PM2.5 Weighted Mean 24-hr","PM10 2nd Max 24-hr","PM10 Mean 24-hr","Lead Max 3-Mo Avg"
"01003","Baldwin County","AL","NULL","NULL","NULL","NULL","0.07","0.063","NULL","NULL","NULL","NULL","NULL","NULL","NULL","NULL"
"01033","Colbert County","AL","NULL","NULL","NULL","NULL","0.06","0.056","NULL","NULL","NULL","NULL","NULL","NULL","NULL","NULL"
"01049","DeKalb County","AL","NULL","NULL","NULL","NULL","0.07","0.062","NULL","NULL","NULL","NULL","NULL","NULL","NULL","NULL"
"01051","Elmore County","AL","NULL","NULL","NULL","NULL","0.07","0.059","NULL","NULL","NULL","NULL","NULL","NULL","NULL","NULL"
"01055","Etowah County","AL","NULL","NULL","NULL","NULL","0.07","0.063","NULL","NULL","NULL","NULL","NULL","NULL","NULL","NULL"
"01069","Houston County","AL","NULL","NULL","NULL","NULL","0.07","0.057","NULL","NULL","NULL","NULL","NULL","NULL","NULL","NULL"
"01073","Jefferson County","AL","2.4","1.3","NULL","NULL","NULL","NULL","NULL","NULL","NULL","NULL","NULL","NULL","NULL","NULL"
"01089","Madison County","AL","NULL","NULL","NULL","NULL","0.07","0.062","NULL","NULL","NULL","NULL","NULL","NULL","NULL","NULL"
"01097","Mobile County","AL","NULL","NULL","NULL","NULL","0.07","0.059","NULL","NULL","NULL","NULL","NULL","NULL","NULL","NULL"
"01101","Montgomery County","AL","NULL","NULL","NULL","NULL","0.07","0.06","NULL","NULL","NULL","NULL","NULL","NULL","NULL","NULL"
"01103","Morgan County","AL","NULL","NULL","NULL","NULL","0.08","0.064","NULL","NULL","NULL","NULL","NULL","NULL","NULL","NULL"
"01113","Russell County","AL","NULL","NULL","NULL","NULL","0.07","0.061","NULL","NULL","NULL","NULL","NULL","NULL","NULL","NULL"
"01117","Shelby County","AL","NULL","NULL","NULL","NULL","0.09","0.067","NULL","NULL","NULL","NULL","NULL","NULL","NULL","NULL"
"01119","Sumter County","AL","NULL","NULL","NULL","NULL","0.07","0.057","NULL","NULL","NULL","NULL","NULL","NULL","NULL","NULL"
"01125","Tuscaloosa County","AL","NULL","NULL","NULL","NULL","0.07","0.06","NULL","NULL","NULL","NULL","NULL","NULL","NULL","NULL"
"02020","Anchorage Borough","AK","3.3","2.2","NULL","NULL","NULL","NULL","NULL","NULL","NULL","NULL","NULL","NULL","NULL","NULL"
"02068","Denali Borough","AK","NULL","NULL","NULL","NULL","0.06","0.053","NULL","NULL","NULL","NULL","NULL","NULL","NULL","NULL"
"02090","Fairbanks North Star Borough","AK","2.8","2.1","NULL","NULL","NULL","NULL","NULL","NULL","NULL","NULL","NULL","NULL","NULL","NULL"
"04003","Cochise County","AZ","NULL","NULL","NULL","NULL","0.07","0.066","NULL","NULL","NULL","10","5.1","97","26","NULL"
"04005","Coconino County","AZ","NULL","NULL","NULL","NULL","0.07","0.063","NULL","NULL","NULL","NULL","NULL","NULL","NULL","NULL"
"04007","Gila County","AZ","NULL","NULL","NULL","NULL","0.09","0.075","191","33","5","NULL","NULL","191","22","0.16"
"04012","La Paz County","AZ","NULL","NULL","NULL","NULL","0.07","0.062","NULL","NULL","NULL","7","3.3","40","11","NULL"
"04013","Maricopa County","AZ","2.7","2.3","48","25","0.1","0.074","3","2","1","20","7.8","51","24","NULL"
"04015","Mohave County","AZ","NULL","NULL","NULL","NULL","NULL","NULL","NULL","NULL","NULL","NULL","NULL","72","16","NULL"
"04017","Navajo County","AZ","NULL","NULL","NULL","NULL","0.08","0.066","NULL","NULL","NULL","NULL","NULL","NULL","NULL","NULL"
"04019","Pima County","AZ","1.2","0.6","30","7","0.08","0.065","1","0","0","9","5","139","39","NULL"
"04021","Pinal County","AZ","NULL","NULL","NULL","NULL","0.09","0.072","NULL","NULL","NULL","NULL","NULL","NULL","NULL","NULL"
"04023","Santa Cruz County","AZ","NULL","NULL","NULL","NULL","NULL","NULL","NULL","NULL","NULL","25","8.8","108","32","NULL"
"04025","Yavapai County","AZ","NULL","NULL","NULL","NULL","0.07","0.061","NULL","NULL","NULL","NULL","NULL","NULL","NULL","NULL"
"04027","Yuma County","AZ","NULL","NULL","NULL","NULL","0.08","0.065","NULL","NULL","NULL","16","7.9","174","35","NULL"
"05001","Arkansas County","AR","NULL","NULL","NULL","NULL","NULL","NULL","NULL","NULL","NULL","19","7.9","NULL","NULL","NULL"
"05003","Ashley County","AR","NULL","NULL","NULL","NULL","NULL","NULL","NULL","NULL","NULL","17","8.2","NULL","NULL","NULL"
"05019","Clark County","AR","NULL","NULL","NULL","NULL","0.06","0.057","NULL","NULL","NULL","NULL","NULL","NULL","NULL","NULL"
"05035","Crittenden County","AR","NULL","NULL","40","8","0.08","0.064","NULL","NULL","NULL","18","8.3","NULL","NULL","NULL"
"05051","Garland County","AR","NULL","NULL","NULL","NULL","NULL","NULL","NULL","NULL","NULL","16","8.8","NULL","NULL","NULL"
"05067","Jackson County","AR","NULL","NULL","NULL","NULL","NULL","NULL","NULL","NULL","NULL","18","8.2","NULL","NULL","NULL"
"05101","Newton County","AR","NULL","NULL","NULL","NULL","0.06","0.058","NULL","NULL","NULL","NULL","NULL","NULL","NULL","NULL"
"05113","Polk County","AR","NULL","NULL","NULL","NULL","0.07","0.062","NULL","NULL","NULL","17","8.6","NULL","NULL","NULL"
"05119","Pulaski County","AR","2","1.2","38","8","0.07","0.06","13","10","1","23","10.3","38","19","NULL"
"05139","Union County","AR","NULL","NULL","NULL","NULL","NULL","NULL","NULL","NULL","NULL","18","9","NULL","NULL","NULL"
"05143","Washington County","AR","NULL","NULL","NULL","NULL","0.07","0.061","NULL","NULL","NULL","19","8","26","15","NULL"
"06001","Alameda County","CA","3.3","1.5","NULL","14","0.1","0.06","NULL","NULL","NULL","NULL","NULL","NULL","NULL","NULL"
"06007","Butte County","CA","1.5","1","NULL","NULL","NULL","NULL","NULL","NULL","NULL","NULL","NULL","NULL","NULL","NULL"
"06011","Colusa County","CA","NULL","NULL","NULL","NULL","0.06","NULL","NULL","NULL","NULL","24","7","NULL","NULL","NULL"
"06013","Contra Costa County","CA","6.6","1.8","NULL","5","0.09","0.068","NULL","NULL","NULL","NULL","NULL","NULL","NULL","NULL"
"06017","El Dorado County","CA","NULL","NULL","NULL","NULL","0.09","0.07","NULL","NULL","NULL","NULL","NULL","NULL","NULL","NULL"
"06019","Fresno County","CA","1.8","1.3","NULL","NULL","NULL","NULL","NULL","NULL","NULL","37","11.2","NULL","NULL","NULL"
"06023","Humboldt County","CA","1.1","0.8","17","2","0.05","0.046","1","1","0","NULL","NULL","NULL","NULL","NULL"
"06025","Imperial County","CA","4.3","3.1","NULL","NULL","NULL","NULL","NULL","NULL","NULL","27","10.8","NULL","NULL","NULL"
"06027","Inyo County","CA","0.2","0.2","NULL","NULL","NULL","NULL","NULL","NULL","NULL","NULL","NULL","NULL","NULL","NULL"
"06029","Kern County","CA","1.2","0.8","NULL","NULL","NULL","NULL","NULL","NULL","NULL","47","13","NULL","NULL","NULL"
"06031","Kings County","CA","NULL","NULL","NULL","NULL","NULL","NULL","NULL","NULL","NULL","47","12.3","NULL","NULL","NULL"
"06033","Lake County","CA","NULL","NULL","NULL","NULL","0.06","0.051","NULL","NULL","NULL","NULL","NULL","NULL","NULL","NULL"
"06037","Los Angeles County","CA","3.2","2.2","NULL","NULL","NULL","NULL","NULL","NULL","NULL","NULL","NULL","NULL","NULL","NULL"
"06039","Madera County","CA","NULL","NULL","NULL","NULL","NULL","NULL","NULL","NULL","NULL","31","9","NULL","NULL","NULL"
"06041","Marin County","CA","1.3","0.8","NULL","NULL","0.08","0.059","NULL","NULL","NULL","NULL","NULL","NULL","NULL","NULL"
"06043","Mariposa County","CA","NULL","NULL","NULL","NULL","0.08","0.068","NULL","NULL","NULL","NULL","NULL","NULL","NULL","NULL"
"06045","Mendocino County","CA","NULL","NULL","NULL","NULL","0.06","NULL","NULL","NULL","NULL","NULL","NULL","NULL","NULL","NULL"
"06047","Merced County","CA","NULL","NULL","NULL","NULL","NULL","NULL","NULL","NULL","NULL","30","9.6","NULL","NULL","NULL"
"06053","Monterey County","CA","1.6","0.8","NULL","4","0.07","0.058","NULL","NULL","NULL","NULL","NULL","NULL","NULL","NULL"
"06055","Napa County","CA","1.2","0.8","NULL","4","0.08","0.06","NULL","NULL","NULL","NULL","NULL","NULL","NULL","NULL"
"06057","Nevada County","CA","NULL","NULL","NULL","NULL","0.08","0.072","NULL","NULL","NULL","16","6.3","NULL","NULL","NULL"
"06059","Orange County","CA","2.5","1.3","NULL","NULL","NULL","NULL","NULL","NULL","NULL","NULL","NULL","NULL","NULL","NULL"
"06061","Placer County","CA","NULL","NULL","NULL","NULL","0.09","0.079","NULL","NULL","NULL","21","6.5","NULL","NULL","NULL"
"06063","Plumas County","CA","NULL","NULL","NULL","NULL","NULL","NULL","NULL","NULL","NULL","27","10.8","NULL","NULL","NULL"
"06065","Riverside County","CA","1.3","1.1","NULL","NULL","0.12","0.095","NULL","NULL","NULL","NULL","NULL","NULL","NULL","NULL"
"06067","Sacramento County","CA","1.7","1.3","NULL","NULL","NULL","NULL","NULL","NULL","NULL","30","8.4","NULL","NULL","NULL"
"06069","San Benito County","CA","NULL","NULL","NULL","NULL","0.08","0.062","NULL","NULL","NULL","NULL","NULL","NULL","NULL","NULL"
"06071","San Bernardino County","CA","2.2","1.1","NULL","NULL","0.13","0.082","NULL","NULL","NULL","NULL","NULL","NULL","NULL","NULL"
"06073","San Diego County","CA","1.4","1","NULL","NULL","NULL","NULL","NULL","NULL","NULL","NULL","NULL","NULL","NULL","NULL"
"06075","San Francisco County","CA","1.2","0.9","NULL","9","0.09","0.053","NULL","NULL","NULL","NULL","NULL","NULL","NULL","NULL"
"06077","San Joaquin County","CA","1.6","1.2","NULL","NULL","NULL","NULL","NULL","NULL","NULL","NULL","NULL","NULL","NULL","NULL"
"06079","San Luis Obispo County","CA","NULL","NULL","NULL","3","0.07","0.066","NULL","NULL","NULL","NULL","NULL","NULL","NULL","NULL"
"06081","San Mateo County","CA","2","1","NULL","8","0.08","0.054","NULL","NULL","NULL","NULL","NULL","NULL","NULL","NULL"
"06083","Santa Barbara County","CA","0.8","0.6","NULL","2","0.08","0.063","NULL","NULL","NULL","16","6.8","62","20","NULL"
"06085","Santa Clara County","CA","1.9","1.4","NULL","13","0.09","0.064","NULL","NULL","NULL","NULL","NULL","NULL","NULL","NULL"
"06087","Santa Cruz County","CA","NULL","NULL","NULL","NULL","0.07","0.052","NULL","NULL","NULL","NULL","NULL","NULL","NULL","NULL"
"06089","Shasta County","CA","NULL","NULL","NULL","NULL","0.07","0.059","NULL","NULL","NULL","23","6.7","NULL","NULL","NULL"
"06095","Solano County","CA","1.9","1.3","NULL","NULL","0.08","0.054","NULL","NULL","NULL","NULL","NULL","NULL","NULL","NULL"
"06097","Sonoma County","CA","1.2","0.9","NULL","3","0.07","0.052","NULL","NULL","NULL","NULL","NULL","NULL","NULL","NULL"
"06099","Stanislaus County","CA","1.3","0.9","NULL","NULL","NULL","NULL","NULL","NULL","NULL","31","8.3","NULL","NULL","NULL"
"06101","Sutter County","CA","NULL","NULL","NULL","NULL","0.07","0.064","NULL","NULL","NULL","27","8.4","NULL","NULL","NULL"
"06103","Tehama County","CA","NULL","NULL","NULL","NULL","0.07","0.066","NULL","NULL","NULL","NULL","NULL","NULL","NULL","NULL"
"06107","Tulare County","CA","NULL","NULL","NULL","NULL","0.1","0.083","NULL","NULL","NULL","46","12.9","NULL","NULL","NULL"
"06111","Ventura County","CA","NULL","NULL","NULL","7","0.09","0.072","NULL","NULL","NULL","NULL","NULL","NULL","NULL","NULL"
"06113","Yolo County","CA","NULL","NULL","NULL","NULL","0.08","NULL","NULL","NULL","NULL","NULL","NULL","NULL","NULL","NULL"
"08001","Adams County","CO","1.6","1.3","NULL","15","0.07","0.06","NULL","NULL","NULL","NULL","NULL","NULL","NULL","NULL"
"08005","Arapahoe County","CO","NULL","NULL","NULL","NULL","0.09","0.073","NULL","NULL","NULL","NULL","NULL","NULL","NULL","NULL"
"08013","Boulder County","CO","NULL","NULL","NULL","NULL","0.08","0.069","NULL","NULL","NULL","NULL","NULL","NULL","NULL","NULL"
"08031","Denver County","CO","2.3","1.7","NULL","26","0.09","0.067","NULL","NULL","NULL","NULL","NULL","NULL","NULL","NULL"
"08035","Douglas County","CO","NULL","NULL","NULL","NULL","0.1","0.078","NULL","NULL","NULL","NULL","NULL","NULL","NULL","NULL"
"08041","El Paso County","CO","2","1.2","NULL","NULL","0.07","0.064","NULL","NULL","NULL","NULL","NULL","NULL","NULL","NULL"
"08045","Garfield County","CO","NULL","NULL","NULL","NULL","0.06","0.057","NULL","NULL","NULL","NULL","NULL","NULL","NULL","NULL"
"08051","Gunnison County","CO","NULL","NULL","NULL","NULL","0.07","0.066","NULL","NULL","NULL","NULL","NULL","NULL","NULL","NULL"
"08059","Jefferson County","CO","NULL","NULL","NULL","3","0.09","0.075","NULL","NULL","NULL","NULL","NULL","NULL","NULL","NULL"
"08067","La Plata County","CO","0.4","0.4","NULL","NULL","NULL","NULL","NULL","NULL","NULL","NULL","NULL","NULL","NULL","NULL"
"08069","Larimer County","CO","1.8","1.2","NULL","NULL","0.09","0.071","NULL","NULL","NULL","NULL","NULL","NULL","NULL","NULL"
"08077","Mesa County","CO","1","0.7","NULL","NULL","0.07","0.063","NULL","NULL","NULL","NULL","NULL","NULL","NULL","NULL"
"08083","Montezuma County","CO","NULL","NULL","NULL","NULL","0.07","0.065","NULL","NULL","NULL","NULL","NULL","NULL","NULL","NULL"
"08103","Rio Blanco County","CO","NULL","NULL","NULL","2","0.07","0.064","NULL","NULL","NULL","NULL","NULL","NULL","NULL","NULL"
"08123","Weld County","CO","1.1","0.7","NULL","NULL","0.08","0.065","NULL","NULL","NULL","NULL","NULL","NULL","NULL","NULL"
"09001","Fairfield County","CT","2.3","1.7","NULL","NULL","0.12","0.084","NULL","NULL","NULL","NULL","NULL","NULL","NULL","NULL"
"09003","Hartford County","CT","1.2","0.9","NULL","NULL","0.11","0.072","NULL","NULL","NULL","NULL","NULL","NULL","NULL","NULL"
"09005","Litchfield County","CT","0.4","0.3","NULL","NULL","NULL","NULL","NULL","NULL","NULL","NULL","NULL","NULL","NULL","NULL"
"09007","Middlesex County","CT","NULL","NULL","NULL","NULL","0.11","0.076","NULL","NULL","NULL","NULL","NULL","NULL","NULL","NULL"
"09009","New Haven County","CT","1","0.9","NULL","NULL","0.11","0.084","NULL","NULL","NULL","NULL","NULL","NULL","NULL","NULL"
"09011","New London County","CT","NULL","NULL","NULL","NULL","0.1","0.075","NULL","NULL","NULL","NULL","NULL","NULL","NULL","NULL"
"09013","Tolland County","CT","NULL","NULL","NULL","NULL","0.1","0.073","NULL","NULL","NULL","NULL","NULL","NULL","NULL","NULL"
"09015","Windham County","CT","NULL","NULL","NULL","NULL","0.09","0.066","NULL","NULL","NULL","NULL","NULL","NULL","NULL","NULL"
"10001","Kent County","DE","NULL","NULL","NULL","NULL","0.07","0.062","NULL","NULL","NULL","17","6.2","NULL","NULL","NULL"
"10003","New Castle County","DE","1.2","1","NULL","10","0.08","0.068","NULL","NULL","NULL","19","6.8","NULL","NULL","NULL"
"10005","Sussex County","DE","NULL","NULL","NULL","NULL","0.07","0.065","NULL","NULL","NULL","NULL","NULL","NULL","NULL","NULL"
"11001","District of Columbia","2.1","1.6","49","14","0.09","0.071","5","3","1","23","8.7","NULL","NULL","NULL"
"12011","Broward County","FL","2","1.4","NULL","NULL","NULL","NULL","NULL","NULL","NULL","NULL","NULL","NULL","NULL","NULL"
"12031","Duval County","FL","1.4","1","NULL","NULL","NULL","NULL","NULL","NULL","NULL","NULL","NULL","NULL","NULL","NULL"
"12057","Hillsborough County","FL","1.9","0.8","NULL","NULL","NULL","NULL","NULL","NULL","NULL","NULL","NULL","NULL","NULL","NULL"
"12061","Indian River County","FL","NULL","NULL","NULL","NULL","0.07","0.059","NULL","NULL","NULL","NULL","NULL","NULL","NULL","NULL"
"12077","Liberty County","FL","NULL","NULL","NULL","NULL","0.07","0.058","NULL","NULL","NULL","NULL","NULL","NULL","NULL","NULL"
"12086","Miami-Dade County","FL","1.6","1","NULL","NULL","NULL","NULL","NULL","NULL","NULL","NULL","NULL","NULL","NULL","NULL"
"12095","Orange County","FL","0.8","0.6","NULL","NULL","NULL","NULL","NULL","NULL","NULL","NULL","NULL","NULL","NULL","NULL"
"12097","Osceola County","FL","NULL","NULL","NULL","NULL","0.08","NULL","NULL","NULL","NULL","NULL","NULL","NULL","NULL","NULL"
"12101","Pasco County","FL","NULL","NULL","NULL","NULL","0.07","0.064","NULL","NULL","NULL","NULL","NULL","NULL","NULL","NULL"
"12103","Pinellas County","FL","0.9","0.6","NULL","NULL","0.08","NULL","NULL","NULL","NULL","NULL","NULL","NULL","NULL","NULL"
"12115","Sarasota County","FL","NULL","NULL","NULL","NULL","0.07","0.06","NULL","NULL","NULL","NULL","NULL","NULL","NULL","NULL"
"12117","Seminole County","FL","NULL","NULL","NULL","NULL","0.08","NULL","NULL","NULL","NULL","NULL","NULL","NULL","NULL","NULL"
"12129","Wakulla County","FL","0.7","0.4","NULL","NULL","NULL","NULL","NULL","NULL","NULL","NULL","NULL","NULL","NULL","NULL"
"13021","Bibb County","GA","NULL","NULL","NULL","NULL","0.08","0.066","3","2","0","NULL","NULL","NULL","NULL","NULL"
"13051","Chatham County","GA","NULL","NULL","NULL","NULL","0.08","0.06","50","14","2","NULL","NULL","NULL","NULL","NULL"
"13055","Chattooga County","GA","NULL","NULL","NULL","NULL","0.07","0.06","NULL","NULL","NULL","NULL","NULL","NULL","NULL","NULL"
"13059","Clarke County","GA","NULL","NULL","NULL","NULL","0.07","0.063","NULL","NULL","NULL","NULL","NULL","NULL","NULL","NULL"
"13067","Cobb County","GA","NULL","NULL","NULL","NULL","0.08","0.067","NULL","NULL","NULL","NULL","NULL","NULL","NULL","NULL"
"13073","Columbia County","GA","NULL","NULL","NULL","NULL","0.07","0.06","NULL","NULL","NULL","NULL","NULL","NULL","NULL","NULL"
"13085","Dawson County","GA","NULL","NULL","NULL","NULL","0.08","0.062","NULL","NULL","NULL","NULL","NULL","NULL","NULL","NULL"
"13089","DeKalb County","GA","1.3","1.1","50","15","0.09","0.073","2","1","0","18","9.6","40","17","NULL"
"13097","Douglas County","GA","NULL","NULL","NULL","NULL","0.09","0.072","NULL","NULL","NULL","NULL","NULL","NULL","NULL","NULL"
"13115","Floyd County","GA","NULL","NULL","NULL","NULL","NULL","NULL","22","7","1","NULL","NULL","NULL","NULL","NULL"
"13121","Fulton County","GA","2.2","1.8","NULL","16","0.1","0.075","5","3","1","NULL","NULL","NULL","NULL","NULL"
"13127","Glynn County","GA","NULL","NULL","NULL","NULL","0.07","0.06","NULL","NULL","NULL","NULL","NULL","NULL","NULL","NULL"
"13135","Gwinnett County","GA","NULL","NULL","NULL","NULL","0.08","0.068","NULL","NULL","NULL","24","10.8","NULL","NULL","NULL"
"13139","Hall County","GA","NULL","NULL","NULL","NULL","NULL","NULL","NULL","NULL","NULL","19","9.3","NULL","NULL","NULL"
"13151","Henry County","GA","NULL","NULL","NULL","NULL","0.09","0.075","NULL","NULL","NULL","NULL","NULL","NULL","NULL","NULL"
"13153","Houston County","GA","NULL","NULL","NULL","NULL","NULL","NULL","NULL","NULL","NULL","19","10.3","NULL","NULL","NULL"
"13213","Murray County","GA","NULL","NULL","NULL","NULL","0.08","0.067","NULL","NULL","NULL","NULL","NULL","NULL","NULL","NULL"
"13215","Muscogee County","GA","NULL","NULL","NULL","NULL","0.07","0.063","NULL","NULL","NULL","NULL","NULL","NULL","NULL","NULL"
"13231","Pike County","GA","NULL","NULL","NULL","NULL","0.09","0.068","NULL","NULL","NULL","NULL","NULL","NULL","NULL","NULL"
"13245","Richmond County","GA","NULL","NULL","NULL","NULL","0.08","0.066","49","8","1","22","10.7","29","13","NULL"
"13247","Rockdale County","GA","NULL","NULL","NULL","NULL","0.09","0.072","NULL","NULL","NULL","NULL","NULL","NULL","NULL","NULL"
"13261","Sumter County","GA","NULL","NULL","NULL","NULL","0.08","0.062","NULL","NULL","NULL","NULL","NULL","NULL","NULL","NULL"
"13295","Walker County","GA","NULL","NULL","NULL","NULL","NULL","NULL","NULL","NULL","NULL","18","9.4","NULL","NULL","NULL"
"15003","Honolulu County","HI","1.3","0.8","NULL","NULL","NULL","NULL","NULL","NULL","NULL","NULL","NULL","NULL","NULL","NULL"
"16001","Ada County","ID","2","1.3","NULL","NULL","0.06","0.052","NULL","NULL","NULL","NULL","NULL","NULL","NULL","NULL"
"16023","Butte County","ID","NULL","NULL","NULL","NULL","0.06","0.058","NULL","NULL","NULL","NULL","NULL","NULL","NULL","NULL"
"16049","Idaho County","ID","NULL","NULL","NULL","NULL","0.06","0.052","NULL","NULL","NULL","NULL","NULL","NULL","NULL","NULL"
"17001","Adams County","IL","NULL","NULL","NULL","NULL","0.07","0.062","NULL","NULL","NULL","NULL","NULL","NULL","NULL","NULL"
"17019","Champaign County","IL","0.1","0.1","NULL","NULL","0.07","0.062","NULL","NULL","NULL","20","7.9","NULL","NULL","NULL"
"17023","Clark County","IL","NULL","NULL","NULL","NULL","0.07","0.06","NULL","NULL","NULL","NULL","NULL","NULL","NULL","NULL"
"17031","Cook County","IL","2.7","1.5","56","17","0.09","0.071","11","4","1","26","10.8","28","14","0.01"
"17043","DuPage County","IL","NULL","NULL","NULL","NULL","0.09","0.07","NULL","NULL","NULL","NULL","NULL","NULL","NULL","NULL"
"17049","Effingham County","IL","NULL","NULL","NULL","NULL","0.07","0.063","NULL","NULL","NULL","NULL","NULL","NULL","NULL","NULL"
"17065","Hamilton County","IL","NULL","NULL","NULL","NULL","0.07","0.064","NULL","NULL","NULL","17","8.3","NULL","NULL","NULL"
"17083","Jersey County","IL","NULL","NULL","NULL","NULL","0.09","0.069","NULL","NULL","NULL","17","8","NULL","NULL","NULL"
"17085","Jo Daviess County","IL","NULL","NULL","NULL","NULL","0.06","0.059","NULL","NULL","NULL","NULL","NULL","NULL","NULL","NULL"
"17089","Kane County","IL","NULL","NULL","NULL","NULL","0.08","0.071","NULL","NULL","NULL","28","8.8","NULL","NULL","NULL"
"17097","Lake County","IL","NULL","NULL","NULL","NULL","0.08","0.066","NULL","NULL","NULL","NULL","NULL","NULL","NULL","NULL"
"17099","La Salle County","IL","NULL","NULL","NULL","NULL","NULL","NULL","22","3","0","NULL","NULL","NULL","NULL","NULL"
"17111","McHenry County","IL","NULL","NULL","NULL","NULL","0.08","0.07","NULL","NULL","NULL","19","7.8","NULL","NULL","NULL"
"17113","McLean County","IL","NULL","NULL","NULL","NULL","0.07","0.063","NULL","NULL","NULL","21","9.2","NULL","NULL","NULL"
"17115","Macon County","IL","NULL","NULL","NULL","NULL","0.07","0.063","23","8","1","20","9.5","NULL","NULL","NULL"
"17117","Macoupin County","IL","NULL","NULL","15","2","0.07","0.063","5","2","0","NULL","NULL","NULL","NULL","NULL"
"17119","Madison County","IL","NULL","NULL","NULL","NULL","0.1","0.07","9","3","1","30","10.5","99","35","0.15"
"17143","Peoria County","IL","NULL","NULL","NULL","NULL","0.08","0.064","NULL","NULL","NULL","19","8","NULL","NULL","NULL"
"17157","Randolph County","IL","NULL","NULL","NULL","NULL","0.08","0.06","NULL","NULL","NULL","NULL","NULL","NULL","NULL","NULL"
"17161","Rock Island County","IL","NULL","NULL","NULL","NULL","0.08","0.066","NULL","NULL","NULL","20","8.6","NULL","NULL","NULL"
"17163","Saint Clair County","IL","1.8","1","39","9","0.08","0.064","11","3","1","23","9.1","NULL","NULL","NULL"
"17167","Sangamon County","IL","NULL","NULL","NULL","NULL","0.07","0.062","NULL","NULL","NULL","18","8.2","NULL","NULL","NULL"
"17179","Tazewell County","IL","NULL","NULL","NULL","NULL","NULL","NULL","17","4","1","NULL","NULL","NULL","NULL","NULL"
"17185","Wabash County","IL","NULL","NULL","NULL","NULL","NULL","NULL","31","7","1","NULL","NULL","NULL","NULL","NULL"
"17197","Will County","IL","NULL","NULL","NULL","NULL","0.07","0.06","NULL","NULL","NULL","21","9.7","NULL","NULL","NULL"
"17201","Winnebago County","IL","NULL","NULL","NULL","NULL","0.07","0.066","NULL","NULL","NULL","NULL","NULL","NULL","NULL","NULL"
"18003","Allen County","IN","NULL","NULL","NULL","NULL","0.08","0.063","NULL","NULL","NULL","NULL","NULL","NULL","NULL","NULL"
"18005","Bartholomew County","IN","NULL","NULL","NULL","NULL","0.07","0.062","NULL","NULL","NULL","NULL","NULL","NULL","NULL","NULL"
"18011","Boone County","IN","NULL","NULL","NULL","NULL","0.08","0.066","NULL","NULL","NULL","NULL","NULL","NULL","NULL","NULL"
"18013","Brown County","IN","NULL","NULL","NULL","NULL","0.07","0.059","NULL","NULL","NULL","NULL","NULL","NULL","NULL","NULL"
"18015","Carroll County","IN","NULL","NULL","NULL","NULL","0.07","0.061","NULL","NULL","NULL","NULL","NULL","NULL","NULL","NULL"
"18019","Clark County","IN","NULL","NULL","NULL","NULL","0.08","0.064","NULL","NULL","NULL","14","7.2","NULL","NULL","NULL"
"18035","Delaware County","IN","NULL","NULL","NULL","NULL","0.07","0.059","NULL","NULL","NULL","19","8.3","NULL","NULL","NULL"
"18037","Dubois County","IN","NULL","NULL","NULL","NULL","NULL","NULL","NULL","NULL","NULL","19","8.4","30","14","NULL"
"18039","Elkhart County","IN","NULL","NULL","NULL","NULL","0.07","0.058","NULL","NULL","NULL","NULL","NULL","NULL","NULL","NULL"
"18043","Floyd County","IN","NULL","NULL","NULL","NULL","0.08","0.063","NULL","NULL","NULL","NULL","NULL","NULL","NULL","NULL"
"18051","Gibson County","IN","NULL","NULL","NULL","NULL","NULL","NULL","41","10","1","NULL","NULL","NULL","NULL","NULL"
"18055","Greene County","IN","NULL","NULL","NULL","NULL","0.07","0.062","NULL","NULL","NULL","16","7.7","NULL","NULL","NULL"
"18057","Hamilton County","IN","NULL","NULL","NULL","NULL","0.08","0.064","NULL","NULL","NULL","NULL","NULL","NULL","NULL","NULL"
"18063","Hendricks County","IN","NULL","NULL","NULL","NULL","0.07","0.059","NULL","NULL","NULL","NULL","NULL","NULL","NULL","NULL"
"18065","Henry County","IN","NULL","NULL","NULL","NULL","NULL","NULL","NULL","NULL","NULL","17","7.7","NULL","NULL","NULL"
"18067","Howard County","IN","NULL","NULL","NULL","NULL","0.07","0.063","NULL","NULL","NULL","NULL","NULL","NULL","NULL","NULL"
"18069","Huntington County","IN","NULL","NULL","NULL","NULL","0.07","0.06","NULL","NULL","NULL","NULL","NULL","NULL","NULL","NULL"
"18071","Jackson County","IN","NULL","NULL","NULL","NULL","0.07","0.06","NULL","NULL","NULL","NULL","NULL","NULL","NULL","NULL"
"18083","Knox County","IN","NULL","NULL","NULL","NULL","0.07","0.061","NULL","NULL","NULL","NULL","NULL","NULL","NULL","NULL"
"18089","Lake County","IN","3.9","1.6","NULL","NULL","0.08","0.065","NULL","NULL","NULL","24","9.2","54","19","NULL"
"18091","LaPorte County","IN","NULL","NULL","NULL","NULL","0.09","0.071","NULL","NULL","NULL","24","7.9","NULL","NULL","NULL"
"18095","Madison County","IN","NULL","NULL","NULL","NULL","0.08","0.064","NULL","NULL","NULL","NULL","NULL","NULL","NULL","NULL"
"18097","Marion County","IN","3","1.7","NULL","9","0.08","0.067","NULL","NULL","NULL","28","10.3","57","26","NULL"
"18105","Monroe County","IN","NULL","NULL","NULL","NULL","NULL","NULL","NULL","NULL","NULL","15","7.6","NULL","NULL","NULL"
"18109","Morgan County","IN","NULL","NULL","NULL","NULL","0.07","0.064","NULL","NULL","NULL","NULL","NULL","NULL","NULL","NULL"
"18123","Perry County","IN","NULL","NULL","NULL","NULL","0.07","0.063","NULL","NULL","NULL","NULL","NULL","NULL","NULL","NULL"
"18127","Porter County","IN","NULL","NULL","NULL","NULL","0.09","0.071","79","13","2","NULL","NULL","NULL","NULL","NULL"
"18129","Posey County","IN","NULL","NULL","NULL","NULL","0.07","0.061","NULL","NULL","NULL","NULL","NULL","NULL","NULL","NULL"
"18141","St. Joseph County","IN","NULL","NULL","NULL","8","0.08","0.065","NULL","NULL","NULL","24","8.3","NULL","NULL","NULL"
"18145","Shelby County","IN","NULL","NULL","NULL","NULL","0.07","0.063","NULL","NULL","NULL","NULL","NULL","NULL","NULL","NULL"
"18147","Spencer County","IN","NULL","NULL","NULL","NULL","NULL","NULL","NULL","NULL","NULL","18","8","NULL","NULL","NULL"
"18153","Sullivan County","IN","NULL","NULL","NULL","NULL","NULL","NULL","NULL","NULL","NULL","16","8.1","NULL","NULL","NULL"
"18163","Vanderburgh County","IN","1.3","1.1","NULL","8","0.08","0.064","NULL","NULL","NULL","21","8.7","27","14","NULL"
"18167","Vigo County","IN","NULL","NULL","NULL","NULL","0.07","0.063","NULL","NULL","NULL","22","9.3","31","15","NULL"
"18169","Wabash County","IN","NULL","NULL","NULL","NULL","0.07","0.064","NULL","NULL","NULL","NULL","NULL","NULL","NULL","NULL"
"18173","Warrick County","IN","NULL","NULL","NULL","NULL","0.08","0.062","NULL","NULL","NULL","NULL","NULL","NULL","NULL","NULL"
"18183","Whitley County","IN","NULL","NULL","NULL","NULL","NULL","NULL","NULL","NULL","NULL","23","8.1","NULL","NULL","NULL"
"19013","Black Hawk County","IA","NULL","NULL","NULL","NULL","NULL","NULL","NULL","NULL","NULL","20","7.7","NULL","NULL","NULL"
"19017","Bremer County","IA","NULL","NULL","NULL","NULL","0.07","0.062","NULL","NULL","NULL","NULL","NULL","NULL","NULL","NULL"
"19033","Cerro Gordo County","IA","NULL","NULL","NULL","NULL","NULL","NULL","NULL","NULL","NULL","NULL","NULL","41","17","NULL"
"19045","Clinton County","IA","NULL","NULL","NULL","NULL","0.07","0.058","15","6","1","25","9","NULL","NULL","NULL"
"19085","Harrison County","IA","NULL","NULL","NULL","NULL","0.07","0.062","NULL","NULL","NULL","NULL","NULL","NULL","NULL","NULL"
"19103","Johnson County","IA","NULL","NULL","NULL","NULL","NULL","NULL","NULL","NULL","NULL","24","9.5","NULL","NULL","NULL"
"19111","Lee County","IA","NULL","NULL","NULL","NULL","NULL","NULL","NULL","NULL","NULL","20","8.3","NULL","NULL","NULL"
"19113","Linn County","IA","NULL","NULL","NULL","NULL","0.07","0.06","25","7","1","20","7.9","38","18","NULL"
"19137","Montgomery County","IA","NULL","NULL","NULL","NULL","0.06","0.059","NULL","NULL","NULL","15","6.5","NULL","NULL","NULL"
"19139","Muscatine County","IA","NULL","NULL","NULL","NULL","NULL","NULL","25","6","1","23","8.1","36","16","NULL"
"19147","Palo Alto County","IA","NULL","NULL","NULL","NULL","0.07","0.065","NULL","NULL","NULL","20","6.4","NULL","NULL","NULL"
"19153","Polk County","IA","1.5","0.7","37","6","0.08","0.064","NULL","NULL","NULL","18","6.9","NULL","NULL","NULL"
"19155","Pottawattamie County","IA","NULL","NULL","NULL","NULL","NULL","NULL","NULL","NULL","NULL","18","7.7","48","19","NULL"
"19163","Scott County","IA","0.9","0.5","NULL","NULL","0.07","0.062","5","1","0","24","9.6","129","35","NULL"
"19177","Van Buren County","IA","NULL","NULL","9","2","0.07","0.061","1","1","0","16","7.2","37","14","NULL"
"19193","Woodbury County","IA","NULL","NULL","NULL","NULL","NULL","NULL","NULL","NULL","NULL","22","7.4","NULL","NULL","NULL"
"20091","Johnson County","KS","NULL","NULL","NULL","NULL","0.06","0.054","NULL","NULL","NULL","NULL","NULL","NULL","NULL","NULL"
"20103","Leavenworth County","KS","NULL","NULL","NULL","NULL","0.08","0.061","NULL","NULL","NULL","NULL","NULL","NULL","NULL","NULL"
"20133","Neosho County","KS","NULL","NULL","NULL","NULL","0.07","0.06","NULL","NULL","NULL","NULL","NULL","NULL","NULL","NULL"
"20173","Sedgwick County","KS","NULL","NULL","NULL","NULL","0.08","0.062","NULL","NULL","NULL","NULL","NULL","NULL","NULL","NULL"
"20177","Shawnee County","KS","NULL","NULL","NULL","NULL","0.07","0.061","NULL","NULL","NULL","NULL","NULL","NULL","NULL","NULL"
"20191","Sumner County","KS","NULL","NULL","NULL","NULL","0.08","0.062","NULL","NULL","NULL","NULL","NULL","NULL","NULL","NULL"
"20195","Trego County","KS","NULL","NULL","NULL","NULL","0.06","0.058","NULL","NULL","NULL","NULL","NULL","NULL","NULL","NULL"
"20209","Wyandotte County","KS","1.5","0.9","NULL","NULL","NULL","NULL","NULL","NULL","NULL","NULL","NULL","NULL","NULL","NULL"
"21013","Bell County","KY","NULL","NULL","NULL","NULL","0.07","0.059","NULL","NULL","NULL","NULL","NULL","NULL","NULL","NULL"
"21015","Boone County","KY","NULL","NULL","NULL","NULL","0.07","0.062","NULL","NULL","NULL","NULL","NULL","NULL","NULL","NULL"
"21019","Boyd County","KY","NULL","NULL","NULL","NULL","0.07","0.059","NULL","NULL","NULL","NULL","NULL","NULL","NULL","NULL"
"21029","Bullitt County","KY","NULL","NULL","NULL","NULL","0.08","0.063","NULL","NULL","NULL","NULL","NULL","NULL","NULL","NULL"
"21037","Campbell County","KY","NULL","NULL","NULL","NULL","0.07","0.062","NULL","NULL","NULL","NULL","NULL","NULL","NULL","NULL"
"21043","Carter County","KY","NULL","NULL","NULL","NULL","0.06","0.055","NULL","NULL","NULL","NULL","NULL","NULL","NULL","NULL"
"21047","Christian County","KY","NULL","NULL","NULL","NULL","0.06","0.056","NULL","NULL","NULL","NULL","NULL","NULL","NULL","NULL"
"21059","Daviess County","KY","NULL","NULL","NULL","NULL","0.08","0.062","NULL","NULL","NULL","NULL","NULL","NULL","NULL","NULL"
"21061","Edmonson County","KY","1.1","0.3","NULL","NULL","0.07","0.06","NULL","NULL","NULL","NULL","NULL","NULL","NULL","NULL"
"21067","Fayette County","KY","NULL","NULL","NULL","NULL","0.07","0.058","NULL","NULL","NULL","NULL","NULL","NULL","NULL","NULL"
"21089","Greenup County","KY","NULL","NULL","NULL","NULL","0.06","0.055","NULL","NULL","NULL","NULL","NULL","NULL","NULL","NULL"
"21091","Hancock County","KY","NULL","NULL","NULL","NULL","0.08","0.063","NULL","NULL","NULL","NULL","NULL","NULL","NULL","NULL"
"21093","Hardin County","KY","NULL","NULL","NULL","NULL","0.07","0.058","NULL","NULL","NULL","NULL","NULL","NULL","NULL","NULL"
"21111","Jefferson County","KY","1.3","1","NULL","NULL","0.1","0.065","NULL","NULL","NULL","NULL","NULL","NULL","NULL","NULL"
"21113","Jessamine County","KY","NULL","NULL","NULL","NULL","0.07","0.059","NULL","NULL","NULL","NULL","NULL","NULL","NULL","NULL"
"21139","Livingston County","KY","NULL","NULL","NULL","NULL","0.08","0.06","NULL","NULL","NULL","NULL","NULL","NULL","NULL","NULL"
"21145","McCracken County","KY","NULL","NULL","NULL","NULL","0.07","0.061","NULL","NULL","NULL","NULL","NULL","NULL","NULL","NULL"
"21175","Morgan County","KY","NULL","NULL","NULL","NULL","0.06","0.058","NULL","NULL","NULL","NULL","NULL","NULL","NULL","NULL"
"21185","Oldham County","KY","NULL","NULL","NULL","NULL","0.09","0.065","NULL","NULL","NULL","NULL","NULL","NULL","NULL","NULL"
"21193","Perry County","KY","NULL","NULL","NULL","NULL","0.07","0.061","NULL","NULL","NULL","NULL","NULL","NULL","NULL","NULL"
"21195","Pike County","KY","NULL","NULL","NULL","NULL","0.06","0.056","NULL","NULL","NULL","NULL","NULL","NULL","NULL","NULL"
"21199","Pulaski County","KY","NULL","NULL","NULL","NULL","0.06","0.057","NULL","NULL","NULL","NULL","NULL","NULL","NULL","NULL"
"21213","Simpson County","KY","NULL","NULL","NULL","NULL","0.07","0.059","NULL","NULL","NULL","NULL","NULL","NULL","NULL","NULL"
"21221","Trigg County","KY","NULL","NULL","NULL","NULL","0.07","0.061","NULL","NULL","NULL","NULL","NULL","NULL","NULL","NULL"
"21227","Warren County","KY","NULL","NULL","NULL","NULL","0.07","0.056","NULL","NULL","NULL","NULL","NULL","NULL","NULL","NULL"
"21229","Washington County","KY","NULL","NULL","NULL","NULL","0.07","0.06","NULL","NULL","NULL","NULL","NULL","NULL","NULL","NULL"
"22005","Ascension Parish","LA","NULL","NULL","NULL","6","0.09","0.065","NULL","NULL","NULL","NULL","NULL","NULL","NULL","NULL"
"22015","Bossier Parish","LA","NULL","NULL","NULL","NULL","0.07","0.059","NULL","NULL","NULL","NULL","NULL","NULL","NULL","NULL"
"22017","Caddo Parish","LA","NULL","NULL","NULL","NULL","0.07","0.061","NULL","NULL","NULL","NULL","NULL","NULL","NULL","NULL"
"22019","Calcasieu Parish","LA","NULL","NULL","NULL","8","0.08","0.065","NULL","NULL","NULL","NULL","NULL","NULL","NULL","NULL"
"22033","East Baton Rouge Parish","LA","1.2","0.7","NULL","10","0.09","0.066","NULL","NULL","NULL","NULL","NULL","NULL","NULL","NULL"
"22047","Iberville Parish","LA","NULL","NULL","NULL","3","0.09","0.07","NULL","NULL","NULL","NULL","NULL","NULL","NULL","NULL"
"22051","Jefferson Parish","LA","NULL","NULL","NULL","5","0.08","0.063","NULL","NULL","NULL","NULL","NULL","NULL","NULL","NULL"
"22055","Lafayette Parish","LA","NULL","NULL","NULL","NULL","0.07","0.063","NULL","NULL","NULL","NULL","NULL","NULL","NULL","NULL"
"22057","Lafourche Parish","LA","NULL","NULL","NULL","NULL","0.08","0.063","NULL","NULL","NULL","NULL","NULL","NULL","NULL","NULL"
"22063","Livingston Parish","LA","NULL","NULL","NULL","2","0.08","0.063","NULL","NULL","NULL","NULL","NULL","NULL","NULL","NULL"
"22071","Orleans Parish","LA","1.5","1","NULL","10","NULL","NULL","NULL","NULL","NULL","NULL","NULL","NULL","NULL","NULL"
"22073","Ouachita Parish","LA","NULL","NULL","NULL","NULL","0.07","0.059","NULL","NULL","NULL","NULL","NULL","NULL","NULL","NULL"
"22077","Pointe Coupee Parish","LA","NULL","NULL","NULL","NULL","0.09","0.069","NULL","NULL","NULL","NULL","NULL","NULL","NULL","NULL"
"22087","St. Bernard Parish","LA","NULL","NULL","NULL","NULL","0.07","0.061","NULL","NULL","NULL","NULL","NULL","NULL","NULL","NULL"
"22093","St. James Parish","LA","NULL","NULL","NULL","NULL","0.08","0.062","NULL","NULL","NULL","NULL","NULL","NULL","NULL","NULL"
"22095","St. John the Baptist Parish","LA","NULL","NULL","NULL","NULL","0.08","0.061","NULL","NULL","NULL","NULL","NULL","NULL","NULL","NULL"
"22099","St. Martin Parish","LA","NULL","NULL","NULL","NULL","0.07","0.06","NULL","NULL","NULL","NULL","NULL","NULL","NULL","NULL"
"22103","St. Tammany Parish","LA","NULL","NULL","NULL","NULL","0.07","0.062","NULL","NULL","NULL","NULL","NULL","NULL","NULL","NULL"
"22121","West Baton Rouge Parish","LA","NULL","NULL","NULL","9","0.09","0.063","NULL","NULL","NULL","NULL","NULL","NULL","NULL","NULL"
"23001","Androscoggin County","ME","NULL","NULL","NULL","NULL","0.07","0.05","NULL","NULL","NULL","14","5.2","NULL","NULL","NULL"
"23003","Aroostook County","ME","1.1","0.6","NULL","NULL","0.06","0.053","NULL","NULL","NULL","15","5.5","NULL","NULL","NULL"
"23005","Cumberland County","ME","1.1","0.8","NULL","NULL","0.08","0.062","NULL","NULL","NULL","19","9.3","NULL","NULL","NULL"
"23009","Hancock County","ME","0.2","0.2","NULL","NULL","0.07","0.064","1","0","0","NULL","NULL","NULL","NULL","NULL"
"23011","Kennebec County","ME","NULL","NULL","NULL","3","0.07","0.054","NULL","NULL","NULL","NULL","NULL","NULL","NULL","NULL"
"23013","Knox County","ME","NULL","NULL","NULL","NULL","0.07","0.059","NULL","NULL","NULL","NULL","NULL","NULL","NULL","NULL"
"23017","Oxford County","ME","NULL","NULL","NULL","NULL","0.06","0.054","NULL","NULL","NULL","NULL","NULL","NULL","NULL","NULL"
"23019","Penobscot County","ME","NULL","NULL","NULL","NULL","0.06","0.054","NULL","NULL","NULL","13","4.2","NULL","NULL","NULL"
"23029","Washington County","ME","NULL","NULL","NULL","NULL","0.06","0.054","NULL","NULL","NULL","NULL","NULL","NULL","NULL","NULL"
"23031","York County","ME","NULL","NULL","NULL","NULL","0.08","0.064","NULL","NULL","NULL","NULL","NULL","NULL","NULL","NULL"
"24003","Anne Arundel County","MD","NULL","NULL","NULL","NULL","0.09","0.076","NULL","NULL","NULL","NULL","NULL","27","12","NULL"
"24005","Baltimore County","MD","1.5","1.2","NULL","NULL","0.1","0.074","NULL","NULL","NULL","20","7.4","NULL","NULL","NULL"
"24009","Calvert County","MD","NULL","NULL","NULL","NULL","0.07","0.058","NULL","NULL","NULL","NULL","NULL","NULL","NULL","NULL"
"24013","Carroll County","MD","NULL","NULL","NULL","NULL","0.08","0.064","NULL","NULL","NULL","NULL","NULL","NULL","NULL","NULL"
"24015","Cecil County","MD","NULL","NULL","NULL","NULL","0.09","0.068","NULL","NULL","NULL","18","6.4","NULL","NULL","NULL"
"24017","Charles County","MD","NULL","NULL","NULL","NULL","0.07","0.061","NULL","NULL","NULL","NULL","NULL","NULL","NULL","NULL"
"24019","Dorchester County","MD","NULL","NULL","NULL","NULL","0.08","0.067","NULL","NULL","NULL","14","5.9","NULL","NULL","NULL"
"24021","Frederick County","MD","NULL","NULL","NULL","NULL","0.08","0.065","NULL","NULL","NULL","NULL","NULL","NULL","NULL","NULL"
"24023","Garrett County","MD","0.3","0.2","NULL","NULL","0.07","0.059","NULL","NULL","NULL","12","5.6","NULL","NULL","NULL"
"24025","Harford County","MD","NULL","NULL","NULL","NULL","0.1","0.077","NULL","NULL","NULL","19","7","NULL","NULL","NULL"
"24027","Howard County","MD","1.3","0.6","NULL","NULL","NULL","NULL","NULL","NULL","NULL","17","7.4","NULL","NULL","NULL"
"24029","Kent County","MD","NULL","NULL","NULL","NULL","0.08","0.066","NULL","NULL","NULL","15","5.9","NULL","NULL","NULL"
"24031","Montgomery County","MD","NULL","NULL","NULL","NULL","0.08","0.062","NULL","NULL","NULL","18","6.1","NULL","NULL","NULL"
"24033","Prince George's County","MD","1.1","0.9","NULL","5","0.09","0.075","4","1","0","15","7.2","NULL","NULL","NULL"
"24043","Washington County","MD","NULL","NULL","NULL","NULL","0.07","0.059","NULL","NULL","NULL","24","6.9","NULL","NULL","NULL"
"24510","Baltimore (City)","MD","NULL","NULL","NULL","NULL","0.09","0.076","NULL","NULL","NULL","20","8.5","NULL","NULL","NULL"
"25001","Barnstable County","MA","NULL","NULL","NULL","NULL","0.08","0.06","NULL","NULL","NULL","NULL","NULL","NULL","NULL","NULL"
"25003","Berkshire County","MA","NULL","NULL","NULL","NULL","0.08","0.06","NULL","NULL","NULL","NULL","NULL","NULL","NULL","NULL"
"25005","Bristol County","MA","NULL","NULL","NULL","NULL","0.08","0.06","NULL","NULL","NULL","NULL","NULL","NULL","NULL","NULL"
"25007","Dukes County","MA","NULL","NULL","NULL","NULL","0.09","0.071","NULL","NULL","NULL","NULL","NULL","NULL","NULL","NULL"
"25009","Essex County","MA","NULL","NULL","NULL","5","0.08","0.065","NULL","NULL","NULL","NULL","NULL","NULL","NULL","NULL"
"25011","Franklin County","MA","NULL","NULL","NULL","NULL","0.07","0.056","NULL","NULL","NULL","NULL","NULL","NULL","NULL","NULL"
"25013","Hampden County","MA","1.4","1.1","NULL","10","0.09","0.066","NULL","NULL","NULL","NULL","NULL","NULL","NULL","NULL"
"25015","Hampshire County","MA","NULL","NULL","NULL","2","0.08","0.066","NULL","NULL","NULL","NULL","NULL","NULL","NULL","NULL"
"25017","Middlesex County","MA","NULL","NULL","NULL","10","0.07","0.057","NULL","NULL","NULL","NULL","NULL","NULL","NULL","NULL"
"25021","Norfolk County","MA","NULL","NULL","NULL","3","0.08","0.059","NULL","NULL","NULL","NULL","NULL","NULL","NULL","NULL"
"25023","Plymouth County","MA","NULL","NULL","NULL","NULL","0.07","0.061","NULL","NULL","NULL","NULL","NULL","NULL","NULL","NULL"
"25025","Suffolk County","MA","1.6","0.9","NULL","14","0.07","0.061","NULL","NULL","NULL","NULL","NULL","NULL","NULL","NULL"
"25027","Worcester County","MA","1.3","0.9","NULL","10","0.07","0.06","NULL","NULL","NULL","NULL","NULL","NULL","NULL","NULL"
"26005","Allegan County","MI","NULL","NULL","NULL","NULL","0.08","0.071","NULL","NULL","NULL","NULL","NULL","NULL","NULL","NULL"
"26019","Benzie County","MI","NULL","NULL","NULL","NULL","0.07","0.057","NULL","NULL","NULL","NULL","NULL","NULL","NULL","NULL"
"26021","Berrien County","MI","NULL","NULL","NULL","NULL","0.08","0.066","NULL","NULL","NULL","NULL","NULL","NULL","NULL","NULL"
"26027","Cass County","MI","NULL","NULL","NULL","NULL","0.08","0.063","NULL","NULL","NULL","NULL","NULL","NULL","NULL","NULL"
"26037","Clinton County","MI","NULL","NULL","NULL","NULL","0.06","0.055","NULL","NULL","NULL","NULL","NULL","NULL","NULL","NULL"
"26049","Genesee County","MI","NULL","NULL","NULL","NULL","0.07","0.06","NULL","NULL","NULL","NULL","NULL","NULL","NULL","NULL"
"26063","Huron County","MI","NULL","NULL","NULL","NULL","0.08","0.06","NULL","NULL","NULL","NULL","NULL","NULL","NULL","NULL"
"26065","Ingham County","MI","NULL","NULL","NULL","NULL","0.06","0.055","NULL","NULL","NULL","NULL","NULL","NULL","NULL","NULL"
"26077","Kalamazoo County","MI","NULL","NULL","NULL","NULL","0.07","0.061","NULL","NULL","NULL","NULL","NULL","NULL","NULL","NULL"
"26081","Kent County","MI","1.6","1.3","NULL","NULL","0.07","0.06","NULL","NULL","NULL","NULL","NULL","NULL","NULL","NULL"
"26091","Lenawee County","MI","NULL","NULL","NULL","NULL","0.07","0.059","NULL","NULL","NULL","NULL","NULL","NULL","NULL","NULL"
"26099","Macomb County","MI","NULL","NULL","NULL","NULL","0.08","0.063","NULL","NULL","NULL","NULL","NULL","NULL","NULL","NULL"
"26101","Manistee County","MI","NULL","NULL","NULL","NULL","0.07","0.062","NULL","NULL","NULL","NULL","NULL","NULL","NULL","NULL"
"26105","Mason County","MI","NULL","NULL","NULL","NULL","0.07","0.057","NULL","NULL","NULL","NULL","NULL","NULL","NULL","NULL"
"26113","Missaukee County","MI","NULL","NULL","NULL","NULL","0.06","0.058","NULL","NULL","NULL","NULL","NULL","NULL","NULL","NULL"
"26115","Monroe County","MI","NULL","NULL","NULL","NULL","NULL","NULL","NULL","NULL","NULL","NULL","NULL","70","24","NULL"
"26121","Muskegon County","MI","NULL","NULL","NULL","NULL","0.08","0.068","NULL","NULL","NULL","NULL","NULL","NULL","NULL","NULL"
"26125","Oakland County","MI","NULL","NULL","NULL","NULL","0.09","0.066","NULL","NULL","NULL","NULL","NULL","NULL","NULL","NULL"
"26139","Ottawa County","MI","NULL","NULL","NULL","NULL","0.07","0.065","NULL","NULL","NULL","NULL","NULL","NULL","NULL","NULL"
"26147","St. Clair County","MI","NULL","NULL","NULL","NULL","0.08","0.07","NULL","NULL","NULL","NULL","NULL","NULL","NULL","NULL"
"26153","Schoolcraft County","MI","NULL","NULL","NULL","NULL","0.07","0.059","NULL","NULL","NULL","NULL","NULL","NULL","NULL","NULL"
"26157","Tuscola County","MI","NULL","NULL","NULL","NULL","0.07","0.059","NULL","NULL","NULL","NULL","NULL","NULL","NULL","NULL"
"26161","Washtenaw County","MI","NULL","NULL","NULL","NULL","0.08","0.06","NULL","NULL","NULL","NULL","NULL","NULL","NULL","NULL"
"26163","Wayne County","MI","4.7","1.8","NULL","NULL","0.08","0.068","NULL","NULL","NULL","NULL","NULL","NULL","NULL","NULL"
"26165","Wexford County","MI","NULL","NULL","NULL","NULL","0.07","0.061","NULL","NULL","NULL","NULL","NULL","NULL","NULL","NULL"
"27003","Anoka County","MN","0.9","0.6","NULL","NULL","NULL","NULL","NULL","NULL","NULL","NULL","NULL","NULL","NULL","NULL"
"27017","Carlton County","MN","NULL","NULL","NULL","NULL","0.06","0.057","NULL","NULL","NULL","NULL","NULL","NULL","NULL","NULL"
"27037","Dakota County","MN","0.8","0.6","NULL","NULL","NULL","NULL","NULL","NULL","NULL","NULL","NULL","NULL","NULL","NULL"
"27049","Goodhue County","MN","NULL","NULL","NULL","NULL","0.07","0.062","NULL","NULL","NULL","NULL","NULL","NULL","NULL","NULL"
"27053","Hennepin County","MN","5.5","1.4","NULL","NULL","0.07","0.054","NULL","NULL","NULL","NULL","NULL","NULL","NULL","NULL"
"27083","Lyon County","MN","NULL","NULL","NULL","NULL","0.07","0.06","NULL","NULL","NULL","NULL","NULL","NULL","NULL","NULL"
"27095","Mille Lacs County","MN","NULL","NULL","NULL","NULL","0.07","0.06","NULL","NULL","NULL","NULL","NULL","NULL","NULL","NULL"
"27109","Olmsted County","MN","NULL","NULL","NULL","NULL","0.06","0.054","NULL","NULL","NULL","NULL","NULL","NULL","NULL","NULL"
"27123","Ramsey County","MN","1.3","0.7","NULL","NULL","NULL","NULL","NULL","NULL","NULL","NULL","NULL","NULL","NULL","NULL"
"27137","Saint Louis County","MN","NULL","NULL","NULL","NULL","0.07","0.056","NULL","NULL","NULL","NULL","NULL","NULL","NULL","NULL"
"27139","Scott County","MN","NULL","NULL","NULL","NULL","0.07","0.062","NULL","NULL","NULL","NULL","NULL","NULL","NULL","NULL"
"27145","Stearns County","MN","NULL","NULL","NULL","NULL","0.07","0.061","NULL","NULL","NULL","NULL","NULL","NULL","NULL","NULL"
"27171","Wright County","MN","NULL","NULL","NULL","NULL","0.07","0.061","NULL","NULL","NULL","NULL","NULL","NULL","NULL","NULL"
"28011","Bolivar County","MS","NULL","NULL","NULL","NULL","0.07","0.062","NULL","NULL","NULL","21","9","NULL","NULL","NULL"
"28033","DeSoto County","MS","NULL","NULL","NULL","NULL","0.08","0.066","NULL","NULL","NULL","17","8.2","NULL","NULL","NULL"
"28035","Forrest County","MS","NULL","NULL","NULL","NULL","NULL","NULL","NULL","NULL","NULL","19","8.8","NULL","NULL","NULL"
"28045","Hancock County","MS","NULL","NULL","NULL","NULL","0.07","0.06","NULL","NULL","NULL","18","7.6","NULL","NULL","NULL"
"28047","Harrison County","MS","NULL","NULL","NULL","NULL","0.07","0.06","NULL","NULL","NULL","20","9.2","NULL","NULL","NULL"
"28049","Hinds County","MS","1.6","1.1","37","7","0.07","0.064","2","1","0","23","9.8","60","19","NULL"
"28059","Jackson County","MS","NULL","NULL","28","4","0.07","0.061","5","2","1","20","8.6","NULL","NULL","NULL"
"28075","Lauderdale County","MS","NULL","NULL","NULL","NULL","0.07","0.059","NULL","NULL","NULL","NULL","NULL","NULL","NULL","NULL"
"28081","Lee County","MS","NULL","NULL","NULL","NULL","0.07","0.061","NULL","NULL","NULL","NULL","NULL","NULL","NULL","NULL"
"28161","Yalobusha County","MS","NULL","NULL","NULL","NULL","0.06","0.058","NULL","NULL","NULL","NULL","NULL","NULL","NULL","NULL"
"29003","Andrew County","MO","NULL","NULL","NULL","NULL","0.07","0.061","NULL","NULL","NULL","NULL","NULL","NULL","NULL","NULL"
"29019","Boone County","MO","NULL","NULL","NULL","NULL","0.06","0.058","NULL","NULL","NULL","NULL","NULL","NULL","NULL","NULL"
"29027","Callaway County","MO","NULL","NULL","NULL","NULL","0.06","0.058","NULL","NULL","NULL","NULL","NULL","NULL","NULL","NULL"
"29037","Cass County","MO","NULL","NULL","NULL","NULL","0.07","0.064","NULL","NULL","NULL","NULL","NULL","NULL","NULL","NULL"
"29039","Cedar County","MO","NULL","NULL","NULL","NULL","0.07","0.058","NULL","NULL","NULL","NULL","NULL","NULL","NULL","NULL"
"29047","Clay County","MO","NULL","NULL","NULL","NULL","0.09","0.063","NULL","NULL","NULL","NULL","NULL","NULL","NULL","NULL"
"29049","Clinton County","MO","NULL","NULL","NULL","NULL","0.07","0.062","NULL","NULL","NULL","NULL","NULL","NULL","NULL","NULL"
"29077","Greene County","MO","NULL","NULL","NULL","NULL","0.07","0.06","NULL","NULL","NULL","NULL","NULL","NULL","NULL","NULL"
"29093","Iron County","MO","NULL","NULL","NULL","NULL","NULL","NULL","43","7","2","NULL","NULL","NULL","NULL","NULL"
"29095","Jackson County","MO","1.4","1","NULL","11","NULL","NULL","7","3","1","NULL","NULL","NULL","NULL","NULL"
"29097","Jasper County","MO","NULL","NULL","NULL","NULL","0.07","0.061","NULL","NULL","NULL","NULL","NULL","NULL","NULL","NULL"
"29099","Jefferson County","MO","NULL","NULL","NULL","NULL","0.08","0.066","12","3","1","NULL","NULL","NULL","NULL","0.09"
"29113","Lincoln County","MO","NULL","NULL","NULL","NULL","0.08","0.064","NULL","NULL","NULL","NULL","NULL","NULL","NULL","NULL"
"29137","Monroe County","MO","NULL","NULL","NULL","2","0.06","0.057","4","3","1","NULL","NULL","NULL","NULL","NULL"
"29143","New Madrid County","MO","NULL","NULL","NULL","NULL","NULL","NULL","428","204","30","NULL","NULL","NULL","NULL","NULL"
"29157","Perry County","MO","NULL","NULL","NULL","NULL","0.07","0.061","NULL","NULL","NULL","NULL","NULL","NULL","NULL","NULL"
"29183","Saint Charles County","MO","NULL","NULL","NULL","NULL","0.09","0.069","NULL","NULL","NULL","NULL","NULL","NULL","NULL","NULL"
"29186","Sainte Genevieve County","MO","NULL","NULL","NULL","NULL","0.07","0.06","NULL","NULL","NULL","NULL","NULL","NULL","NULL","NULL"
"29189","Saint Louis County","MO","NULL","NULL","NULL","9","0.09","0.069","14","4","1","NULL","NULL","NULL","NULL","NULL"
"29510","St. Louis City","MO","2.4","1.7","NULL","10","0.08","0.064","9","2","1","NULL","NULL","NULL","NULL","NULL"
"30027","Fergus County","MT","NULL","NULL","NULL","1","0.06","0.058","NULL","NULL","NULL","NULL","NULL","NULL","NULL","NULL"
"30029","Flathead County","MT","NULL","NULL","NULL","NULL","0.06","0.053","NULL","NULL","NULL","NULL","NULL","NULL","NULL","NULL"
"30031","Gallatin County","MT","0.6","0.4","NULL","NULL","NULL","NULL","NULL","NULL","NULL","NULL","NULL","NULL","NULL","NULL"
"30049","Lewis and Clark County","MT","0.4","0.4","NULL","NULL","0.07","0.062","NULL","NULL","NULL","NULL","NULL","NULL","NULL","NULL"
"30071","Phillips County","MT","NULL","NULL","NULL","1","0.06","0.056","NULL","NULL","NULL","NULL","NULL","NULL","NULL","NULL"
"30075","Powder River County","MT","NULL","NULL","NULL","NULL","0.07","0.064","NULL","NULL","NULL","NULL","NULL","NULL","NULL","NULL"
"30083","Richland County","MT","NULL","NULL","NULL","1","0.07","0.06","NULL","NULL","NULL","NULL","NULL","NULL","NULL","NULL"
"30087","Rosebud County","MT","NULL","NULL","NULL","1","0.06","0.057","NULL","NULL","NULL","NULL","NULL","NULL","NULL","NULL"
"31025","Cass County","NE","NULL","NULL","NULL","NULL","NULL","NULL","NULL","NULL","NULL","NULL","NULL","50","16","NULL"
"31055","Douglas County","NE","1.9","1.6","NULL","NULL","0.07","0.062","38","14","1","19","6.9","49","20","NULL"
"31107","Knox County","NE","NULL","NULL","NULL","NULL","0.07","0.062","NULL","NULL","NULL","NULL","NULL","NULL","NULL","NULL"
"31109","Lancaster County","NE","NULL","NULL","NULL","NULL","0.07","0.056","NULL","NULL","NULL","NULL","NULL","NULL","NULL","NULL"
"31153","Sarpy County","NE","NULL","NULL","NULL","NULL","NULL","NULL","NULL","NULL","NULL","22","7.8","NULL","NULL","NULL"
"31177","Washington County","NE","NULL","NULL","NULL","NULL","NULL","NULL","NULL","NULL","NULL","18","6.6","NULL","NULL","NULL"
"32003","Clark County","NV","2.7","2.4","58","24","0.08","0.07","5","2","0","26","8.3","104","29","NULL"
"32031","Washoe County","NV","2","1.5","NULL","11","0.08","0.066","NULL","NULL","NULL","NULL","NULL","NULL","NULL","NULL"
"32033","White Pine County","NV","NULL","NULL","NULL","NULL","0.07","0.066","NULL","NULL","NULL","NULL","NULL","NULL","NULL","NULL"
"33001","Belknap County","NH","NULL","NULL","NULL","NULL","0.06","0.052","NULL","NULL","NULL","NULL","NULL","NULL","NULL","NULL"
"33005","Cheshire County","NH","NULL","NULL","NULL","NULL","0.06","0.053","NULL","NULL","NULL","NULL","NULL","NULL","NULL","NULL"
"33007","Coos County","NH","NULL","NULL","NULL","NULL","0.06","0.051","NULL","NULL","NULL","NULL","NULL","NULL","NULL","NULL"
"33009","Grafton County","NH","NULL","NULL","NULL","NULL","0.05","0.05","NULL","NULL","NULL","NULL","NULL","NULL","NULL","NULL"
"33011","Hillsborough County","NH","0.2","0.3","NULL","NULL","0.06","0.054","NULL","NULL","NULL","NULL","NULL","NULL","NULL","NULL"
"33013","Merrimack County","NH","NULL","NULL","NULL","NULL","0.07","0.055","NULL","NULL","NULL","NULL","NULL","NULL","NULL","NULL"
"33015","Rockingham County","NH","0.4","0.4","NULL","NULL","0.08","0.06","NULL","NULL","NULL","NULL","NULL","NULL","NULL","NULL"
"34001","Atlantic County","NJ","NULL","NULL","NULL","NULL","0.08","0.059","NULL","NULL","NULL","NULL","NULL","NULL","NULL","NULL"
"34003","Bergen County","NJ","1.3","0.8","NULL","NULL","0.09","0.071","NULL","NULL","NULL","NULL","NULL","NULL","NULL","NULL"
"34007","Camden County","NJ","1.3","1","NULL","NULL","0.08","0.07","NULL","NULL","NULL","NULL","NULL","NULL","NULL","NULL"
"34011","Cumberland County","NJ","NULL","NULL","NULL","NULL","0.08","0.068","NULL","NULL","NULL","NULL","NULL","NULL","NULL","NULL"
"34013","Essex County","NJ","2.2","1.4","NULL","NULL","0.08","NULL","NULL","NULL","NULL","NULL","NULL","NULL","NULL","NULL"
"34015","Gloucester County","NJ","NULL","NULL","NULL","NULL","0.08","0.068","NULL","NULL","NULL","NULL","NULL","NULL","NULL","NULL"
"34017","Hudson County","NJ","1.8","1.1","NULL","NULL","0.09","0.065","NULL","NULL","NULL","NULL","NULL","NULL","NULL","NULL"
"34019","Hunterdon County","NJ","NULL","NULL","NULL","NULL","0.08","0.066","NULL","NULL","NULL","NULL","NULL","NULL","NULL","NULL"
"34021","Mercer County","NJ","NULL","NULL","NULL","NULL","0.08","0.068","NULL","NULL","NULL","NULL","NULL","NULL","NULL","NULL"
"34023","Middlesex County","NJ","NULL","NULL","NULL","NULL","0.08","0.07","NULL","NULL","NULL","NULL","NULL","NULL","NULL","NULL"
"34025","Monmouth County","NJ","NULL","NULL","NULL","NULL","0.08","0.067","NULL","NULL","NULL","NULL","NULL","NULL","NULL","NULL"
"34027","Morris County","NJ","NULL","NULL","NULL","NULL","0.07","0.062","NULL","NULL","NULL","NULL","NULL","NULL","NULL","NULL"
"34029","Ocean County","NJ","NULL","NULL","NULL","NULL","0.08","0.068","NULL","NULL","NULL","NULL","NULL","NULL","NULL","NULL"
"34031","Passaic County","NJ","NULL","NULL","NULL","NULL","0.08","0.064","NULL","NULL","NULL","NULL","NULL","NULL","NULL","NULL"
"34039","Union County","NJ","1.9","1.4","NULL","NULL","NULL","NULL","NULL","NULL","NULL","NULL","NULL","NULL","NULL","NULL"
"34041","Warren County","NJ","NULL","NULL","NULL","NULL","0.07","0.058","NULL","NULL","NULL","NULL","NULL","NULL","NULL","NULL"
"35001","Bernalillo County","NM","1.8","0.8","NULL","NULL","NULL","NULL","NULL","NULL","NULL","NULL","NULL","NULL","NULL","NULL"
"35013","Dona Ana County","NM","NULL","NULL","NULL","NULL","NULL","NULL","NULL","NULL","NULL","21","8","62","24","NULL"
"35025","Lea County","NM","NULL","NULL","NULL","NULL","0.08","NULL","NULL","NULL","NULL","NULL","NULL","NULL","NULL","NULL"
"35045","San Juan County","NM","NULL","NULL","NULL","1","0.07","0.065","NULL","NULL","NULL","NULL","NULL","NULL","NULL","NULL"
"36001","Albany County","NY","0.9","0.6","NULL","NULL","0.07","0.056","3","1","0","20","7.5","NULL","NULL","NULL"
"36005","Bronx County","NY","1.9","1.3","50","17","0.09","0.069","5","2","1","22","8.5","30","13","NULL"
"36013","Chautauqua County","NY","NULL","NULL","NULL","NULL","0.07","0.065","3","1","0","NULL","NULL","NULL","NULL","NULL"
"36027","Dutchess County","NY","NULL","NULL","NULL","NULL","0.08","0.061","2","1","0","NULL","NULL","NULL","NULL","NULL"
"36029","Erie County","NY","1.1","0.7","45","9","0.07","0.063","13","2","0","15","6.2","NULL","NULL","NULL"
"36031","Essex County","NY","NULL","NULL","NULL","NULL","0.07","0.061","1","1","0","NULL","NULL","NULL","NULL","NULL"
"36033","Franklin County","NY","NULL","NULL","NULL","NULL","NULL","NULL","1","1","0","NULL","NULL","NULL","NULL","NULL"
"36041","Hamilton County","NY","NULL","NULL","NULL","NULL","0.06","0.054","1","1","0","NULL","NULL","NULL","NULL","NULL"
"36045","Jefferson County","NY","NULL","NULL","NULL","NULL","0.07","0.056","NULL","NULL","NULL","NULL","NULL","NULL","NULL","NULL"
"36047","Kings County","NY","NULL","NULL","NULL","NULL","NULL","NULL","NULL","NULL","NULL","18","7.5","NULL","NULL","NULL"
"36055","Monroe County","NY","0.9","0.7","NULL","8","0.07","0.059","2","1","0","18","6.5","24","10","NULL"
"36059","Nassau County","NY","NULL","NULL","NULL","NULL","NULL","NULL","11","2","0","NULL","NULL","NULL","NULL","NULL"
"36061","New York County","NY","1.6","1.1","NULL","NULL","0.08","0.066","NULL","NULL","NULL","20","8.6","29","15","NULL"
"36063","Niagara County","NY","NULL","NULL","NULL","NULL","0.07","0.059","NULL","NULL","NULL","NULL","NULL","NULL","NULL","NULL"
"36067","Onondaga County","NY","NULL","NULL","NULL","NULL","0.07","0.058","1","1","0","15","6.4","NULL","NULL","NULL"
"36071","Orange County","NY","NULL","NULL","NULL","NULL","0.07","0.058","NULL","NULL","NULL","15","5.8","NULL","NULL","NULL"
"36075","Oswego County","NY","NULL","NULL","NULL","NULL","0.06","0.056","NULL","NULL","NULL","NULL","NULL","NULL","NULL","NULL"
"36079","Putnam County","NY","NULL","NULL","NULL","NULL","0.08","0.062","2","1","0","NULL","NULL","NULL","NULL","NULL"
"36081","Queens County","NY","1.7","1.1","54","14","0.09","0.071","5","2","0","18","7.8","23","11","NULL"
"36085","Richmond County","NY","NULL","NULL","NULL","NULL","0.08","0.065","NULL","NULL","NULL","21","7.6","NULL","NULL","NULL"
"36087","Rockland County","NY","NULL","NULL","NULL","NULL","0.09","0.066","NULL","NULL","NULL","NULL","NULL","NULL","NULL","NULL"
"36089","St. Lawrence County","NY","NULL","NULL","NULL","NULL","NULL","NULL","82","44","4","NULL","NULL","NULL","NULL","NULL"
"36091","Saratoga County","NY","NULL","NULL","NULL","NULL","0.06","0.054","NULL","NULL","NULL","NULL","NULL","NULL","NULL","NULL"
"36101","Steuben County","NY","0.3","0.3","NULL","NULL","NULL","NULL","2","1","0","14","6.1","NULL","NULL","NULL"
"36103","Suffolk County","NY","NULL","NULL","NULL","NULL","0.11","0.073","3","1","0","17","6.4","NULL","NULL","NULL"
"36109","Tompkins County","NY","NULL","NULL","NULL","NULL","0.06","0.056","NULL","NULL","NULL","NULL","NULL","NULL","NULL","NULL"
"36117","Wayne County","NY","NULL","NULL","NULL","NULL","0.07","0.06","NULL","NULL","NULL","NULL","NULL","NULL","NULL","NULL"
"36119","Westchester County","NY","NULL","NULL","NULL","NULL","0.09","0.069","NULL","NULL","NULL","NULL","NULL","NULL","NULL","NULL"
"37003","Alexander County","NC","NULL","NULL","NULL","NULL","0.07","0.061","NULL","NULL","NULL","NULL","NULL","NULL","NULL","NULL"
"37011","Avery County","NC","NULL","NULL","NULL","NULL","0.07","0.059","NULL","NULL","NULL","NULL","NULL","NULL","NULL","NULL"
"37021","Buncombe County","NC","NULL","NULL","NULL","NULL","0.07","0.061","8","1","0","14","6.1","NULL","NULL","NULL"
"37027","Caldwell County","NC","NULL","NULL","NULL","NULL","0.07","0.06","NULL","NULL","NULL","NULL","NULL","NULL","NULL","NULL"
"37031","Carteret County","NC","NULL","NULL","NULL","NULL","0.07","0.061","NULL","NULL","NULL","NULL","NULL","NULL","NULL","NULL"
"37033","Caswell County","NC","NULL","NULL","NULL","NULL","0.07","0.056","NULL","NULL","NULL","NULL","NULL","NULL","NULL","NULL"
"37035","Catawba County","NC","NULL","NULL","NULL","NULL","NULL","NULL","NULL","NULL","NULL","17","8.3","NULL","NULL","NULL"
"37051","Cumberland County","NC","NULL","NULL","NULL","NULL","0.07","0.061","NULL","NULL","NULL","NULL","NULL","30","13","NULL"
"37057","Davidson County","NC","NULL","NULL","NULL","NULL","NULL","NULL","NULL","NULL","NULL","19","8.8","NULL","NULL","NULL"
"37063","Durham County","NC","NULL","NULL","NULL","NULL","0.07","0.061","NULL","NULL","NULL","15","7.9","27","12","NULL"
"37065","Edgecombe County","NC","NULL","NULL","NULL","NULL","0.07","0.06","NULL","NULL","NULL","NULL","NULL","NULL","NULL","NULL"
"37067","Forsyth County","NC","NULL","NULL","NULL","6","0.08","0.065","NULL","NULL","NULL","NULL","NULL","NULL","NULL","NULL"
"37075","Graham County","NC","NULL","NULL","NULL","NULL","0.08","0.064","NULL","NULL","NULL","NULL","NULL","NULL","NULL","NULL"
"37077","Granville County","NC","NULL","NULL","NULL","NULL","0.08","0.062","NULL","NULL","NULL","NULL","NULL","NULL","NULL","NULL"
"37081","Guilford County","NC","NULL","NULL","NULL","NULL","0.07","0.064","NULL","NULL","NULL","15","6.8","33","15","NULL"
"37087","Haywood County","NC","NULL","NULL","NULL","NULL","0.07","0.062","NULL","NULL","NULL","NULL","NULL","NULL","NULL","NULL"
"37101","Johnston County","NC","NULL","NULL","NULL","NULL","0.07","0.061","NULL","NULL","NULL","16","8.1","NULL","NULL","NULL"
"37107","Lenoir County","NC","NULL","NULL","NULL","NULL","0.07","0.062","NULL","NULL","NULL","NULL","NULL","NULL","NULL","NULL"
"37109","Lincoln County","NC","NULL","NULL","NULL","NULL","0.08","0.065","NULL","NULL","NULL","NULL","NULL","NULL","NULL","NULL"
"37113","Macon County","NC","NULL","NULL","NULL","NULL","0.07","0.058","NULL","NULL","NULL","NULL","NULL","NULL","NULL","NULL"
"37117","Martin County","NC","NULL","NULL","NULL","NULL","0.07","0.062","NULL","NULL","NULL","NULL","NULL","NULL","NULL","NULL"
"37119","Mecklenburg County","NC","1.6","1.4","37","11","0.09","0.074","3","1","0","18","9.5","36","15","NULL"
"37121","Mitchell County","NC","NULL","NULL","NULL","NULL","NULL","NULL","NULL","NULL","NULL","12","5.6","NULL","NULL","NULL"
"37123","Montgomery County","NC","NULL","NULL","NULL","NULL","0.07","0.058","NULL","NULL","NULL","16","7.9","NULL","NULL","NULL"
"37129","New Hanover County","NC","NULL","NULL","NULL","NULL","0.07","0.059","NULL","NULL","NULL","NULL","NULL","NULL","NULL","NULL"
"37145","Person County","NC","NULL","NULL","NULL","NULL","0.07","0.063","41","9","1","NULL","NULL","NULL","NULL","NULL"
"37147","Pitt County","NC","NULL","NULL","NULL","NULL","0.07","0.061","NULL","NULL","NULL","NULL","NULL","NULL","NULL","NULL"
"37157","Rockingham County","NC","NULL","NULL","NULL","NULL","0.07","0.062","NULL","NULL","NULL","NULL","NULL","NULL","NULL","NULL"
"37159","Rowan County","NC","NULL","NULL","NULL","NULL","0.08","0.066","NULL","NULL","NULL","NULL","NULL","NULL","NULL","NULL"
"37173","Swain County","NC","NULL","NULL","NULL","NULL","0.07","0.059","NULL","NULL","NULL","14","7.2","NULL","NULL","NULL"
"37179","Union County","NC","NULL","NULL","NULL","NULL","0.09","0.07","NULL","NULL","NULL","NULL","NULL","NULL","NULL","NULL"
"37183","Wake County","NC","1.5","1.2","NULL","9","0.08","0.064","NULL","NULL","NULL","15","7.9","30","15","NULL"
"37199","Yancey County","NC","NULL","NULL","NULL","NULL","0.07","0.061","NULL","NULL","NULL","NULL","NULL","NULL","NULL","NULL"
"38007","Billings County","ND","NULL","NULL","NULL","NULL","0.07","0.058","NULL","NULL","NULL","9","3.4","NULL","NULL","NULL"
"38013","Burke County","ND","NULL","NULL","NULL","2","0.08","0.056","NULL","NULL","NULL","NULL","NULL","NULL","NULL","NULL"
"38015","Burleigh County","ND","1","0.5","NULL","4","0.07","0.059","NULL","NULL","NULL","NULL","NULL","47","15","NULL"
"38017","Cass County","ND","NULL","NULL","39","4","0.07","0.062","NULL","NULL","NULL","NULL","NULL","NULL","NULL","NULL"
"38025","Dunn County","ND","NULL","NULL","17","2","0.07","0.063","NULL","NULL","NULL","NULL","NULL","NULL","NULL","NULL"
"38053","McKenzie County","ND","NULL","NULL","13","2","0.07","0.06","NULL","NULL","NULL","NULL","NULL","23","7","NULL"
"38057","Mercer County","ND","NULL","NULL","NULL","3","0.07","0.059","NULL","NULL","NULL","NULL","NULL","NULL","NULL","NULL"
"38065","Oliver County","ND","NULL","NULL","NULL","2","0.07","0.061","NULL","NULL","NULL","NULL","NULL","NULL","NULL","NULL"
"38101","Ward County","ND","NULL","NULL","14","2","NULL","NULL","NULL","NULL","NULL","NULL","NULL","NULL","NULL","NULL"
"38105","Williams County","ND","NULL","NULL","NULL","NULL","0.07","0.058","17","3","0","NULL","NULL","NULL","NULL","NULL"
"39003","Allen County","OH","NULL","NULL","NULL","NULL","0.08","0.064","NULL","NULL","NULL","NULL","NULL","NULL","NULL","NULL"
"39007","Ashtabula County","OH","NULL","NULL","NULL","NULL","0.08","0.068","NULL","NULL","NULL","NULL","NULL","NULL","NULL","NULL"
"39013","Belmont County","OH","1.9","0.9","NULL","7","NULL","NULL","NULL","NULL","NULL","NULL","NULL","NULL","NULL","NULL"
"39017","Butler County","OH","NULL","NULL","NULL","NULL","0.08","0.067","NULL","NULL","NULL","26","10.9","45","20","NULL"
"39023","Clark County","OH","NULL","NULL","NULL","NULL","0.08","0.066","3","3","0","23","10.4","NULL","NULL","NULL"
"39025","Clermont County","OH","NULL","NULL","NULL","NULL","0.08","0.071","NULL","NULL","NULL","NULL","NULL","NULL","NULL","NULL"
"39027","Clinton County","OH","NULL","NULL","NULL","NULL","0.08","0.065","NULL","NULL","NULL","NULL","NULL","NULL","NULL","NULL"
"39035","Cuyahoga County","OH","4.4","2.3","NULL","10","0.08","0.07","NULL","NULL","NULL","NULL","NULL","NULL","NULL","NULL"
"39041","Delaware County","OH","NULL","NULL","NULL","NULL","0.07","0.063","NULL","NULL","NULL","NULL","NULL","NULL","NULL","NULL"
"39047","Fayette County","OH","NULL","NULL","NULL","NULL","0.07","0.061","NULL","NULL","NULL","NULL","NULL","NULL","NULL","NULL"
"39049","Franklin County","OH","1.3","0.8","NULL","9","0.08","0.068","NULL","NULL","NULL","NULL","NULL","NULL","NULL","NULL"
"39053","Gallia County","OH","NULL","NULL","NULL","NULL","NULL","NULL","54","10","2","NULL","NULL","NULL","NULL","NULL"
"39055","Geauga County","OH","NULL","NULL","NULL","NULL","0.08","0.068","NULL","NULL","NULL","NULL","NULL","NULL","NULL","NULL"
"39057","Greene County","OH","NULL","NULL","NULL","NULL","0.07","0.062","NULL","NULL","NULL","NULL","NULL","NULL","NULL","NULL"
"39061","Hamilton County","OH","1.7","1.6","49","18","0.09","0.072","26","5","1","25","11.9","39","17","NULL"
"39067","Harrison County","OH","1","0.8","NULL","NULL","NULL","NULL","NULL","NULL","NULL","NULL","NULL","NULL","NULL","NULL"
"39081","Jefferson County","OH","NULL","NULL","NULL","NULL","0.07","0.057","NULL","NULL","NULL","NULL","NULL","NULL","NULL","NULL"
"39083","Knox County","OH","NULL","NULL","NULL","NULL","0.08","0.063","NULL","NULL","NULL","NULL","NULL","NULL","NULL","NULL"
"39085","Lake County","OH","0.6","0.4","NULL","NULL","0.08","0.071","NULL","NULL","NULL","NULL","NULL","NULL","NULL","NULL"
"39087","Lawrence County","OH","NULL","NULL","NULL","NULL","0.07","0.059","NULL","NULL","NULL","NULL","NULL","NULL","NULL","NULL"
"39089","Licking County","OH","NULL","NULL","NULL","NULL","0.07","0.062","NULL","NULL","NULL","NULL","NULL","NULL","NULL","NULL"
"39093","Lorain County","OH","NULL","NULL","NULL","NULL","0.07","0.058","NULL","NULL","NULL","NULL","NULL","NULL","NULL","NULL"
"39095","Lucas County","OH","NULL","NULL","NULL","NULL","0.08","0.065","NULL","NULL","NULL","NULL","NULL","NULL","NULL","NULL"
"39097","Madison County","OH","NULL","NULL","NULL","NULL","0.07","0.063","NULL","NULL","NULL","NULL","NULL","NULL","NULL","NULL"
"39099","Mahoning County","OH","NULL","NULL","NULL","NULL","0.07","0.064","NULL","NULL","NULL","NULL","NULL","NULL","NULL","NULL"
"39103","Medina County","OH","NULL","NULL","NULL","NULL","0.06","0.054","NULL","NULL","NULL","NULL","NULL","NULL","NULL","NULL"
"39109","Miami County","OH","NULL","NULL","NULL","NULL","0.07","0.059","NULL","NULL","NULL","NULL","NULL","NULL","NULL","NULL"
"39113","Montgomery County","OH","1.5","1.2","NULL","NULL","0.07","0.064","NULL","NULL","NULL","24","10.3","54","19","NULL"
"39121","Noble County","OH","NULL","NULL","NULL","NULL","0.07","0.061","NULL","NULL","NULL","NULL","NULL","NULL","NULL","NULL"
"39133","Portage County","OH","NULL","NULL","NULL","NULL","0.07","0.058","NULL","NULL","NULL","NULL","NULL","NULL","NULL","NULL"
"39135","Preble County","OH","0.6","0.3","NULL","NULL","0.07","0.065","6","2","0","18","8.7","NULL","NULL","NULL"
"39151","Stark County","OH","1","0.7","NULL","NULL","0.08","0.065","NULL","NULL","NULL","NULL","NULL","NULL","NULL","NULL"
"39153","Summit County","OH","NULL","NULL","NULL","NULL","0.08","0.066","NULL","NULL","NULL","NULL","NULL","NULL","NULL","NULL"
"39155","Trumbull County","OH","NULL","NULL","NULL","NULL","0.08","0.067","NULL","NULL","NULL","NULL","NULL","NULL","NULL","NULL"
"39165","Warren County","OH","NULL","NULL","NULL","NULL","0.08","0.07","NULL","NULL","NULL","NULL","NULL","NULL","NULL","NULL"
"39167","Washington County","OH","NULL","NULL","NULL","NULL","0.07","0.062","NULL","NULL","NULL","NULL","NULL","NULL","NULL","NULL"
"39173","Wood County","OH","NULL","NULL","NULL","NULL","0.07","0.061","NULL","NULL","NULL","NULL","NULL","NULL","NULL","NULL"
"40001","Adair County","OK","1.2","0.4","NULL","NULL","0.07","0.058","2","2","0","NULL","NULL","NULL","NULL","NULL"
"40017","Canadian County","OK","NULL","NULL","NULL","NULL","0.08","0.065","NULL","NULL","NULL","NULL","NULL","NULL","NULL","NULL"
"40019","Carter County","OK","NULL","NULL","NULL","NULL","0.08","0.065","NULL","NULL","NULL","16","7.7","NULL","NULL","NULL"
"40023","Choctaw County","OK","NULL","NULL","NULL","NULL","0.07","0.062","NULL","NULL","NULL","NULL","NULL","NULL","NULL","NULL"
"40027","Cleveland County","OK","NULL","NULL","NULL","NULL","0.07","0.064","NULL","NULL","NULL","20","10","NULL","NULL","NULL"
"40031","Comanche County","OK","NULL","NULL","NULL","NULL","0.07","0.066","NULL","NULL","NULL","17","8.2","NULL","NULL","NULL"
"40037","Creek County","OK","NULL","NULL","NULL","NULL","0.08","0.066","NULL","NULL","NULL","NULL","NULL","NULL","NULL","NULL"
"40043","Dewey County","OK","NULL","NULL","NULL","NULL","0.07","0.062","NULL","NULL","NULL","17","7.9","NULL","NULL","NULL"
"40047","Garfield County","OK","NULL","NULL","NULL","NULL","NULL","NULL","45","8","0","NULL","NULL","NULL","NULL","NULL"
"40071","Kay County","OK","NULL","NULL","NULL","NULL","0.07","0.061","23","8","1","19","7.9","NULL","NULL","NULL"
"40097","Mayes County","OK","NULL","NULL","NULL","NULL","0.07","0.06","16","6","1","NULL","NULL","NULL","NULL","NULL"
"40105","Nowata County","OK","NULL","NULL","NULL","NULL","0.09","0.064","NULL","NULL","NULL","18","8.3","NULL","NULL","NULL"
"40109","Oklahoma County","OK","1.7","1","NULL","12","0.08","0.066","1","0","0","21","9.7","63","17","NULL"
"40113","Osage County","OK","NULL","NULL","NULL","NULL","0.08","0.064","NULL","NULL","NULL","NULL","NULL","NULL","NULL","NULL"
"40121","Pittsburg County","OK","NULL","NULL","NULL","NULL","0.07","0.065","NULL","NULL","NULL","NULL","NULL","NULL","NULL","NULL"
"40135","Sequoyah County","OK","NULL","NULL","25","5","0.07","0.059","NULL","NULL","NULL","17","8.1","NULL","NULL","NULL"
"40143","Tulsa County","OK","1.3","0.8","NULL","7","0.08","0.066","6","2","0","23","9.5","NULL","NULL","NULL"
"41005","Clackamas County","OR","NULL","NULL","NULL","NULL","0.08","0.065","NULL","NULL","NULL","NULL","NULL","NULL","NULL","NULL"
"41009","Columbia County","OR","NULL","NULL","NULL","NULL","0.07","0.051","NULL","NULL","NULL","NULL","NULL","NULL","NULL","NULL"
"41029","Jackson County","OR","NULL","NULL","NULL","NULL","0.08","0.062","NULL","NULL","NULL","NULL","NULL","NULL","NULL","NULL"
"41039","Lane County","OR","NULL","NULL","NULL","NULL","0.07","0.055","NULL","NULL","NULL","37","9.2","72","16","NULL"
"41047","Marion County","OR","NULL","NULL","NULL","NULL","0.07","0.055","NULL","NULL","NULL","NULL","NULL","NULL","NULL","NULL"
"41051","Multnomah County","OR","1.8","1.1","NULL","NULL","NULL","NULL","NULL","NULL","NULL","NULL","NULL","NULL","NULL","NULL"
"41059","Umatilla County","OR","NULL","NULL","NULL","NULL","0.07","0.059","NULL","NULL","NULL","NULL","NULL","NULL","NULL","NULL"
"41067","Washington County","OR","1.1","0.9","NULL","NULL","0.06","0.05","NULL","NULL","NULL","NULL","NULL","NULL","NULL","NULL"
"42001","Adams County","PA","0.5","0.4","12","2","0.07","0.062","4","2","0","NULL","NULL","NULL","NULL","NULL"
"42003","Allegheny County","PA","5.8","3","35","10","0.08","0.064","80","30","4","65","14.2","86","23","NULL"
"42005","Armstrong County","PA","NULL","NULL","NULL","NULL","0.07","0.058","NULL","NULL","NULL","NULL","NULL","NULL","NULL","NULL"
"42007","Beaver County","PA","NULL","NULL","37","7","0.08","0.063","15","4","0","NULL","NULL","40","17","NULL"
"42011","Berks County","PA","NULL","NULL","NULL","NULL","0.08","0.066","NULL","NULL","NULL","NULL","NULL","NULL","NULL","NULL"
"42013","Blair County","PA","NULL","NULL","NULL","NULL","0.07","0.064","8","3","1","NULL","NULL","NULL","NULL","NULL"
"42015","Bradford County","PA","NULL","NULL","NULL","3","0.06","0.053","NULL","NULL","NULL","NULL","NULL","NULL","NULL","NULL"
"42017","Bucks County","PA","NULL","NULL","NULL","NULL","0.08","0.067","NULL","NULL","NULL","NULL","NULL","NULL","NULL","NULL"
"42021","Cambria County","PA","2.8","1.3","34","6","0.06","0.054","13","6","0","NULL","NULL","NULL","NULL","NULL"
"42027","Centre County","PA","NULL","NULL","29","3","0.07","0.059","3","1","0","NULL","NULL","NULL","NULL","NULL"
"42029","Chester County","PA","NULL","NULL","NULL","NULL","0.08","0.068","NULL","NULL","NULL","NULL","NULL","NULL","NULL","NULL"
"42033","Clearfield County","PA","NULL","NULL","NULL","NULL","0.06","0.054","NULL","NULL","NULL","NULL","NULL","NULL","NULL","NULL"
"42043","Dauphin County","PA","NULL","NULL","NULL","NULL","0.07","0.063","NULL","NULL","NULL","NULL","NULL","NULL","NULL","NULL"
"42045","Delaware County","PA","NULL","NULL","NULL","8","0.09","0.069","NULL","NULL","NULL","NULL","NULL","NULL","NULL","NULL"
"42047","Elk County","PA","NULL","NULL","NULL","NULL","0.06","0.058","NULL","NULL","NULL","NULL","NULL","NULL","NULL","NULL"
"42049","Erie County","PA","0.9","0.6","NULL","4","0.07","0.063","NULL","NULL","NULL","NULL","NULL","32","12","NULL"
"42051","Fayette County","PA","NULL","NULL","18","3","0.07","0.058","NULL","NULL","NULL","NULL","NULL","NULL","NULL","NULL"
"42055","Franklin County","PA","NULL","NULL","NULL","NULL","0.07","0.059","NULL","NULL","NULL","NULL","NULL","NULL","NULL","NULL"
"42059","Greene County","PA","NULL","NULL","NULL","NULL","0.06","0.057","NULL","NULL","NULL","NULL","NULL","NULL","NULL","NULL"
"42063","Indiana County","PA","NULL","NULL","NULL","NULL","0.07","0.065","27","5","1","NULL","NULL","NULL","NULL","NULL"
"42069","Lackawanna County","PA","1","0.8","42","8","0.07","0.063","NULL","NULL","NULL","NULL","NULL","NULL","NULL","NULL"
"42071","Lancaster County","PA","NULL","NULL","NULL","NULL","0.08","0.065","NULL","NULL","NULL","NULL","NULL","51","16","NULL"
"42073","Lawrence County","PA","NULL","NULL","NULL","NULL","0.07","0.056","NULL","NULL","NULL","NULL","NULL","NULL","NULL","NULL"
"42075","Lebanon County","PA","NULL","NULL","NULL","NULL","0.08","0.065","NULL","NULL","NULL","NULL","NULL","NULL","NULL","NULL"
"42077","Lehigh County","PA","NULL","NULL","NULL","NULL","0.07","0.064","NULL","NULL","NULL","NULL","NULL","31","13","NULL"
"42079","Luzerne County","PA","NULL","NULL","NULL","NULL","0.07","0.059","3","2","0","NULL","NULL","26","12","NULL"
"42081","Lycoming County","PA","NULL","NULL","NULL","NULL","0.06","0.056","NULL","NULL","NULL","NULL","NULL","NULL","NULL","NULL"
"42085","Mercer County","PA","NULL","NULL","NULL","NULL","0.07","0.065","NULL","NULL","NULL","NULL","NULL","NULL","NULL","NULL"
"42089","Monroe County","PA","NULL","NULL","NULL","NULL","0.07","0.06","NULL","NULL","NULL","NULL","NULL","NULL","NULL","NULL"
"42091","Montgomery County","PA","NULL","NULL","NULL","NULL","0.08","0.065","NULL","NULL","NULL","NULL","NULL","NULL","NULL","NULL"
"42095","Northampton County","PA","NULL","NULL","NULL","NULL","0.08","0.065","6","2","0","NULL","NULL","NULL","NULL","NULL"
"42101","Philadelphia County","PA","2.2","1.7","NULL","NULL","0.09","0.071","NULL","NULL","NULL","NULL","NULL","NULL","NULL","NULL"
"42111","Somerset County","PA","NULL","NULL","NULL","NULL","0.07","0.06","NULL","NULL","NULL","NULL","NULL","NULL","NULL","NULL"
"42117","Tioga County","PA","NULL","NULL","9","1","0.06","0.055","NULL","NULL","NULL","NULL","NULL","NULL","NULL","NULL"
"42123","Warren County","PA","NULL","NULL","NULL","NULL","NULL","NULL","55","10","1","NULL","NULL","NULL","NULL","NULL"
"42125","Washington County","PA","NULL","NULL","33","5","0.07","0.064","16","6","1","NULL","NULL","NULL","NULL","NULL"
"42129","Westmoreland County","PA","NULL","NULL","NULL","NULL","0.08","0.061","NULL","NULL","NULL","NULL","NULL","NULL","NULL","NULL"
"42133","York County","PA","NULL","NULL","NULL","NULL","0.07","0.062","8","2","0","NULL","NULL","NULL","NULL","NULL"
"44003","Kent County","RI","NULL","NULL","NULL","NULL","0.08","0.064","NULL","NULL","NULL","NULL","NULL","NULL","NULL","NULL"
"44007","Providence County","RI","2.1","1.7","NULL","17","0.08","0.064","NULL","NULL","NULL","NULL","NULL","37","16","NULL"
"44009","Washington County","RI","NULL","NULL","NULL","NULL","0.08","0.066","NULL","NULL","NULL","NULL","NULL","NULL","NULL","NULL"
"45003","Aiken County","SC","NULL","NULL","NULL","NULL","0.08","0.066","NULL","NULL","NULL","NULL","NULL","NULL","NULL","NULL"
"45007","Anderson County","SC","NULL","NULL","NULL","NULL","0.07","0.065","NULL","NULL","NULL","NULL","NULL","NULL","NULL","NULL"
"45015","Berkeley County","SC","NULL","NULL","NULL","NULL","0.08","0.064","NULL","NULL","NULL","NULL","NULL","NULL","NULL","NULL"
"45019","Charleston County","SC","NULL","NULL","NULL","NULL","0.08","0.064","14","2","0","NULL","NULL","54","15","NULL"
"45025","Chesterfield County","SC","NULL","NULL","NULL","NULL","0.07","0.065","NULL","NULL","NULL","NULL","NULL","NULL","NULL","NULL"
"45031","Darlington County","SC","NULL","NULL","NULL","NULL","0.08","0.065","NULL","NULL","NULL","NULL","NULL","NULL","NULL","NULL"
"45037","Edgefield County","SC","NULL","NULL","NULL","NULL","0.07","0.065","NULL","NULL","NULL","NULL","NULL","NULL","NULL","NULL"
"45045","Greenville County","SC","NULL","NULL","NULL","8","0.08","0.068","1","1","0","19","8.2","31","13","NULL"
"45051","Horry County","SC","NULL","NULL","NULL","NULL","0.07","0.064","NULL","NULL","NULL","NULL","NULL","NULL","NULL","NULL"
"45063","Lexington County","SC","NULL","NULL","NULL","NULL","NULL","NULL","2","1","0","NULL","NULL","35","15","NULL"
"45073","Oconee County","SC","NULL","NULL","NULL","NULL","0.08","0.065","1","0","0","NULL","NULL","NULL","NULL","NULL"
"45077","Pickens County","SC","NULL","NULL","NULL","NULL","0.08","0.068","NULL","NULL","NULL","NULL","NULL","NULL","NULL","NULL"
"45079","Richland County","SC","0.8","0.6","31","3","0.08","0.067","3","1","0","NULL","NULL","NULL","NULL","NULL"
"45083","Spartanburg County","SC","NULL","NULL","NULL","NULL","0.09","0.068","NULL","NULL","NULL","NULL","NULL","NULL","NULL","NULL"
"45091","York County","SC","NULL","NULL","NULL","NULL","0.09","0.072","2","0","0","16","7.8","NULL","NULL","NULL"
"46011","Brookings County","SD","NULL","NULL","NULL","NULL","0.08","0.071","NULL","NULL","NULL","NULL","NULL","NULL","NULL","NULL"
"46033","Custer County","SD","NULL","NULL","NULL","NULL","0.07","0.057","NULL","NULL","NULL","NULL","NULL","NULL","NULL","NULL"
"46071","Jackson County","SD","NULL","NULL","NULL","NULL","0.06","0.058","NULL","NULL","NULL","NULL","NULL","NULL","NULL","NULL"
"46093","Meade County","SD","NULL","NULL","NULL","NULL","0.06","0.055","NULL","NULL","NULL","NULL","NULL","NULL","NULL","NULL"
"46099","Minnehaha County","SD","0.8","0.4","NULL","NULL","NULL","NULL","NULL","NULL","NULL","NULL","NULL","NULL","NULL","NULL"
"47001","Anderson County","TN","NULL","NULL","NULL","NULL","0.09","0.066","NULL","NULL","NULL","NULL","NULL","NULL","NULL","NULL"
"47009","Blount County","TN","1.2","0.6","NULL","1","0.07","0.064","NULL","NULL","NULL","NULL","NULL","NULL","NULL","NULL"
"47025","Claiborne County","TN","NULL","NULL","NULL","NULL","0.07","0.06","NULL","NULL","NULL","NULL","NULL","NULL","NULL","NULL"
"47037","Davidson County","TN","1.5","1.2","NULL","NULL","0.08","0.064","NULL","NULL","NULL","NULL","NULL","NULL","NULL","NULL"
"47041","DeKalb County","TN","NULL","NULL","NULL","NULL","0.07","0.06","NULL","NULL","NULL","NULL","NULL","NULL","NULL","NULL"
"47065","Hamilton County","TN","NULL","NULL","NULL","NULL","0.08","0.065","NULL","NULL","NULL","18","9.1","NULL","NULL","NULL"
"47089","Jefferson County","TN","NULL","NULL","NULL","NULL","0.08","0.065","NULL","NULL","NULL","NULL","NULL","NULL","NULL","NULL"
"47093","Knox County","TN","NULL","NULL","NULL","NULL","0.08","0.063","NULL","NULL","NULL","NULL","NULL","NULL","NULL","NULL"
"47155","Sevier County","TN","NULL","NULL","NULL","NULL","0.07","0.062","NULL","NULL","NULL","NULL","NULL","NULL","NULL","NULL"
"47157","Shelby County","TN","1","0.7","NULL","NULL","0.09","0.069","NULL","NULL","NULL","NULL","NULL","NULL","NULL","NULL"
"47163","Sullivan County","TN","NULL","NULL","NULL","NULL","0.08","0.064","NULL","NULL","NULL","NULL","NULL","NULL","NULL","NULL"
"47165","Sumner County","TN","NULL","NULL","NULL","NULL","0.08","0.066","NULL","NULL","NULL","NULL","NULL","NULL","NULL","NULL"
"47187","Williamson County","TN","NULL","NULL","NULL","NULL","0.08","0.06","NULL","NULL","NULL","NULL","NULL","NULL","NULL","NULL"
"47189","Wilson County","TN","NULL","NULL","NULL","NULL","0.07","0.06","NULL","NULL","NULL","NULL","NULL","NULL","NULL","NULL"
"48027","Bell County","TX","NULL","NULL","NULL","3","0.08","0.067","NULL","NULL","NULL","NULL","NULL","NULL","NULL","NULL"
"48029","Bexar County","TX","1.6","1.1","NULL","6","0.08","0.075","NULL","NULL","NULL","21","9","NULL","NULL","NULL"
"48043","Brewster County","TX","NULL","NULL","NULL","NULL","0.07","0.064","NULL","NULL","NULL","NULL","NULL","NULL","NULL","NULL"
"48085","Collin County","TX","NULL","NULL","NULL","NULL","0.1","0.076","NULL","NULL","NULL","NULL","NULL","NULL","NULL","NULL"
"48113","Dallas County","TX","1.5","1","NULL","NULL","0.09","0.073","NULL","NULL","NULL","NULL","NULL","NULL","NULL","NULL"
"48121","Denton County","TX","NULL","NULL","NULL","NULL","0.09","0.073","NULL","NULL","NULL","NULL","NULL","NULL","NULL","NULL"
"48139","Ellis County","TX","NULL","NULL","NULL","NULL","0.07","0.063","NULL","NULL","NULL","NULL","NULL","NULL","NULL","NULL"
"48141","El Paso County","TX","3.3","2.1","NULL","NULL","0.08","NULL","NULL","NULL","NULL","NULL","NULL","NULL","NULL","NULL"
"48183","Gregg County","TX","NULL","NULL","NULL","3","0.08","0.067","NULL","NULL","NULL","NULL","NULL","NULL","NULL","NULL"
"48201","Harris County","TX","3.1","1.5","NULL","NULL","NULL","NULL","NULL","NULL","NULL","NULL","NULL","NULL","NULL","NULL"
"48203","Harrison County","TX","NULL","NULL","NULL","2","0.07","0.062","NULL","NULL","NULL","NULL","NULL","NULL","NULL","NULL"
"48221","Hood County","TX","NULL","NULL","NULL","NULL","0.08","0.066","NULL","NULL","NULL","NULL","NULL","NULL","NULL","NULL"
"48231","Hunt County","TX","NULL","NULL","NULL","NULL","0.08","0.061","NULL","NULL","NULL","NULL","NULL","NULL","NULL","NULL"
"48251","Johnson County","TX","NULL","NULL","NULL","NULL","0.09","0.073","NULL","NULL","NULL","NULL","NULL","NULL","NULL","NULL"
"48257","Kaufman County","TX","NULL","NULL","NULL","NULL","0.08","0.063","NULL","NULL","NULL","NULL","NULL","NULL","NULL","NULL"
"48309","McLennan County","TX","0.7","0.4","NULL","NULL","0.07","0.063","NULL","NULL","NULL","NULL","NULL","NULL","NULL","NULL"
"48349","Navarro County","TX","NULL","NULL","NULL","NULL","0.07","NULL","NULL","NULL","NULL","NULL","NULL","NULL","NULL","NULL"
"48355","Nueces County","TX","NULL","NULL","NULL","NULL","0.07","0.062","NULL","NULL","NULL","NULL","NULL","NULL","NULL","NULL"
"48367","Parker County","TX","NULL","NULL","NULL","NULL","0.08","0.068","NULL","NULL","NULL","NULL","NULL","NULL","NULL","NULL"
"48373","Polk County","TX","NULL","NULL","NULL","NULL","0.07","0.059","NULL","NULL","NULL","NULL","NULL","NULL","NULL","NULL"
"48381","Randall County","TX","NULL","NULL","NULL","NULL","0.08","0.068","NULL","NULL","NULL","NULL","NULL","NULL","NULL","NULL"
"48423","Smith County","TX","NULL","NULL","NULL","2","0.08","0.067","NULL","NULL","NULL","NULL","NULL","NULL","NULL","NULL"
"48439","Tarrant County","TX","1.7","1.1","NULL","NULL","0.09","0.071","NULL","NULL","NULL","NULL","NULL","NULL","NULL","NULL"
"48453","Travis County","TX","2.4","1.2","NULL","NULL","0.08","0.065","NULL","NULL","NULL","NULL","NULL","NULL","NULL","NULL"
"48469","Victoria County","TX","NULL","NULL","NULL","NULL","0.07","0.062","NULL","NULL","NULL","NULL","NULL","NULL","NULL","NULL"
"48479","Webb County","TX","3.2","2.6","NULL","NULL","NULL","NULL","NULL","NULL","NULL","NULL","NULL","NULL","NULL","NULL"
"49003","Box Elder County","UT","NULL","NULL","NULL","0","NULL","NULL","NULL","NULL","NULL","NULL","NULL","NULL","NULL","NULL"
"49005","Cache County","UT","NULL","NULL","33","4","0.07","0.062","NULL","NULL","NULL","54","7.6","NULL","NULL","NULL"
"49007","Carbon County","UT","NULL","NULL","16","2","0.07","0.068","NULL","NULL","NULL","NULL","NULL","NULL","NULL","NULL"
"49011","Davis County","UT","NULL","NULL","46","12","0.09","0.073","NULL","NULL","NULL","16","5.6","NULL","NULL","NULL"
"49013","Duchesne County","UT","NULL","NULL","NULL","5","0.11","0.087","NULL","NULL","NULL","22","6.1","NULL","NULL","NULL"
"49021","Iron County","UT","NULL","NULL","NULL","6","0.07","0.06","NULL","NULL","NULL","11","4.3","NULL","NULL","NULL"
"49035","Salt Lake County","UT","1.9","1.5","55","18","0.09","0.073","13","4","1","31","9","NULL","NULL","NULL"
"49037","San Juan County","UT","NULL","NULL","NULL","NULL","0.07","0.064","NULL","NULL","NULL","NULL","NULL","NULL","NULL","NULL"
"49045","Tooele County","UT","NULL","NULL","24","3","0.08","0.065","NULL","NULL","NULL","23","5.3","NULL","NULL","NULL"
"49047","Uintah County","UT","NULL","NULL","28","4","0.08","0.07","NULL","NULL","NULL","16","5.1","NULL","NULL","NULL"
"49049","Utah County","UT","1.2","1","42","9","0.08","0.066","NULL","NULL","NULL","17","5.9","NULL","NULL","NULL"
"49053","Washington County","UT","NULL","NULL","26","3","0.07","0.064","NULL","NULL","NULL","NULL","NULL","NULL","NULL","NULL"
"49057","Weber County","UT","2.1","1.3","NULL","11","0.07","0.064","NULL","NULL","NULL","NULL","NULL","NULL","NULL","NULL"
"50003","Bennington County","VT","NULL","NULL","NULL","NULL","0.06","0.056","NULL","NULL","NULL","NULL","NULL","NULL","NULL","NULL"
"50007","Chittenden County","VT","1.1","0.6","NULL","NULL","NULL","NULL","NULL","NULL","NULL","NULL","NULL","NULL","NULL","NULL"
"50021","Rutland County","VT","2.5","0.8","NULL","NULL","0.06","0.052","NULL","NULL","NULL","NULL","NULL","NULL","NULL","NULL"
"51003","Albemarle County","VA","NULL","NULL","NULL","NULL","0.06","0.057","NULL","NULL","NULL","NULL","NULL","NULL","NULL","NULL"
"51013","Arlington County","VA","1.7","1.1","NULL","NULL","0.08","0.068","NULL","NULL","NULL","NULL","NULL","NULL","NULL","NULL"
"51023","Botetourt County","VA","NULL","NULL","NULL","NULL","NULL","NULL","36","5","0","NULL","NULL","NULL","NULL","NULL"
"51033","Caroline County","VA","NULL","NULL","NULL","NULL","0.07","0.06","NULL","NULL","NULL","NULL","NULL","NULL","NULL","NULL"
"51036","Charles County","VA","NULL","NULL","NULL","NULL","0.08","0.058","NULL","NULL","NULL","NULL","NULL","NULL","NULL","NULL"
"51041","Chesterfield County","VA","NULL","NULL","NULL","NULL","0.07","0.059","NULL","NULL","NULL","NULL","NULL","NULL","NULL","NULL"
"51059","Fairfax County","VA","1.3","1","NULL","NULL","0.08","0.07","NULL","NULL","NULL","NULL","NULL","NULL","NULL","NULL"
"51061","Fauquier County","VA","NULL","NULL","NULL","NULL","0.06","0.055","NULL","NULL","NULL","NULL","NULL","NULL","NULL","NULL"
"51069","Frederick County","VA","NULL","NULL","NULL","NULL","0.07","0.055","NULL","NULL","NULL","NULL","NULL","NULL","NULL","NULL"
"51071","Giles County","VA","NULL","NULL","NULL","NULL","0.07","0.06","80","18","3","NULL","NULL","NULL","NULL","NULL"
"51085","Hanover County","VA","NULL","NULL","NULL","NULL","0.08","0.061","NULL","NULL","NULL","NULL","NULL","NULL","NULL","NULL"
"51087","Henrico County","VA","0.9","0.7","NULL","NULL","NULL","NULL","NULL","NULL","NULL","NULL","NULL","NULL","NULL","NULL"
"51107","Loudoun County","VA","NULL","NULL","NULL","NULL","0.07","0.06","NULL","NULL","NULL","NULL","NULL","NULL","NULL","NULL"
"51113","Madison County","VA","NULL","NULL","NULL","NULL","0.06","0.058","NULL","NULL","NULL","NULL","NULL","NULL","NULL","NULL"
"51147","Prince Edward County","VA","NULL","NULL","NULL","NULL","0.07","0.058","NULL","NULL","NULL","NULL","NULL","NULL","NULL","NULL"
"51153","Prince William County","VA","NULL","NULL","NULL","NULL","0.07","0.06","NULL","NULL","NULL","NULL","NULL","NULL","NULL","NULL"
"51161","Roanoke County","VA","0.7","0.6","NULL","NULL","0.07","0.059","NULL","NULL","NULL","NULL","NULL","NULL","NULL","NULL"
"51163","Rockbridge County","VA","NULL","NULL","NULL","NULL","0.06","0.057","NULL","NULL","NULL","NULL","NULL","NULL","NULL","NULL"
"51165","Rockingham County","VA","NULL","NULL","NULL","NULL","0.06","0.055","NULL","NULL","NULL","NULL","NULL","NULL","NULL","NULL"
"51179","Stafford County","VA","NULL","NULL","NULL","NULL","0.08","0.059","NULL","NULL","NULL","NULL","NULL","NULL","NULL","NULL"
"51197","Wythe County","VA","NULL","NULL","NULL","NULL","0.06","0.057","NULL","NULL","NULL","NULL","NULL","NULL","NULL","NULL"
"51580","Covington City","VA","NULL","NULL","NULL","NULL","NULL","NULL","42","8","2","NULL","NULL","NULL","NULL","NULL"
"51650","Hampton City","VA","0.7","0.5","NULL","NULL","0.07","0.061","NULL","NULL","NULL","NULL","NULL","NULL","NULL","NULL"
"51710","Norfolk City","VA","1.3","0.7","NULL","NULL","NULL","NULL","NULL","NULL","NULL","NULL","NULL","NULL","NULL","NULL"
"51760","Richmond City","VA","1.2","1","NULL","NULL","NULL","NULL","NULL","NULL","NULL","NULL","NULL","NULL","NULL","NULL"
"51800","Suffolk City","VA","NULL","NULL","NULL","NULL","0.07","0.059","NULL","NULL","NULL","NULL","NULL","NULL","NULL","NULL"
"53005","Benton County","WA","NULL","NULL","NULL","NULL","0.07","0.061","NULL","NULL","NULL","NULL","NULL","NULL","NULL","NULL"
"53009","Clallam County","WA","0.1","0.1","NULL","NULL","0.06","0.051","NULL","NULL","NULL","NULL","NULL","NULL","NULL","NULL"
"53011","Clark County","WA","NULL","NULL","NULL","NULL","0.08","0.058","NULL","NULL","NULL","NULL","NULL","NULL","NULL","NULL"
"53033","King County","WA","1.1","0.9","NULL","NULL","0.08","0.055","NULL","NULL","NULL","NULL","NULL","NULL","NULL","NULL"
"53053","Pierce County","WA","NULL","NULL","NULL","15","0.07","0.056","NULL","NULL","NULL","NULL","NULL","NULL","NULL","NULL"
"53057","Skagit County","WA","NULL","NULL","NULL","NULL","0.05","0.04","NULL","NULL","NULL","NULL","NULL","NULL","NULL","NULL"
"53063","Spokane County","WA","NULL","NULL","NULL","NULL","0.07","0.057","NULL","NULL","NULL","NULL","NULL","NULL","NULL","NULL"
"53067","Thurston County","WA","1.5","1","NULL","NULL","0.06","0.052","NULL","NULL","NULL","NULL","NULL","NULL","NULL","NULL"
"53073","Whatcom County","WA","NULL","NULL","NULL","NULL","0.06","0.044","NULL","NULL","NULL","NULL","NULL","NULL","NULL","NULL"
"54003","Berkeley County","WV","NULL","NULL","NULL","NULL","0.06","0.055","NULL","NULL","NULL","NULL","NULL","NULL","NULL","NULL"
"54009","Brooke County","WV","NULL","NULL","NULL","NULL","NULL","NULL","75","19","3","39","9.6","49","16","NULL"
"54011","Cabell County","WV","NULL","NULL","NULL","NULL","0.07","0.058","NULL","NULL","NULL","NULL","NULL","NULL","NULL","NULL"
"54021","Gilmer County","WV","NULL","NULL","NULL","NULL","0.06","0.054","NULL","NULL","NULL","NULL","NULL","NULL","NULL","NULL"
"54025","Greenbrier County","WV","NULL","NULL","NULL","NULL","0.07","0.061","NULL","NULL","NULL","NULL","NULL","NULL","NULL","NULL"
"54029","Hancock County","WV","NULL","NULL","NULL","NULL","0.07","0.059","16","9","2","NULL","NULL","NULL","NULL","NULL"
"54039","Kanawha County","WV","0.8","0.6","NULL","NULL","0.08","NULL","NULL","NULL","NULL","NULL","NULL","NULL","NULL","NULL"
"54051","Marshall County","WV","NULL","NULL","NULL","NULL","NULL","NULL","9","7","2","22","9.2","NULL","NULL","NULL"
"54053","Mason County","WV","NULL","NULL","NULL","NULL","NULL","NULL","61","7","1","NULL","NULL","NULL","NULL","NULL"
"54061","Monongalia County","WV","NULL","NULL","NULL","NULL","0.07","0.06","NULL","NULL","NULL","NULL","NULL","NULL","NULL","NULL"
"54069","Ohio County","WV","NULL","NULL","NULL","NULL","0.07","0.06","NULL","NULL","NULL","18","8.1","NULL","NULL","NULL"
"54093","Tucker County","WV","NULL","NULL","NULL","NULL","0.07","0.056","NULL","NULL","NULL","NULL","NULL","NULL","NULL","NULL"
"54107","Wood County","WV","NULL","NULL","NULL","NULL","0.07","0.061","NULL","NULL","NULL","NULL","NULL","NULL","NULL","NULL"
"55003","Ashland County","WI","NULL","NULL","NULL","NULL","0.06","0.057","NULL","NULL","NULL","NULL","NULL","NULL","NULL","NULL"
"55009","Brown County","WI","NULL","NULL","NULL","NULL","0.07","0.058","NULL","NULL","NULL","NULL","NULL","NULL","NULL","NULL"
"55021","Columbia County","WI","NULL","NULL","NULL","NULL","0.07","0.058","NULL","NULL","NULL","NULL","NULL","NULL","NULL","NULL"
"55025","Dane County","WI","NULL","NULL","NULL","NULL","0.07","0.059","NULL","NULL","NULL","NULL","NULL","NULL","NULL","NULL"
"55027","Dodge County","WI","0.4","0.4","NULL","NULL","0.07","0.062","NULL","NULL","NULL","NULL","NULL","NULL","NULL","NULL"
"55029","Door County","WI","NULL","NULL","NULL","NULL","0.08","0.066","NULL","NULL","NULL","NULL","NULL","NULL","NULL","NULL"
"55035","Eau Claire County","WI","NULL","NULL","NULL","NULL","0.06","0.056","NULL","NULL","NULL","NULL","NULL","NULL","NULL","NULL"
"55039","Fond du Lac County","WI","NULL","NULL","NULL","NULL","0.08","0.057","NULL","NULL","NULL","NULL","NULL","NULL","NULL","NULL"
"55041","Forest County","WI","NULL","NULL","NULL","NULL","0.07","0.058","NULL","NULL","NULL","NULL","NULL","NULL","NULL","NULL"
"55055","Jefferson County","WI","NULL","NULL","NULL","NULL","0.07","0.061","NULL","NULL","NULL","NULL","NULL","NULL","NULL","NULL"
"55059","Kenosha County","WI","NULL","NULL","NULL","NULL","0.08","0.067","NULL","NULL","NULL","NULL","NULL","NULL","NULL","NULL"
"55061","Kewaunee County","WI","NULL","NULL","NULL","NULL","0.07","0.061","NULL","NULL","NULL","NULL","NULL","NULL","NULL","NULL"
"55063","La Crosse County","WI","NULL","NULL","NULL","NULL","0.07","0.058","NULL","NULL","NULL","NULL","NULL","NULL","NULL","NULL"
"55071","Manitowoc County","WI","NULL","NULL","NULL","NULL","0.08","0.066","NULL","NULL","NULL","NULL","NULL","NULL","NULL","NULL"
"55073","Marathon County","WI","NULL","NULL","NULL","NULL","0.07","0.059","NULL","NULL","NULL","NULL","NULL","NULL","NULL","NULL"
"55079","Milwaukee County","WI","1.1","0.7","NULL","13","0.08","0.064","NULL","NULL","NULL","NULL","NULL","NULL","NULL","NULL"
"55087","Outagamie County","WI","NULL","NULL","NULL","NULL","0.07","0.057","NULL","NULL","NULL","NULL","NULL","NULL","NULL","NULL"
"55089","Ozaukee County","WI","NULL","NULL","NULL","NULL","0.08","0.068","NULL","NULL","NULL","NULL","NULL","NULL","NULL","NULL"
"55101","Racine County","WI","NULL","NULL","NULL","NULL","0.08","0.066","NULL","NULL","NULL","NULL","NULL","NULL","NULL","NULL"
"55105","Rock County","WI","NULL","NULL","NULL","NULL","0.07","0.061","NULL","NULL","NULL","NULL","NULL","NULL","NULL","NULL"
"55111","Sauk County","WI","NULL","NULL","NULL","NULL","0.07","0.061","NULL","NULL","NULL","NULL","NULL","NULL","NULL","NULL"
"55117","Sheboygan County","WI","NULL","NULL","NULL","NULL","0.08","0.068","NULL","NULL","NULL","NULL","NULL","NULL","NULL","NULL"
"55119","Taylor County","WI","NULL","NULL","NULL","NULL","0.06","0.058","NULL","NULL","NULL","NULL","NULL","NULL","NULL","NULL"
"55125","Vilas County","WI","NULL","NULL","NULL","NULL","0.06","0.057","NULL","NULL","NULL","NULL","NULL","NULL","NULL","NULL"
"55127","Walworth County","WI","NULL","NULL","NULL","NULL","0.08","0.062","NULL","NULL","NULL","NULL","NULL","NULL","NULL","NULL"
"55133","Waukesha County","WI","NULL","NULL","NULL","NULL","0.07","0.058","NULL","NULL","NULL","NULL","NULL","NULL","NULL","NULL"
"56001","Albany County","WY","NULL","NULL","NULL","NULL","0.08","0.065","NULL","NULL","NULL","NULL","NULL","NULL","NULL","NULL"
"56003","Big Horn County","WY","NULL","NULL","NULL","NULL","0.06","0.057","NULL","NULL","NULL","NULL","NULL","NULL","NULL","NULL"
"56005","Campbell County","WY","NULL","NULL","NULL","NULL","0.06","0.055","NULL","NULL","NULL","NULL","NULL","NULL","NULL","NULL"
"56007","Carbon County","WY","NULL","NULL","31","3","0.08","0.066","28","8","0","NULL","NULL","NULL","NULL","NULL"
"56009","Converse County","WY","0.1","0.1","NULL","NULL","0.07","0.059","NULL","NULL","NULL","NULL","NULL","NULL","NULL","NULL"
"56013","Fremont County","WY","NULL","NULL","NULL","NULL","0.07","0.065","64","14","1","NULL","NULL","NULL","NULL","NULL"
"56019","Johnson County","WY","NULL","NULL","NULL","NULL","0.07","0.06","NULL","NULL","NULL","NULL","NULL","NULL","NULL","NULL"
"56021","Laramie County","WY","0.4","0.4","NULL","NULL","0.07","0.06","NULL","NULL","NULL","NULL","NULL","NULL","NULL","NULL"
"56025","Natrona County","WY","NULL","NULL","NULL","NULL","0.07","0.06","NULL","NULL","NULL","NULL","NULL","NULL","NULL","NULL"
"56029","Park County","WY","NULL","NULL","NULL","NULL","0.07","0.057","NULL","NULL","NULL","NULL","NULL","NULL","NULL","NULL"
"56035","Sublette County","WY","NULL","NULL","NULL","NULL","0.13","0.085","NULL","NULL","NULL","NULL","NULL","NULL","NULL","NULL"
"56037","Sweetwater County","WY","NULL","NULL","NULL","NULL","0.08","0.065","13","3","1","NULL","NULL","NULL","NULL","NULL"
"56039","Teton County","WY","0.2","0.2","NULL","1","0.07","0.061","NULL","NULL","NULL","NULL","NULL","NULL","NULL","NULL"
"56041","Uinta County","WY","NULL","NULL","NULL","NULL","0.07","0.067","NULL","NULL","NULL","NULL","NULL","NULL","NULL","NULL"
"56045","Weston County","WY","NULL","NULL","NULL","NULL","0.07","0.059","NULL","NULL","NULL","NULL","NULL","NULL","NULL","NULL"
"72021","Bayamon Municipio","PR","2.9","0.8","NULL","NULL","NULL","NULL","NULL","NULL","NULL","NULL","NULL","NULL","NULL","NULL"
"72025","Caguas Municipio","PR","8.9","2","NULL","NULL","NULL","NULL","NULL","NULL","NULL","NULL","NULL","NULL","NULL","NULL"
"72061","Guaynabo Municipio","PR","8.8","1.7","NULL","NULL","NULL","NULL","NULL","NULL","NULL","NULL","NULL","NULL","NULL","NULL"
"72113","Ponce Municipio","PR","1.3","0.8","NULL","NULL","NULL","NULL","NULL","NULL","NULL","NULL","NULL","NULL","NULL","NULL"
"72127","San Juan Municipio","PR","14.3","2.6","NULL","NULL","NULL","NULL","NULL","NULL","NULL","NULL","NULL","NULL","NULL","NULL"
