StateName,CountyName,CountyCode,2010Population,CarbonMonoxide,Lead,NitrogenDioxide,Ozone,ParticulateMatter10,PartiulcateMatter2.5,SulfurDioxide
Alabama,Baldwin County,1003,182265,NULL,NULL,NULL,0.064,NULL,NULL,NULL
Alabama,Clay County,01027,13932,NULL,NULL,NULL,NULL,NULL,15,NULL
Alabama,Colbert County,01033,54428,NULL,NULL,NULL,0.06,NULL,16,NULL
Alabama,DeKalb County,01049,71109,NULL,NULL,NULL,0.064,NULL,16,NULL
Alabama,Elmore County,01051,79303,NULL,NULL,NULL,0.06,NULL,NULL,NULL
Alabama,Escambia County,01053,38319,NULL,NULL,NULL,NULL,NULL,NULL,NULL
Alabama,Etowah County,01055,104430,NULL,NULL,NULL,0.064,NULL,15,NULL
Alabama,Houston County,01069,101547,NULL,NULL,NULL,0.061,NULL,17,NULL
Alabama,Jefferson County,01073,658466,1,NULL,11,0.07,65,22,54
Alabama,Madison County,01089,334811,NULL,NULL,NULL,0.065,33,16,NULL
Alabama,Mobile County,01097,412992,NULL,NULL,NULL,0.065,NULL,17,10
Alabama,Montgomery County,01101,229363,NULL,NULL,NULL,0.062,49,18,NULL
Alabama,Morgan County,01103,119490,NULL,NULL,NULL,0.066,NULL,16,NULL
Alabama,Pike County,01109,32899,NULL,0.11,NULL,NULL,NULL,NULL,NULL
Alabama,Russell County,01113,52947,NULL,NULL,NULL,0.061,NULL,20,NULL
Alabama,Shelby County,01117,195085,NULL,NULL,NULL,0.067,NULL,NULL,72
Alabama,Sumter County,01119,13763,NULL,NULL,NULL,0.06,NULL,NULL,4
Alabama,Talladega County,01121,82291,NULL,NULL,NULL,NULL,NULL,NULL,NULL
Alabama,Tuscaloosa County,01125,194656,NULL,NULL,NULL,0.063,NULL,17,NULL
Alabama,Walker County,01127,67023,NULL,NULL,NULL,NULL,NULL,NULL,NULL
Alaska,Anchorage Municipality,02020,291826,3,NULL,NULL,NULL,102,18,NULL
Alaska,Bethel Census Area,02050,17013,NULL,NULL,NULL,NULL,60,NULL,NULL
Alaska,Denali Borough,02068,1826,NULL,NULL,NULL,0.053,NULL,NULL,NULL
Alaska,Fairbanks North Star Borough,02090,97581,2,NULL,12,0.041,59,53,37
Alaska,Juneau City and Borough,02110,31275,NULL,NULL,NULL,NULL,17,22,NULL
Alaska,Kenai Peninsula Borough,02122,55400,NULL,NULL,NULL,NULL,NULL,NULL,NULL
Alaska,Ketchikan Gateway Borough,02130,13477,NULL,NULL,NULL,NULL,NULL,NULL,NULL
Alaska,Matanuska-Susitna Borough,02170,88995,NULL,NULL,NULL,0.047,155,19,NULL
Alaska,Skagway Municipality,02232,968,NULL,NULL,NULL,NULL,NULL,NULL,NULL
Arizona,Apache County,04001,71518,NULL,NULL,NULL,NULL,58,NULL,NULL
Arizona,Cochise County,04003,131346,NULL,NULL,NULL,0.067,88,12,NULL
Arizona,Coconino County,04005,134421,NULL,NULL,NULL,0.069,NULL,NULL,NULL
Arizona,Gila County,04007,53597,NULL,0.23,NULL,0.076,239,NULL,208
Arizona,La Paz County,04012,20489,0,NULL,NULL,0.07,94,11,NULL
Arizona,Maricopa County,04013,3817117,3,0.05,28,0.08,294,31,8
Arizona,Mohave County,04015,200186,NULL,NULL,NULL,NULL,102,NULL,NULL
Arizona,Navajo County,04017,107449,NULL,NULL,NULL,0.069,51,NULL,NULL
Arizona,Pima County,04019,980263,1,NULL,8,0.071,206,12,2
Arizona,Pinal County,04021,375770,NULL,NULL,NULL,0.076,829,34,NULL
Arizona,Santa Cruz County,04023,47420,NULL,NULL,NULL,NULL,114,22,NULL
Arizona,Yavapai County,04025,211033,NULL,NULL,NULL,0.065,NULL,NULL,NULL
Arizona,Yuma County,04027,195751,NULL,NULL,NULL,0.074,227,26,NULL
Arkansas,Arkansas County,05001,19019,NULL,NULL,NULL,NULL,NULL,19,NULL
Arkansas,Ashley County,05003,21853,NULL,NULL,NULL,NULL,NULL,21,NULL
Arkansas,Clark County,05019,22995,NULL,NULL,NULL,0.062,NULL,NULL,NULL
Arkansas,Craighead County,05031,96443,NULL,NULL,NULL,NULL,NULL,NULL,NULL
Arkansas,Crittenden County,05035,50902,NULL,NULL,7,0.07,NULL,20,NULL
Arkansas,Faulkner County,05045,113237,NULL,NULL,NULL,NULL,NULL,NULL,NULL
Arkansas,Garland County,05051,96024,NULL,NULL,NULL,NULL,NULL,19,NULL
Arkansas,Jackson County,05067,17997,NULL,NULL,NULL,NULL,NULL,20,NULL
Arkansas,Jefferson County,05069,77435,NULL,NULL,NULL,NULL,NULL,NULL,NULL
Arkansas,Marion County,05089,16653,NULL,NULL,NULL,NULL,NULL,NULL,NULL
Arkansas,Miller County,05091,43462,NULL,NULL,NULL,NULL,NULL,NULL,NULL
Arkansas,Mississippi County,05093,46480,NULL,NULL,NULL,NULL,NULL,NULL,NULL
Arkansas,Newton County,05101,8330,NULL,NULL,NULL,0.062,NULL,NULL,NULL
Arkansas,Phillips County,05107,21757,NULL,NULL,NULL,NULL,NULL,NULL,NULL
Arkansas,Polk County,05113,20662,NULL,NULL,NULL,0.063,NULL,20,NULL
Arkansas,Pope County,05115,61754,NULL,NULL,NULL,NULL,NULL,NULL,NULL
Arkansas,Pulaski County,05119,382748,1,NULL,7,0.067,51,22,6
Arkansas,Sebastian County,05131,125744,NULL,NULL,NULL,NULL,NULL,NULL,NULL
Arkansas,Union County,05139,41639,NULL,NULL,NULL,NULL,NULL,21,NULL
Arkansas,Washington County,05143,203065,NULL,NULL,NULL,0.065,40,25,NULL
Arkansas,White County,05145,77076,NULL,NULL,NULL,NULL,NULL,NULL,NULL
California,Alameda County,06001,1510271,3,NULL,17,0.069,NULL,82,9
California,Amador County,06005,38091,NULL,NULL,NULL,0.075,NULL,NULL,NULL
California,Butte County,06007,220000,6,NULL,7,0.084,338,61,NULL
California,Calaveras County,06009,45578,NULL,NULL,NULL,0.077,62,41,NULL
California,Colusa County,06011,21419,NULL,NULL,NULL,0.061,166,60,NULL
California,Contra Costa County,06013,1049025,2,NULL,8,0.064,102,73,20
California,Del Norte County,06015,28610,NULL,NULL,NULL,NULL,NULL,NULL,NULL
California,El Dorado County,06017,181058,NULL,NULL,NULL,0.095,80,NULL,NULL
California,Fresno County,06019,930450,2,NULL,21,0.088,125,66,6
California,Glenn County,06021,28122,NULL,NULL,NULL,0.061,121,NULL,NULL
California,Humboldt County,06023,134623,1,NULL,2,0.049,55,30,1
California,Imperial County,06025,174528,3,NULL,12,0.076,355,40,NULL
California,Inyo County,06027,18546,1,NULL,NULL,0.078,353,44,NULL
California,Kern County,06029,839631,1,NULL,13,0.096,171,69,NULL
California,Kings County,06031,152982,NULL,NULL,9,0.08,219,78,NULL
California,Lake County,06033,64665,NULL,NULL,NULL,0.055,89,72,NULL
California,Los Angeles County,06037,9818605,3,0.06,22,0.102,90,36,9
California,Madera County,06039,150865,1,NULL,6,0.076,140,50,NULL
California,Marin County,06041,252409,2,NULL,9,0.049,95,74,NULL
California,Mariposa County,06043,18251,NULL,NULL,NULL,0.085,285,NULL,NULL
California,Mendocino County,06045,87841,NULL,NULL,NULL,0.053,152,60,NULL
California,Merced County,06047,255793,NULL,NULL,7,0.079,80,56,NULL
California,Modoc County,06049,9686,NULL,NULL,NULL,NULL,NULL,NULL,NULL
California,Mono County,06051,14202,NULL,NULL,NULL,NULL,580,99,NULL
California,Monterey County,06053,415057,1,NULL,5,0.054,76,29,NULL
California,Napa County,06055,136484,1,NULL,NULL,0.054,NULL,74,NULL
California,Nevada County,06057,98764,NULL,NULL,NULL,0.095,NULL,46,NULL
California,Orange County,06059,3010232,2,NULL,21,0.074,88,32,NULL
California,Placer County,06061,348432,NULL,NULL,8,0.098,170,57,NULL
California,Plumas County,06063,20007,NULL,NULL,NULL,NULL,NULL,37,NULL
California,Riverside County,06065,2189641,2,0.01,14,0.1,377,34,2
California,Sacramento County,06067,1418788,4,NULL,12,0.079,252,50,2
California,San Benito County,06069,55269,NULL,NULL,NULL,0.066,84,38,NULL
California,San Bernardino County,06071,2035210,1,0.01,30,0.111,142,33,6
California,San Diego County,06073,3095313,1,0.02,15,0.08,54,29,1
California,San Francisco County,06075,805235,2,NULL,11,0.048,NULL,81,NULL
California,San Joaquin County,06077,685306,2,NULL,12,0.075,212,97,NULL
California,San Luis Obispo County,06079,269637,NULL,NULL,5,0.071,123,29,1
California,San Mateo County,06081,718451,2,NULL,10,0.048,NULL,61,NULL
California,Santa Barbara County,06083,423895,1,NULL,6,0.065,103,20,2
California,Santa Clara County,06085,1781642,2,0.08,17,0.066,115,73,3
California,Santa Cruz County,06087,262382,NULL,NULL,NULL,0.054,NULL,41,NULL
California,Shasta County,06089,177223,NULL,NULL,NULL,0.079,137,103,NULL
California,Siskiyou County,06093,44900,NULL,NULL,NULL,0.072,NULL,113,NULL
California,Solano County,06095,413344,2,NULL,8,0.061,105,83,NULL
California,Sonoma County,06097,483878,1,NULL,4,0.055,205,65,NULL
California,Stanislaus County,06099,514453,2,NULL,10,0.084,184,100,NULL
California,Sutter County,06101,94737,3,NULL,7,0.08,245,37,NULL
California,Tehama County,06103,63463,NULL,NULL,NULL,0.082,100,63,NULL
California,Tulare County,06107,442179,NULL,NULL,11,0.091,152,63,NULL
California,Tuolumne County,06109,55365,NULL,NULL,NULL,0.084,NULL,NULL,NULL
California,Ventura County,06111,823318,NULL,NULL,8,0.076,160,24,NULL
California,Yolo County,06113,200849,NULL,NULL,4,0.068,183,95,NULL
Colorado,Adams County,08001,441603,2,NULL,16,0.069,146,27,6
Colorado,Alamosa County,08003,15445,NULL,NULL,NULL,NULL,139,NULL,NULL
Colorado,Arapahoe County,08005,572003,NULL,NULL,NULL,0.077,NULL,20,NULL
Colorado,Archuleta County,08007,12084,NULL,NULL,2,0.065,51,NULL,NULL
Colorado,Boulder County,08013,294567,NULL,NULL,NULL,0.077,57,29,NULL
Colorado,Clear Creek County,08019,9088,NULL,NULL,NULL,0.078,NULL,NULL,NULL
Colorado,Delta County,08029,30952,NULL,NULL,NULL,0.054,50,NULL,NULL
Colorado,Denver County,08031,600158,3,NULL,27,0.072,73,25,8
Colorado,Douglas County,08035,285465,NULL,NULL,NULL,0.083,NULL,37,NULL
Colorado,Elbert County,08039,23086,NULL,NULL,NULL,NULL,NULL,NULL,NULL
Colorado,El Paso County,08041,622263,2,NULL,NULL,0.073,36,16,9
Colorado,Fremont County,08043,46824,NULL,NULL,NULL,NULL,NULL,NULL,NULL
Colorado,Garfield County,08045,56389,NULL,NULL,5,0.067,62,NULL,NULL
Colorado,Gunnison County,08051,15324,NULL,NULL,NULL,0.069,60,NULL,NULL
Colorado,Jefferson County,08059,534543,NULL,NULL,NULL,0.081,NULL,NULL,NULL
Colorado,La Plata County,08067,51334,1,NULL,5,0.071,116,100,NULL
Colorado,Larimer County,08069,299630,2,NULL,NULL,0.081,51,20,NULL
Colorado,Mesa County,08077,146723,1,NULL,NULL,0.069,38,16,NULL
Colorado,Moffat County,08081,13795,NULL,NULL,NULL,0.064,NULL,NULL,NULL
Colorado,Montezuma County,08083,25535,NULL,NULL,NULL,0.072,NULL,NULL,NULL
Colorado,Montrose County,08085,41276,NULL,NULL,NULL,0.065,NULL,NULL,NULL
Colorado,Park County,08093,16206,NULL,NULL,NULL,0.047,8,NULL,NULL
Colorado,Pitkin County,08097,17148,NULL,NULL,NULL,NULL,39,NULL,NULL
Colorado,Prowers County,08099,12551,NULL,NULL,NULL,NULL,109,NULL,NULL
Colorado,Pueblo County,08101,159063,NULL,NULL,NULL,NULL,56,16,NULL
Colorado,Rio Blanco County,08103,6666,NULL,NULL,2,0.068,NULL,21,NULL
Colorado,Routt County,08107,23509,NULL,NULL,NULL,NULL,53,NULL,NULL
Colorado,San Miguel County,08113,7359,NULL,NULL,NULL,NULL,45,NULL,NULL
Colorado,Weld County,08123,252825,1,NULL,NULL,0.073,48,24,NULL
Connecticut,Fairfield County,09001,916829,1,NULL,9,0.086,36,21,6
Connecticut,Hartford County,09003,894014,1,NULL,13,0.067,62,19,NULL
Connecticut,Litchfield County,09005,189927,0,NULL,NULL,0.071,30,13,3
Connecticut,Middlesex County,09007,165676,NULL,NULL,NULL,0.077,NULL,NULL,NULL
Connecticut,New Haven County,09009,862477,1,NULL,12,0.077,38,22,3
Connecticut,New London County,09011,274055,NULL,NULL,NULL,0.074,31,NULL,NULL
Connecticut,Tolland County,09013,152691,NULL,NULL,NULL,0.071,NULL,NULL,NULL
Connecticut,Windham County,09015,118428,NULL,NULL,NULL,0.072,NULL,NULL,NULL
Delaware,Kent County,10001,162310,NULL,NULL,NULL,0.067,NULL,13,NULL
Delaware,New Castle County,10003,538479,1,NULL,10,0.072,NULL,19,6
Delaware,Sussex County,10005,197145,NULL,NULL,NULL,0.068,NULL,15,NULL
District of Columbia,District of Columbia,11001,601723,2,NULL,13,0.073,40,21,5
Florida,Alachua County,12001,247336,NULL,NULL,NULL,0.062,NULL,NULL,NULL
Florida,Baker County,12003,27115,NULL,NULL,NULL,0.06,NULL,NULL,NULL
Florida,Bay County,12005,168852,NULL,NULL,NULL,0.061,NULL,NULL,NULL
Florida,Brevard County,12009,543376,NULL,NULL,NULL,0.064,26,11,NULL
Florida,Broward County,12011,1748066,1,NULL,15,0.066,47,15,1
Florida,Citrus County,12017,141236,NULL,NULL,NULL,NULL,NULL,NULL,37
Florida,Collier County,12021,321520,NULL,NULL,NULL,0.062,NULL,NULL,NULL
Florida,Columbia County,12023,67531,NULL,NULL,NULL,0.063,NULL,NULL,NULL
Florida,Duval County,12031,864263,1,NULL,11,0.061,203,17,17
Florida,Escambia County,12033,297619,NULL,NULL,NULL,0.067,NULL,19,5
Florida,Flagler County,12035,95696,NULL,NULL,NULL,0.06,NULL,NULL,NULL
Florida,Hamilton County,12047,14799,NULL,NULL,NULL,NULL,NULL,NULL,NULL
Florida,Highlands County,12055,98786,NULL,NULL,NULL,0.06,NULL,NULL,NULL
Florida,Hillsborough County,12057,1229226,1,0.11,10,0.07,52,NULL,12
Florida,Holmes County,12059,19927,NULL,NULL,NULL,0.06,NULL,NULL,NULL
Florida,Indian River County,12061,138028,NULL,NULL,NULL,0.064,NULL,NULL,NULL
Florida,Lake County,12069,297052,NULL,NULL,NULL,0.065,NULL,NULL,NULL
Florida,Lee County,12071,618754,NULL,NULL,NULL,0.065,45,16,NULL
Florida,Leon County,12073,275487,NULL,NULL,NULL,0.06,NULL,17,NULL
Florida,Liberty County,12077,8365,NULL,NULL,NULL,0.059,NULL,NULL,NULL
Florida,Manatee County,12081,322833,NULL,NULL,NULL,0.066,NULL,NULL,10
Florida,Marion County,12083,331298,NULL,NULL,NULL,0.062,NULL,NULL,NULL
Florida,Martin County,12085,146318,NULL,NULL,NULL,0.064,NULL,NULL,NULL
Florida,Miami-Dade County,12086,2496435,1,NULL,11,0.065,66,18,4
Florida,Nassau County,12089,73314,NULL,NULL,NULL,NULL,NULL,NULL,40
Florida,Okaloosa County,12091,180822,NULL,NULL,NULL,0.061,54,NULL,NULL
Florida,Orange County,12095,1145956,1,NULL,5,0.063,27,16,4
Florida,Osceola County,12097,268685,NULL,NULL,NULL,0.067,NULL,NULL,NULL
Florida,Palm Beach County,12099,1320134,NULL,NULL,3,0.064,124,NULL,NULL
Florida,Pasco County,12101,464697,NULL,NULL,NULL,0.066,NULL,NULL,NULL
Florida,Pinellas County,12103,916542,1,NULL,9,0.067,52,15,10
Florida,Polk County,12105,602095,NULL,NULL,NULL,0.066,35,NULL,16
Florida,Putnam County,12107,74364,NULL,NULL,NULL,NULL,54,NULL,13
Florida,St. Lucie County,12111,277789,NULL,NULL,NULL,0.062,NULL,NULL,NULL
Florida,Santa Rosa County,12113,151372,NULL,NULL,NULL,0.063,NULL,NULL,NULL
Florida,Sarasota County,12115,379448,NULL,NULL,2,0.065,39,13,NULL
Florida,Seminole County,12117,422718,NULL,NULL,NULL,0.064,32,13,NULL
Florida,Volusia County,12127,494593,NULL,NULL,NULL,0.064,34,12,NULL
Florida,Wakulla County,12129,30776,1,NULL,NULL,0.06,NULL,NULL,NULL
Georgia,Bibb County,13021,155547,NULL,NULL,NULL,0.064,NULL,18,3
Georgia,Chatham County,13051,265128,NULL,NULL,NULL,0.058,NULL,17,41
Georgia,Chattooga County,13055,26015,NULL,NULL,NULL,0.059,NULL,NULL,NULL
Georgia,Clarke County,13059,116714,NULL,NULL,NULL,0.065,NULL,19,NULL
Georgia,Clayton County,13063,259424,NULL,NULL,NULL,NULL,NULL,19,NULL
Georgia,Cobb County,13067,688078,NULL,NULL,NULL,0.065,NULL,16,NULL
Georgia,Coffee County,13069,42356,NULL,NULL,NULL,NULL,NULL,13,NULL
Georgia,Columbia County,13073,124053,NULL,NULL,NULL,0.06,NULL,NULL,NULL
Georgia,Dawson County,13085,22330,NULL,NULL,NULL,0.065,NULL,NULL,NULL
Georgia,DeKalb County,13089,691893,1,NULL,15,0.067,38,17,2
Georgia,Dougherty County,13095,94565,NULL,NULL,NULL,NULL,NULL,24,NULL
Georgia,Douglas County,13097,132403,NULL,NULL,NULL,0.064,NULL,NULL,NULL
Georgia,Floyd County,13115,96317,NULL,NULL,NULL,NULL,NULL,NULL,15
Georgia,Fulton County,13121,920581,2,NULL,16,0.072,29,18,4
Georgia,Glynn County,13127,79626,NULL,NULL,NULL,0.06,NULL,NULL,NULL
Georgia,Gwinnett County,13135,805321,NULL,NULL,NULL,0.065,NULL,21,NULL
Georgia,Hall County,13139,179684,NULL,NULL,NULL,NULL,NULL,NULL,NULL
Georgia,Henry County,13151,203922,NULL,NULL,NULL,0.069,NULL,NULL,NULL
Georgia,Houston County,13153,139900,NULL,NULL,NULL,NULL,NULL,20,NULL
Georgia,Lowndes County,13185,109233,NULL,NULL,NULL,NULL,NULL,17,NULL
Georgia,Murray County,13213,39628,NULL,NULL,NULL,0.064,NULL,NULL,NULL
Georgia,Muscogee County,13215,189885,NULL,0.04,NULL,0.059,NULL,28,NULL
Georgia,Paulding County,13223,142324,NULL,NULL,NULL,NULL,NULL,NULL,NULL
Georgia,Pike County,13231,17869,NULL,NULL,NULL,0.065,NULL,NULL,NULL
Georgia,Richmond County,13245,200549,NULL,NULL,NULL,0.063,33,20,64
Georgia,Rockdale County,13247,85215,NULL,NULL,NULL,0.069,NULL,NULL,NULL
Georgia,Sumter County,13261,32819,NULL,NULL,NULL,0.062,NULL,NULL,NULL
Georgia,Walker County,13295,68756,NULL,NULL,NULL,NULL,NULL,17,NULL
Georgia,Washington County,13303,21187,NULL,NULL,NULL,NULL,NULL,14,NULL
Georgia,Wilkinson County,13319,9563,NULL,NULL,NULL,NULL,NULL,NULL,NULL
Hawaii,Hawaii County,15001,185079,NULL,NULL,NULL,NULL,NULL,38,887
Hawaii,Honolulu County,15003,953207,3,0,4,0.049,31,9,38
Hawaii,Kauai County,15007,67091,NULL,NULL,5,NULL,NULL,8,3
Hawaii,Maui County,15009,154834,NULL,NULL,NULL,NULL,NULL,11,NULL
Idaho,Ada County,16001,392365,2,NULL,NULL,0.068,73,32,3
Idaho,Bannock County,16005,82839,NULL,NULL,NULL,NULL,109,NULL,44
Idaho,Benewah County,16009,9285,NULL,NULL,NULL,NULL,NULL,NULL,NULL
Idaho,Boise County,16015,7028,NULL,NULL,NULL,NULL,NULL,NULL,NULL
Idaho,Bonner County,16017,40877,NULL,NULL,NULL,NULL,119,NULL,NULL
Idaho,Bonneville County,16019,104234,NULL,NULL,NULL,NULL,NULL,NULL,NULL
Idaho,Boundary County,16021,10972,NULL,NULL,NULL,NULL,NULL,NULL,NULL
Idaho,Butte County,16023,2891,NULL,NULL,NULL,0.069,NULL,NULL,NULL
Idaho,Canyon County,16027,188923,NULL,NULL,NULL,NULL,71,33,NULL
Idaho,Caribou County,16029,6963,NULL,NULL,NULL,NULL,NULL,NULL,27
Idaho,Franklin County,16041,12786,NULL,NULL,NULL,NULL,NULL,27,NULL
Idaho,Gem County,16045,16719,NULL,NULL,NULL,NULL,NULL,NULL,NULL
Idaho,Idaho County,16049,16267,NULL,NULL,NULL,0.063,NULL,NULL,NULL
Idaho,Jerome County,16053,22374,NULL,NULL,NULL,NULL,NULL,NULL,NULL
Idaho,Kootenai County,16055,138494,NULL,NULL,NULL,NULL,NULL,NULL,NULL
Idaho,Latah County,16057,37244,NULL,NULL,NULL,NULL,NULL,NULL,NULL
Idaho,Lemhi County,16059,7936,NULL,NULL,NULL,NULL,NULL,31,NULL
Idaho,Nez Perce County,16069,39265,NULL,NULL,NULL,NULL,NULL,NULL,NULL
Idaho,Power County,16077,7817,NULL,NULL,NULL,NULL,NULL,NULL,NULL
Idaho,Shoshone County,16079,12765,NULL,NULL,NULL,NULL,65,40,NULL
Idaho,Twin Falls County,16083,77230,NULL,NULL,NULL,NULL,NULL,NULL,NULL
Idaho,Valley County,16085,9862,NULL,NULL,NULL,NULL,NULL,NULL,NULL
Illinois,Adams County,17001,67103,NULL,NULL,NULL,0.063,NULL,NULL,NULL
Illinois,Champaign County,17019,201081,0,NULL,NULL,0.072,NULL,18,3
Illinois,Clark County,17023,16335,NULL,NULL,NULL,0.066,NULL,NULL,NULL
Illinois,Cook County,17031,5194675,1,0.01,18,0.084,78,27,11
Illinois,DuPage County,17043,916924,NULL,NULL,NULL,0.071,NULL,24,NULL
Illinois,Effingham County,17049,34242,NULL,NULL,NULL,0.066,NULL,NULL,NULL
Illinois,Hamilton County,17065,8457,NULL,NULL,NULL,0.069,NULL,21,NULL
Illinois,Jersey County,17083,22985,NULL,NULL,NULL,0.07,NULL,19,NULL
Illinois,Jo Daviess County,17085,22678,NULL,NULL,NULL,0.067,NULL,NULL,NULL
Illinois,Kane County,17089,515269,NULL,NULL,NULL,0.072,NULL,21,NULL
Illinois,Lake County,17097,703462,NULL,NULL,NULL,0.074,NULL,NULL,NULL
Illinois,LaSalle County,17099,113924,NULL,NULL,NULL,NULL,NULL,NULL,27
Illinois,McHenry County,17111,308760,NULL,NULL,NULL,0.074,NULL,19,NULL
Illinois,McLean County,17113,169572,NULL,NULL,NULL,0.068,NULL,20,NULL
Illinois,Macon County,17115,110768,NULL,NULL,NULL,0.069,NULL,22,89
Illinois,Macoupin County,17117,47765,NULL,NULL,2,0.066,NULL,NULL,5
Illinois,Madison County,17119,269282,NULL,0.06,NULL,0.075,91,23,10
Illinois,Monroe County,17133,32957,NULL,NULL,NULL,NULL,NULL,NULL,20
Illinois,Peoria County,17143,186494,NULL,NULL,NULL,0.07,NULL,20,NULL
Illinois,Randolph County,17157,33476,NULL,NULL,NULL,0.065,NULL,19,NULL
Illinois,Rock Island County,17161,147546,NULL,NULL,NULL,0.067,NULL,NULL,NULL
Illinois,St. Clair County,17163,270056,1,NULL,9,0.073,NULL,23,16
Illinois,Sangamon County,17167,197465,NULL,NULL,NULL,0.069,NULL,20,NULL
Illinois,Tazewell County,17179,135394,NULL,NULL,NULL,NULL,NULL,NULL,NULL
Illinois,Wabash County,17185,11947,NULL,NULL,NULL,NULL,NULL,NULL,37
Illinois,Will County,17197,677560,NULL,NULL,NULL,0.071,NULL,NULL,NULL
Illinois,Winnebago County,17201,295266,NULL,NULL,NULL,0.07,NULL,NULL,NULL
Indiana,Allen County,18003,355329,NULL,NULL,NULL,0.072,NULL,22,NULL
Indiana,Bartholomew County,18005,76794,NULL,NULL,NULL,0.069,NULL,19,NULL
Indiana,Boone County,18011,56640,NULL,NULL,NULL,0.073,NULL,NULL,NULL
Indiana,Brown County,18013,15242,NULL,NULL,NULL,0.065,NULL,NULL,NULL
Indiana,Carroll County,18015,20155,NULL,NULL,NULL,0.066,NULL,NULL,NULL
Indiana,Clark County,18019,110232,NULL,NULL,NULL,0.071,40,26,NULL
Indiana,Daviess County,18027,31648,NULL,NULL,NULL,NULL,NULL,NULL,13
Indiana,Delaware County,18035,117671,NULL,0.03,NULL,0.07,NULL,19,NULL
Indiana,Dubois County,18037,41889,NULL,NULL,NULL,NULL,36,22,NULL
Indiana,Elkhart County,18039,197559,NULL,NULL,NULL,0.07,NULL,20,NULL
Indiana,Floyd County,18043,74578,NULL,NULL,NULL,0.073,NULL,NULL,9
Indiana,Gibson County,18051,33503,NULL,NULL,NULL,NULL,NULL,NULL,49
Indiana,Greene County,18055,33165,NULL,NULL,NULL,0.066,NULL,23,NULL
Indiana,Hamilton County,18057,274569,NULL,NULL,NULL,0.071,NULL,18,NULL
Indiana,Hendricks County,18063,145448,NULL,NULL,NULL,0.067,NULL,NULL,NULL
Indiana,Henry County,18065,49462,NULL,NULL,NULL,NULL,NULL,17,NULL
Indiana,Howard County,18067,82752,NULL,NULL,NULL,0.072,NULL,18,NULL
Indiana,Huntington County,18069,37124,NULL,NULL,NULL,0.066,NULL,NULL,NULL
Indiana,Jackson County,18071,42376,NULL,NULL,NULL,0.065,NULL,NULL,NULL
Indiana,Knox County,18083,38440,NULL,NULL,NULL,0.071,NULL,NULL,NULL
Indiana,Lake County,18089,496005,2,0.31,10,0.071,60,27,26
Indiana,LaPorte County,18091,111467,NULL,NULL,NULL,0.082,NULL,NULL,NULL
Indiana,Madison County,18095,131636,NULL,NULL,NULL,0.072,NULL,17,NULL
Indiana,Marion County,18097,903393,2,NULL,14,0.076,55,28,4
Indiana,Monroe County,18105,137974,NULL,NULL,NULL,NULL,NULL,23,NULL
Indiana,Montgomery County,18107,38124,NULL,NULL,NULL,NULL,NULL,NULL,NULL
Indiana,Morgan County,18109,68894,NULL,NULL,NULL,0.066,NULL,NULL,55
Indiana,Perry County,18123,19338,NULL,NULL,NULL,0.063,NULL,NULL,NULL
Indiana,Pike County,18125,12845,NULL,NULL,NULL,NULL,NULL,NULL,19
Indiana,Porter County,18127,164343,NULL,0.01,NULL,0.071,76,19,28
Indiana,Posey County,18129,25910,NULL,NULL,NULL,0.067,NULL,NULL,NULL
Indiana,St. Joseph County,18141,266931,NULL,NULL,10,0.073,NULL,22,NULL
Indiana,Shelby County,18145,44436,NULL,NULL,NULL,0.072,NULL,NULL,NULL
Indiana,Spencer County,18147,20952,NULL,NULL,NULL,NULL,NULL,20,NULL
Indiana,Sullivan County,18153,21475,NULL,NULL,NULL,NULL,NULL,24,NULL
Indiana,Tippecanoe County,18157,172780,NULL,NULL,NULL,NULL,NULL,19,NULL
Indiana,Vanderburgh County,18163,179703,1,NULL,8,0.068,30,21,11
Indiana,Vigo County,18167,107848,NULL,NULL,NULL,0.069,33,20,4
Indiana,Wabash County,18169,32888,NULL,NULL,NULL,0.076,NULL,NULL,NULL
Indiana,Warrick County,18173,59689,NULL,NULL,NULL,0.07,NULL,NULL,NULL
Indiana,Whitley County,18183,33292,NULL,NULL,NULL,NULL,NULL,20,NULL
Iowa,Black Hawk County,19013,131090,NULL,NULL,NULL,NULL,NULL,20,NULL
Iowa,Bremer County,19017,24276,NULL,NULL,NULL,0.069,NULL,NULL,NULL
Iowa,Cerro Gordo County,19033,44151,NULL,NULL,NULL,NULL,50,NULL,NULL
Iowa,Clinton County,19045,49116,NULL,NULL,NULL,0.067,NULL,21,25
Iowa,Delaware County,19055,17764,NULL,NULL,NULL,NULL,NULL,NULL,NULL
Iowa,Emmet County,19063,10302,NULL,NULL,NULL,NULL,NULL,NULL,NULL
Iowa,Harrison County,19085,14928,NULL,NULL,NULL,0.066,NULL,NULL,NULL
Iowa,Johnson County,19103,130882,NULL,NULL,NULL,NULL,NULL,19,NULL
Iowa,Lee County,19111,35862,NULL,NULL,NULL,NULL,NULL,20,NULL
Iowa,Linn County,19113,211226,1,NULL,NULL,0.069,54,20,28
Iowa,Montgomery County,19137,10740,NULL,NULL,NULL,0.064,NULL,19,NULL
Iowa,Muscatine County,19139,42745,NULL,NULL,NULL,NULL,47,22,24
Iowa,Palo Alto County,19147,9421,NULL,NULL,NULL,0.067,NULL,17,NULL
Iowa,Polk County,19153,430640,1,NULL,7,0.065,43,18,1
Iowa,Pottawattamie County,19155,93158,NULL,0.08,NULL,NULL,57,22,NULL
Iowa,Scott County,19163,165224,1,NULL,6,0.071,140,21,5
Iowa,Story County,19169,89542,NULL,NULL,NULL,NULL,NULL,NULL,NULL
Iowa,Tama County,19171,17767,NULL,NULL,NULL,NULL,NULL,NULL,NULL
Iowa,Van Buren County,19177,7570,NULL,NULL,2,0.063,44,18,NULL
Iowa,Woodbury County,19193,102172,NULL,NULL,NULL,NULL,NULL,20,NULL
Iowa,Wright County,19197,13229,NULL,NULL,NULL,NULL,NULL,NULL,NULL
Kansas,Ford County,20057,33848,NULL,NULL,NULL,NULL,140,NULL,NULL
Kansas,Johnson County,20091,544179,NULL,NULL,NULL,0.066,NULL,NULL,NULL
Kansas,Leavenworth County,20103,76227,NULL,NULL,NULL,0.064,NULL,NULL,NULL
Kansas,Linn County,20107,9656,NULL,NULL,NULL,NULL,NULL,NULL,NULL
Kansas,Neosho County,20133,16512,NULL,NULL,3,0.063,55,NULL,3
Kansas,Saline County,20169,55606,NULL,0.05,NULL,NULL,NULL,NULL,NULL
Kansas,Sedgwick County,20173,498365,NULL,NULL,8,0.067,86,20,NULL
Kansas,Shawnee County,20177,177934,NULL,NULL,NULL,0.062,61,25,NULL
Kansas,Sherman County,20181,6010,NULL,NULL,NULL,NULL,80,NULL,NULL
Kansas,Sumner County,20191,24132,NULL,NULL,3,0.064,56,18,4
Kansas,Trego County,20195,3001,NULL,NULL,2,0.064,42,NULL,4
Kansas,Wyandotte County,20209,157505,1,NULL,10,0.069,46,NULL,6
Kentucky,Bell County,21013,28691,NULL,NULL,NULL,0.061,NULL,16,NULL
Kentucky,Boone County,21015,118811,NULL,NULL,NULL,0.068,NULL,NULL,NULL
Kentucky,Boyd County,21019,49542,NULL,NULL,5,0.065,47,18,8
Kentucky,Bullitt County,21029,74319,NULL,NULL,NULL,0.068,NULL,NULL,NULL
Kentucky,Campbell County,21037,90336,NULL,NULL,3,0.066,NULL,18,9
Kentucky,Carter County,21043,27720,NULL,NULL,NULL,0.063,20,14,NULL
Kentucky,Christian County,21047,73955,NULL,NULL,NULL,0.06,NULL,16,NULL
Kentucky,Daviess County,21059,96656,NULL,NULL,4,0.065,NULL,18,17
Kentucky,Edmonson County,21061,12161,0,NULL,NULL,0.061,NULL,NULL,5
Kentucky,Fayette County,21067,295803,NULL,NULL,3,0.063,51,NULL,5
Kentucky,Franklin County,21073,49285,NULL,NULL,NULL,NULL,NULL,NULL,NULL
Kentucky,Greenup County,21089,36910,NULL,NULL,NULL,0.062,NULL,NULL,11
Kentucky,Hancock County,21091,8565,NULL,NULL,NULL,0.062,NULL,NULL,NULL
Kentucky,Hardin County,21093,105543,NULL,NULL,NULL,0.067,NULL,17,NULL
Kentucky,Henderson County,21101,46250,NULL,NULL,NULL,0.067,27,19,102
Kentucky,Jefferson County,21111,741096,1,NULL,15,0.077,44,25,16
Kentucky,Jessamine County,21113,48586,NULL,NULL,NULL,0.063,NULL,NULL,3
Kentucky,Kenton County,21117,159720,NULL,NULL,NULL,NULL,NULL,NULL,NULL
Kentucky,Laurel County,21125,58849,NULL,NULL,NULL,NULL,NULL,NULL,NULL
Kentucky,Livingston County,21139,9519,NULL,NULL,NULL,0.067,27,NULL,NULL
Kentucky,McCracken County,21145,65565,NULL,NULL,5,0.066,33,18,10
Kentucky,Madison County,21151,82916,NULL,0.29,NULL,NULL,NULL,NULL,NULL
Kentucky,Morgan County,21175,13923,NULL,NULL,NULL,0.062,NULL,NULL,NULL
Kentucky,Ohio County,21183,23842,NULL,NULL,NULL,NULL,NULL,NULL,NULL
Kentucky,Oldham County,21185,60316,NULL,NULL,NULL,0.069,NULL,NULL,NULL
Kentucky,Perry County,21193,28712,NULL,NULL,NULL,0.059,NULL,17,NULL
Kentucky,Pike County,21195,65024,NULL,NULL,NULL,0.058,NULL,14,NULL
Kentucky,Pulaski County,21199,63063,NULL,NULL,NULL,0.06,NULL,16,NULL
Kentucky,Simpson County,21213,17327,NULL,NULL,NULL,0.065,NULL,NULL,NULL
Kentucky,Trigg County,21221,14339,NULL,NULL,NULL,0.062,NULL,NULL,NULL
Kentucky,Warren County,21227,113792,NULL,NULL,NULL,0.062,NULL,18,NULL
Kentucky,Washington County,21229,11717,NULL,NULL,NULL,0.062,NULL,NULL,NULL
Louisiana,Ascension Parish,22005,107215,NULL,NULL,6,0.07,NULL,NULL,NULL
Louisiana,Bossier Parish,22015,116979,NULL,NULL,NULL,0.066,115,NULL,11
Louisiana,Caddo Parish,22017,254969,NULL,NULL,NULL,0.066,NULL,22,NULL
Louisiana,Calcasieu Parish,22019,192768,NULL,NULL,8,0.069,NULL,25,31
Louisiana,Concordia Parish,22029,20822,NULL,NULL,NULL,NULL,NULL,NULL,NULL
Louisiana,East Baton Rouge Parish,22033,440171,2,0.01,10,0.074,84,23,29
Louisiana,Iberville Parish,22047,33387,NULL,NULL,4,0.07,NULL,23,NULL
Louisiana,Jefferson Parish,22051,432552,NULL,NULL,6,0.068,NULL,20,NULL
Louisiana,Lafayette Parish,22055,221578,NULL,NULL,NULL,0.065,108,22,NULL
Louisiana,Lafourche Parish,22057,96318,NULL,NULL,NULL,0.063,NULL,NULL,NULL
Louisiana,Livingston Parish,22063,128026,NULL,NULL,2,0.065,NULL,NULL,NULL
Louisiana,Orleans Parish,22071,343829,2,NULL,10,NULL,61,21,NULL
Louisiana,Ouachita Parish,22073,153720,NULL,NULL,NULL,0.057,NULL,24,NULL
Louisiana,Plaquemines Parish,22075,23042,NULL,NULL,NULL,NULL,NULL,NULL,NULL
Louisiana,Pointe Coupee Parish,22077,22802,NULL,NULL,NULL,0.065,NULL,NULL,NULL
Louisiana,Rapides Parish,22079,131613,NULL,NULL,NULL,NULL,NULL,23,NULL
Louisiana,St. Bernard Parish,22087,35897,NULL,NULL,NULL,0.07,63,20,40
Louisiana,St. Charles Parish,22089,52780,NULL,NULL,NULL,NULL,NULL,NULL,53
Louisiana,St. James Parish,22093,22102,NULL,NULL,NULL,0.063,NULL,NULL,8
Louisiana,St. John the Baptist Parish,22095,45924,NULL,0.08,NULL,0.064,NULL,NULL,NULL
Louisiana,St. Martin Parish,22099,52160,NULL,NULL,NULL,0.065,NULL,NULL,NULL
Louisiana,St. Tammany Parish,22103,233740,NULL,NULL,NULL,0.067,NULL,NULL,NULL
Louisiana,Tangipahoa Parish,22105,121097,NULL,NULL,NULL,NULL,NULL,17,NULL
Louisiana,Terrebonne Parish,22109,111860,NULL,NULL,NULL,NULL,NULL,17,NULL
Louisiana,West Baton Rouge Parish,22121,23788,NULL,NULL,10,0.068,NULL,22,21
Maine,Androscoggin County,23001,107702,NULL,NULL,NULL,0.059,27,15,NULL
Maine,Aroostook County,23003,71870,NULL,NULL,NULL,0.055,52,18,NULL
Maine,Cumberland County,23005,281674,1,NULL,8,0.067,69,16,7
Maine,Franklin County,23007,30768,NULL,NULL,NULL,NULL,NULL,NULL,NULL
Maine,Hancock County,23009,54418,0,NULL,NULL,0.064,15,11,1
Maine,Kennebec County,23011,122151,NULL,NULL,3,0.062,28,12,6
Maine,Knox County,23013,39736,NULL,NULL,NULL,0.064,NULL,NULL,NULL
Maine,Oxford County,23017,57833,NULL,NULL,NULL,0.066,NULL,20,NULL
Maine,Penobscot County,23019,153923,NULL,NULL,NULL,0.057,43,14,NULL
Maine,Washington County,23029,32856,NULL,NULL,NULL,0.065,NULL,NULL,NULL
Maine,York County,23031,197131,NULL,NULL,NULL,0.068,NULL,NULL,NULL
Maryland,Allegany County,24001,75087,NULL,NULL,NULL,NULL,NULL,NULL,173
Maryland,Anne Arundel County,24003,537656,NULL,NULL,NULL,0.075,24,NULL,NULL
Maryland,Baltimore County,24005,805029,1,NULL,14,0.071,NULL,18,12
Maryland,Calvert County,24009,88737,NULL,NULL,NULL,0.067,NULL,NULL,NULL
Maryland,Carroll County,24013,167134,NULL,NULL,NULL,0.068,NULL,NULL,NULL
Maryland,Cecil County,24015,101108,NULL,NULL,NULL,0.073,NULL,16,NULL
Maryland,Charles County,24017,146551,NULL,NULL,NULL,0.068,NULL,NULL,NULL
Maryland,Dorchester County,24019,32618,NULL,NULL,NULL,0.068,NULL,14,4
Maryland,Frederick County,24021,233385,NULL,NULL,NULL,0.067,NULL,NULL,NULL
Maryland,Garrett County,24023,30097,0,NULL,2,0.065,NULL,14,7
Maryland,Harford County,24025,244826,NULL,NULL,NULL,0.074,NULL,16,NULL
Maryland,Howard County,24027,287085,1,NULL,16,NULL,NULL,19,NULL
Maryland,Kent County,24029,20197,NULL,NULL,NULL,0.07,NULL,15,NULL
Maryland,Montgomery County,24031,971777,NULL,NULL,NULL,0.069,NULL,NULL,NULL
Maryland,Prince George's County,24033,863420,1,NULL,6,0.073,21,16,3
Maryland,Washington County,24043,147430,NULL,NULL,NULL,0.066,NULL,20,NULL
Maryland,Baltimore city,24510,620961,NULL,NULL,13,0.074,33,21,NULL
Massachusetts,Barnstable County,25001,215888,NULL,NULL,NULL,0.071,NULL,NULL,NULL
Massachusetts,Berkshire County,25003,131219,NULL,NULL,NULL,0.051,NULL,16,NULL
Massachusetts,Bristol County,25005,548285,NULL,NULL,NULL,0.075,NULL,15,4
Massachusetts,Dukes County,25007,16535,NULL,NULL,NULL,0.068,NULL,NULL,NULL
Massachusetts,Essex County,25009,743159,NULL,NULL,4,0.068,NULL,13,NULL
Massachusetts,Franklin County,25011,71372,NULL,NULL,NULL,0.066,NULL,18,NULL
Massachusetts,Hampden County,25013,463490,NULL,NULL,5,0.07,NULL,NULL,NULL
Massachusetts,Hampshire County,25015,158080,NULL,NULL,2,0.065,NULL,NULL,NULL
Massachusetts,Middlesex County,25017,1503085,NULL,NULL,NULL,0.065,NULL,NULL,NULL
Massachusetts,Norfolk County,25021,670850,NULL,NULL,4,0.065,NULL,NULL,NULL
Massachusetts,Plymouth County,25023,494919,NULL,NULL,NULL,0.07,NULL,18,NULL
Massachusetts,Suffolk County,25025,722023,1,NULL,13,0.067,23,21,4
Massachusetts,Worcester County,25027,798552,1,NULL,NULL,0.07,NULL,17,4
Michigan,Allegan County,26005,111408,NULL,NULL,NULL,0.074,NULL,21,NULL
Michigan,Alpena County,26007,29598,NULL,NULL,NULL,NULL,NULL,NULL,NULL
Michigan,Bay County,26017,107771,NULL,NULL,NULL,NULL,NULL,18,NULL
Michigan,Benzie County,26019,17525,NULL,NULL,NULL,0.069,NULL,NULL,NULL
Michigan,Berrien County,26021,156813,NULL,NULL,NULL,0.073,NULL,NULL,NULL
Michigan,Cass County,26027,52293,NULL,NULL,NULL,0.075,NULL,NULL,NULL
Michigan,Chippewa County,26033,38520,NULL,NULL,NULL,0.054,NULL,NULL,NULL
Michigan,Clinton County,26037,75382,NULL,NULL,NULL,0.071,NULL,NULL,NULL
Michigan,Dickinson County,26043,26168,NULL,NULL,NULL,NULL,NULL,NULL,NULL
Michigan,Emmet County,26047,32694,NULL,NULL,NULL,NULL,NULL,NULL,NULL
Michigan,Genesee County,26049,425790,NULL,NULL,NULL,0.069,NULL,22,NULL
Michigan,Grand Traverse County,26055,86986,NULL,NULL,NULL,NULL,NULL,NULL,NULL
Michigan,Huron County,26063,33118,NULL,NULL,NULL,0.07,NULL,NULL,NULL
Michigan,Ingham County,26065,280895,NULL,NULL,NULL,0.069,NULL,NULL,NULL
Michigan,Ionia County,26067,63905,NULL,0.05,NULL,NULL,NULL,NULL,NULL
Michigan,Iron County,26071,11817,NULL,NULL,NULL,NULL,NULL,NULL,NULL
Michigan,Kalamazoo County,26077,250331,NULL,NULL,NULL,0.071,NULL,19,NULL
Michigan,Kent County,26081,602622,1,0,NULL,0.071,30,19,4
Michigan,Lenawee County,26091,99892,NULL,NULL,NULL,0.071,NULL,23,NULL
Michigan,Macomb County,26099,840978,NULL,NULL,NULL,0.076,NULL,19,NULL
Michigan,Manistee County,26101,24733,NULL,NULL,NULL,0.065,NULL,17,NULL
Michigan,Mason County,26105,28705,NULL,NULL,NULL,0.068,NULL,NULL,NULL
Michigan,Missaukee County,26113,14849,NULL,NULL,1,0.066,NULL,16,NULL
Michigan,Monroe County,26115,152021,NULL,NULL,NULL,NULL,50,NULL,4
Michigan,Muskegon County,26121,172188,NULL,NULL,NULL,0.08,NULL,NULL,NULL
Michigan,Oakland County,26125,1202362,NULL,NULL,NULL,0.077,NULL,20,NULL
Michigan,Ottawa County,26139,263801,NULL,NULL,NULL,0.073,27,NULL,13
Michigan,Saginaw County,26145,200169,NULL,NULL,NULL,NULL,NULL,NULL,NULL
Michigan,St. Clair County,26147,163040,NULL,0.08,NULL,0.076,NULL,20,82
Michigan,Schoolcraft County,26153,8485,NULL,NULL,NULL,0.063,NULL,NULL,NULL
Michigan,Tuscola County,26157,55729,NULL,NULL,NULL,0.067,NULL,NULL,NULL
Michigan,Washtenaw County,26161,344791,NULL,NULL,NULL,0.072,NULL,21,NULL
Michigan,Wayne County,26163,1820584,2,0.02,16,0.074,123,29,67
Michigan,Wexford County,26165,32735,NULL,NULL,NULL,0.068,NULL,NULL,NULL
Minnesota,Anoka County,27003,330844,1,0.01,7,0.066,46,23,NULL
Minnesota,Becker County,27005,32504,NULL,NULL,NULL,0.063,NULL,16,NULL
Minnesota,Beltrami County,27007,44442,NULL,NULL,NULL,NULL,NULL,19,NULL
Minnesota,Carlton County,27017,35386,NULL,NULL,NULL,0.057,NULL,16,NULL
Minnesota,Cass County,27021,28567,NULL,NULL,NULL,NULL,NULL,NULL,NULL
Minnesota,Cook County,27031,5176,NULL,NULL,NULL,NULL,NULL,14,NULL
Minnesota,Crow Wing County,27035,62500,NULL,NULL,NULL,0.06,NULL,17,NULL
Minnesota,Dakota County,27037,398552,1,0.08,9,NULL,NULL,19,17
Minnesota,Douglas County,27041,36009,NULL,NULL,NULL,NULL,NULL,NULL,NULL
Minnesota,Freeborn County,27047,31255,NULL,NULL,NULL,NULL,NULL,NULL,NULL
Minnesota,Goodhue County,27049,46183,NULL,NULL,NULL,0.063,NULL,NULL,NULL
Minnesota,Hennepin County,27053,1152425,4,0.05,13,0.055,144,22,NULL
Minnesota,Itasca County,27061,45058,NULL,NULL,NULL,NULL,NULL,NULL,NULL
Minnesota,Kandiyohi County,27067,42239,NULL,NULL,NULL,NULL,NULL,NULL,NULL
Minnesota,Lake County,27075,10866,NULL,NULL,NULL,0.058,96,16,NULL
Minnesota,Lyon County,27083,25857,NULL,NULL,NULL,0.061,NULL,14,NULL
Minnesota,McLeod County,27085,36651,NULL,NULL,NULL,NULL,NULL,NULL,NULL
Minnesota,Mille Lacs County,27095,26097,NULL,NULL,NULL,0.058,NULL,NULL,NULL
Minnesota,Nicollet County,27103,32727,NULL,NULL,NULL,NULL,NULL,NULL,NULL
Minnesota,Olmsted County,27109,144248,NULL,NULL,NULL,0.056,NULL,20,NULL
Minnesota,Otter Tail County,27111,57303,NULL,NULL,NULL,NULL,NULL,NULL,NULL
Minnesota,Ramsey County,27123,508640,2,0,NULL,NULL,59,23,NULL
Minnesota,St. Louis County,27137,200226,NULL,0.01,NULL,0.059,89,18,NULL
Minnesota,Scott County,27139,129928,NULL,NULL,NULL,0.065,NULL,21,NULL
Minnesota,Stearns County,27145,150642,NULL,NULL,NULL,0.066,NULL,18,NULL
Minnesota,Washington County,27163,238136,NULL,0,NULL,0.061,128,25,4
Minnesota,Winona County,27169,51461,NULL,NULL,NULL,NULL,NULL,NULL,NULL
Minnesota,Wright County,27171,124700,NULL,NULL,NULL,0.069,NULL,19,NULL
Mississippi,Adams County,28001,32297,NULL,NULL,NULL,NULL,NULL,NULL,NULL
Mississippi,Bolivar County,28011,34145,NULL,NULL,NULL,0.069,NULL,NULL,NULL
Mississippi,DeSoto County,28033,161252,NULL,NULL,NULL,0.069,NULL,17,NULL
Mississippi,Forrest County,28035,74934,NULL,NULL,NULL,NULL,NULL,23,NULL
Mississippi,Grenada County,28043,21906,NULL,NULL,NULL,NULL,NULL,17,NULL
Mississippi,Hancock County,28045,43929,NULL,NULL,NULL,0.065,NULL,18,NULL
Mississippi,Harrison County,28047,187105,NULL,NULL,NULL,0.068,NULL,17,NULL
Mississippi,Hinds County,28049,245285,2,NULL,7,0.068,80,24,3
Mississippi,Jackson County,28059,139668,NULL,NULL,4,0.067,NULL,17,6
Mississippi,Jones County,28067,67761,NULL,NULL,NULL,NULL,NULL,NULL,NULL
Mississippi,Lauderdale County,28075,80261,NULL,NULL,NULL,0.062,NULL,NULL,NULL
Mississippi,Lee County,28081,82910,NULL,NULL,NULL,0.06,NULL,NULL,NULL
Mississippi,Lowndes County,28087,59779,NULL,NULL,NULL,NULL,NULL,NULL,NULL
Mississippi,Pearl River County,28109,55834,NULL,NULL,NULL,NULL,NULL,NULL,NULL
Mississippi,Rankin County,28121,141617,NULL,NULL,NULL,NULL,NULL,NULL,NULL
Mississippi,Scott County,28123,28264,NULL,NULL,NULL,NULL,NULL,NULL,NULL
Mississippi,Warren County,28149,48773,NULL,NULL,NULL,NULL,NULL,NULL,NULL
Mississippi,Yalobusha County,28161,12678,NULL,NULL,NULL,0.056,NULL,NULL,NULL
Missouri,Andrew County,29003,17291,NULL,NULL,NULL,0.069,NULL,NULL,NULL
Missouri,Boone County,29019,162642,NULL,NULL,NULL,0.063,NULL,NULL,NULL
Missouri,Buchanan County,29021,89201,NULL,NULL,NULL,NULL,87,18,NULL
Missouri,Callaway County,29027,44332,NULL,NULL,NULL,0.064,NULL,NULL,NULL
Missouri,Cass County,29037,99478,NULL,NULL,NULL,0.066,NULL,15,NULL
Missouri,Cedar County,29039,13982,NULL,NULL,NULL,0.064,NULL,20,NULL
Missouri,Clay County,29047,221939,NULL,NULL,NULL,0.074,NULL,16,NULL
Missouri,Clinton County,29049,20743,NULL,NULL,NULL,0.069,NULL,NULL,NULL
Missouri,Franklin County,29071,101492,NULL,NULL,NULL,NULL,NULL,NULL,38
Missouri,Greene County,29077,275174,NULL,NULL,NULL,0.065,39,18,NULL
Missouri,Holt County,29087,4912,NULL,0.02,NULL,NULL,NULL,NULL,NULL
Missouri,Howell County,29091,40400,NULL,NULL,NULL,NULL,NULL,NULL,NULL
Missouri,Iron County,29093,10630,NULL,0.1,NULL,NULL,NULL,NULL,52
Missouri,Jackson County,29095,674158,1,NULL,12,NULL,61,17,6
Missouri,Jasper County,29097,117404,NULL,NULL,NULL,0.067,91,NULL,NULL
Missouri,Jefferson County,29099,218733,NULL,0.11,NULL,0.071,52,NULL,20
Missouri,Lincoln County,29113,52566,NULL,NULL,NULL,0.068,NULL,NULL,NULL
Missouri,Maries County,29125,9176,NULL,NULL,NULL,NULL,NULL,NULL,NULL
Missouri,Mercer County,29129,3785,NULL,NULL,NULL,NULL,NULL,NULL,NULL
Missouri,Monroe County,29137,8840,NULL,NULL,2,0.064,28,NULL,4
Missouri,New Madrid County,29143,18956,NULL,NULL,NULL,NULL,NULL,NULL,370
Missouri,Perry County,29157,18971,NULL,NULL,NULL,0.067,NULL,NULL,NULL
Missouri,Reynolds County,29179,6696,NULL,0.04,NULL,NULL,NULL,NULL,NULL
Missouri,St. Charles County,29183,360485,NULL,NULL,NULL,0.075,NULL,NULL,22
Missouri,Ste. Genevieve County,29186,18145,NULL,NULL,NULL,0.065,NULL,NULL,NULL
Missouri,St. Francois County,29187,65359,NULL,0.02,NULL,NULL,NULL,NULL,NULL
Missouri,St. Louis County,29189,998954,NULL,NULL,10,0.071,NULL,21,12
Missouri,St. Louis city,29510,319294,1,NULL,11,0.077,87,21,16
Montana,Cascade County,30013,81327,NULL,NULL,NULL,NULL,NULL,NULL,NULL
Montana,Fergus County,30027,11586,NULL,NULL,1,0.062,70,26,NULL
Montana,Flathead County,30029,90928,NULL,NULL,NULL,0.055,135,49,NULL
Montana,Gallatin County,30031,89513,1,NULL,2,NULL,NULL,25,NULL
Montana,Lake County,30047,28746,NULL,NULL,NULL,NULL,NULL,NULL,NULL
Montana,Lewis and Clark County,30049,63395,1,NULL,NULL,0.062,NULL,40,8
Montana,Lincoln County,30053,19687,NULL,NULL,NULL,NULL,106,68,NULL
Montana,Missoula County,30063,109299,NULL,NULL,NULL,0.053,63,29,NULL
Montana,Phillips County,30071,4253,NULL,NULL,1,0.058,77,28,NULL
Montana,Powder River County,30075,1743,NULL,NULL,1,0.066,91,27,NULL
Montana,Ravalli County,30081,40212,NULL,NULL,NULL,NULL,NULL,24,NULL
Montana,Richland County,30083,9746,NULL,NULL,1,0.062,54,NULL,6
Montana,Rosebud County,30087,9233,NULL,NULL,1,0.059,66,26,NULL
Montana,Sanders County,30089,11413,NULL,NULL,NULL,NULL,70,NULL,NULL
Montana,Silver Bow County,30093,34200,NULL,NULL,NULL,NULL,66,22,NULL
Montana,Yellowstone County,30111,147972,NULL,NULL,NULL,NULL,NULL,28,22
Nebraska,Cass County,31025,25241,NULL,NULL,NULL,NULL,62,NULL,NULL
Nebraska,Cedar County,31027,8852,NULL,NULL,NULL,NULL,NULL,NULL,NULL
Nebraska,Cherry County,31031,5713,NULL,NULL,NULL,NULL,NULL,NULL,NULL
Nebraska,Deuel County,31049,1941,NULL,NULL,NULL,NULL,NULL,NULL,NULL
Nebraska,Dodge County,31053,36691,NULL,0.02,NULL,NULL,NULL,NULL,NULL
Nebraska,Douglas County,31055,517110,1,NULL,NULL,0.07,54,22,37
Nebraska,Hall County,31079,58607,NULL,NULL,NULL,NULL,NULL,19,NULL
Nebraska,Knox County,31107,8701,NULL,NULL,NULL,0.065,NULL,NULL,NULL
Nebraska,Lancaster County,31109,285407,NULL,NULL,NULL,0.062,NULL,19,10
Nebraska,Lincoln County,31111,36288,NULL,NULL,NULL,NULL,NULL,NULL,NULL
Nebraska,Sarpy County,31153,158840,NULL,NULL,NULL,NULL,NULL,21,NULL
Nebraska,Scotts Bluff County,31157,36970,NULL,NULL,NULL,NULL,NULL,18,NULL
Nebraska,Washington County,31177,20234,NULL,NULL,NULL,NULL,NULL,21,NULL
Nevada,Churchill County,32001,24877,NULL,NULL,NULL,0.074,NULL,NULL,NULL
Nevada,Clark County,32003,1951269,3,NULL,27,0.081,133,26,NULL
Nevada,Douglas County,32005,46997,NULL,NULL,NULL,NULL,NULL,40,NULL
Nevada,Elko County,32007,48818,NULL,NULL,NULL,NULL,119,NULL,NULL
Nevada,Lyon County,32019,51980,NULL,NULL,NULL,0.073,NULL,NULL,NULL
Nevada,Nye County,32023,43946,NULL,NULL,NULL,NULL,150,NULL,NULL
Nevada,Washoe County,32031,421407,2,NULL,13,0.078,126,35,4
Nevada,White Pine County,32033,10030,NULL,NULL,NULL,0.071,NULL,NULL,NULL
Nevada,Carson City,32510,55274,NULL,NULL,NULL,0.071,NULL,42,NULL
New Hampshire,Belknap County,33001,60088,NULL,NULL,NULL,0.056,NULL,11,NULL
New Hampshire,Cheshire County,33005,77117,NULL,NULL,NULL,0.061,NULL,17,NULL
New Hampshire,Coos County,33007,33055,NULL,NULL,NULL,0.069,NULL,NULL,NULL
New Hampshire,Grafton County,33009,89118,NULL,NULL,NULL,0.061,NULL,16,NULL
New Hampshire,Hillsborough County,33011,400721,0,NULL,NULL,0.066,NULL,12,3
New Hampshire,Merrimack County,33013,146445,NULL,NULL,NULL,0.06,NULL,NULL,15
New Hampshire,Rockingham County,33015,295223,0,NULL,3,0.069,31,14,14
New Hampshire,Sullivan County,33019,43742,NULL,NULL,NULL,NULL,NULL,NULL,NULL
New Jersey,Atlantic County,34001,274549,NULL,NULL,NULL,0.063,NULL,15,2
New Jersey,Bergen County,34003,905116,2,NULL,17,0.079,NULL,27,NULL
New Jersey,Camden County,34007,513657,1,NULL,11,0.075,33,22,7
New Jersey,Cumberland County,34011,156898,NULL,NULL,5,0.063,NULL,NULL,NULL
New Jersey,Essex County,34013,783969,2,NULL,14,0.071,38,21,4
New Jersey,Gloucester County,34015,288288,NULL,NULL,NULL,0.077,NULL,16,NULL
New Jersey,Hudson County,34017,634266,2,NULL,19,0.078,33,20,5
New Jersey,Hunterdon County,34019,128349,NULL,NULL,NULL,0.072,NULL,19,NULL
New Jersey,Mercer County,34021,366513,NULL,NULL,NULL,0.077,NULL,18,NULL
New Jersey,Middlesex County,34023,809858,NULL,NULL,8,0.076,NULL,19,NULL
New Jersey,Monmouth County,34025,630380,NULL,NULL,NULL,0.068,NULL,NULL,NULL
New Jersey,Morris County,34027,492276,NULL,NULL,3,0.073,NULL,15,3
New Jersey,Ocean County,34029,576567,NULL,NULL,NULL,0.074,NULL,17,NULL
New Jersey,Passaic County,34031,501226,NULL,NULL,NULL,0.069,NULL,19,NULL
New Jersey,Union County,34039,536499,3,NULL,19,NULL,NULL,22,7
New Jersey,Warren County,34041,108692,NULL,NULL,9,0.067,NULL,20,6
New Mexico,Bernalillo County,35001,662564,1,NULL,10,0.075,229,21,5
New Mexico,Chaves County,35005,65645,NULL,NULL,NULL,NULL,NULL,NULL,NULL
New Mexico,Doña Ana County,35013,209233,NULL,NULL,7,0.081,325,22,NULL
New Mexico,Eddy County,35015,53829,NULL,NULL,5,0.083,NULL,NULL,NULL
New Mexico,Grant County,35017,29514,NULL,NULL,NULL,NULL,NULL,NULL,NULL
New Mexico,Lea County,35025,64727,NULL,NULL,5,0.076,NULL,18,NULL
New Mexico,Luna County,35029,25095,NULL,NULL,NULL,NULL,186,NULL,NULL
New Mexico,Rio Arriba County,35039,40246,NULL,NULL,NULL,0.07,NULL,NULL,NULL
New Mexico,Sandoval County,35043,131561,NULL,NULL,NULL,0.073,NULL,NULL,NULL
New Mexico,San Juan County,35045,130044,NULL,NULL,10,0.074,84,NULL,9
New Mexico,Santa Fe County,35049,144170,NULL,NULL,NULL,0.069,NULL,9,NULL
New Mexico,Taos County,35055,32937,NULL,NULL,NULL,NULL,NULL,15,NULL
New Mexico,Valencia County,35061,76569,NULL,NULL,NULL,0.071,NULL,NULL,NULL
New York,Albany County,36001,304204,1,NULL,NULL,0.064,NULL,19,2
New York,Bronx County,36005,1385108,1,NULL,17,0.077,30,22,8
New York,Broome County,36007,200600,NULL,NULL,NULL,NULL,NULL,NULL,NULL
New York,Chautauqua County,36013,134905,NULL,NULL,NULL,0.071,NULL,17,3
New York,Dutchess County,36027,297488,NULL,NULL,NULL,0.065,NULL,NULL,3
New York,Erie County,36029,919040,1,NULL,10,0.069,35,19,7
New York,Essex County,36031,39370,NULL,NULL,NULL,0.069,NULL,13,1
New York,Franklin County,36033,51599,NULL,NULL,NULL,NULL,NULL,NULL,1
New York,Hamilton County,36041,4836,NULL,NULL,NULL,0.063,NULL,NULL,1
New York,Herkimer County,36043,64519,NULL,NULL,NULL,0.064,NULL,NULL,NULL
New York,Jefferson County,36045,116229,NULL,NULL,NULL,0.068,NULL,NULL,NULL
New York,Kings County,36047,2504700,NULL,NULL,NULL,NULL,NULL,18,NULL
New York,Monroe County,36055,744344,1,NULL,9,0.071,31,19,8
New York,Nassau County,36059,1339532,NULL,NULL,NULL,NULL,NULL,NULL,8
New York,New York County,36061,1585873,1,NULL,NULL,0.077,38,27,NULL
New York,Niagara County,36063,216469,NULL,NULL,NULL,0.069,NULL,NULL,NULL
New York,Oneida County,36065,234878,NULL,NULL,NULL,NULL,NULL,NULL,NULL
New York,Onondaga County,36067,467026,NULL,NULL,NULL,0.066,NULL,16,2
New York,Orange County,36071,372813,NULL,NULL,NULL,0.064,NULL,16,NULL
New York,Oswego County,36075,122109,NULL,NULL,NULL,0.067,NULL,NULL,NULL
New York,Putnam County,36079,99710,NULL,NULL,NULL,0.067,NULL,NULL,3
New York,Queens County,36081,2230722,2,NULL,16,0.073,29,20,6
New York,Richmond County,36085,468730,NULL,NULL,NULL,0.077,NULL,NULL,NULL
New York,Rockland County,36087,311687,NULL,NULL,NULL,0.072,NULL,NULL,NULL
New York,St. Lawrence County,36089,111944,NULL,NULL,NULL,NULL,NULL,NULL,87
New York,Saratoga County,36091,219607,NULL,NULL,NULL,0.067,NULL,NULL,NULL
New York,Schenectady County,36093,154727,NULL,NULL,NULL,NULL,NULL,NULL,NULL
New York,Seneca County,36099,35251,NULL,NULL,NULL,NULL,NULL,NULL,2
New York,Steuben County,36101,98990,0,NULL,NULL,0.064,NULL,14,2
New York,Suffolk County,36103,1493350,NULL,NULL,NULL,0.076,NULL,17,5
New York,Tompkins County,36109,101564,NULL,NULL,NULL,0.067,NULL,NULL,52
New York,Wayne County,36117,93772,NULL,NULL,NULL,0.071,NULL,NULL,NULL
New York,Westchester County,36119,949113,NULL,NULL,NULL,0.078,NULL,NULL,NULL
North Carolina,Alamance County,37001,151131,NULL,NULL,NULL,NULL,NULL,NULL,NULL
North Carolina,Alexander County,37003,37198,NULL,NULL,NULL,0.064,NULL,NULL,NULL
North Carolina,Avery County,37011,17797,NULL,NULL,NULL,0.064,NULL,NULL,NULL
North Carolina,Beaufort County,37013,47759,NULL,NULL,NULL,NULL,NULL,NULL,NULL
North Carolina,Brunswick County,37019,107431,NULL,NULL,NULL,NULL,NULL,NULL,NULL
North Carolina,Buncombe County,37021,238318,NULL,NULL,NULL,0.063,NULL,12,10
North Carolina,Cabarrus County,37025,178011,NULL,NULL,NULL,NULL,NULL,NULL,NULL
North Carolina,Caldwell County,37027,83029,NULL,NULL,NULL,0.065,NULL,NULL,NULL
North Carolina,Carteret County,37031,66469,NULL,NULL,NULL,0.06,NULL,NULL,NULL
North Carolina,Caswell County,37033,23719,NULL,NULL,NULL,0.065,NULL,NULL,NULL
North Carolina,Catawba County,37035,154358,NULL,NULL,NULL,NULL,NULL,18,NULL
North Carolina,Chatham County,37037,63505,NULL,NULL,NULL,NULL,NULL,NULL,NULL
North Carolina,Cumberland County,37051,319431,NULL,NULL,NULL,0.064,26,15,NULL
North Carolina,Davidson County,37057,162878,NULL,NULL,NULL,NULL,NULL,21,NULL
North Carolina,Duplin County,37061,58505,NULL,NULL,NULL,NULL,NULL,NULL,NULL
North Carolina,Durham County,37063,267587,NULL,NULL,NULL,0.063,29,17,6
North Carolina,Edgecombe County,37065,56552,NULL,NULL,NULL,0.062,NULL,NULL,NULL
North Carolina,Forsyth County,37067,350670,NULL,NULL,7,0.067,30,22,5
North Carolina,Gaston County,37071,206086,NULL,NULL,NULL,NULL,NULL,NULL,NULL
North Carolina,Graham County,37075,8861,NULL,NULL,NULL,0.064,NULL,NULL,NULL
North Carolina,Granville County,37077,59916,NULL,NULL,NULL,0.065,NULL,NULL,NULL
North Carolina,Guilford County,37081,488406,NULL,NULL,NULL,0.067,32,15,NULL
North Carolina,Haywood County,37087,59036,NULL,NULL,NULL,0.065,NULL,NULL,213
North Carolina,Jackson County,37099,40271,NULL,NULL,NULL,NULL,NULL,16,NULL
North Carolina,Johnston County,37101,168878,NULL,NULL,NULL,0.063,NULL,15,NULL
North Carolina,Lee County,37105,57866,NULL,NULL,NULL,0.06,NULL,NULL,NULL
North Carolina,Lenoir County,37107,59495,NULL,NULL,NULL,0.064,20,NULL,NULL
North Carolina,Lincoln County,37109,78265,NULL,NULL,NULL,0.063,NULL,NULL,NULL
North Carolina,McDowell County,37111,44996,NULL,NULL,NULL,NULL,NULL,NULL,NULL
North Carolina,Macon County,37113,33922,NULL,NULL,NULL,0.063,NULL,NULL,NULL
North Carolina,Martin County,37117,24505,NULL,NULL,NULL,0.061,20,NULL,NULL
North Carolina,Mecklenburg County,37119,919628,1,NULL,10,0.07,58,17,3
North Carolina,Mitchell County,37121,15579,NULL,NULL,NULL,NULL,NULL,15,NULL
North Carolina,Montgomery County,37123,27798,NULL,NULL,NULL,0.059,NULL,13,NULL
North Carolina,Nash County,37127,95840,NULL,NULL,NULL,NULL,NULL,NULL,NULL
North Carolina,New Hanover County,37129,202667,NULL,NULL,NULL,0.062,NULL,11,NULL
North Carolina,Onslow County,37133,177772,NULL,NULL,NULL,NULL,NULL,NULL,NULL
North Carolina,Orange County,37135,133801,NULL,NULL,NULL,NULL,NULL,NULL,NULL
North Carolina,Pasquotank County,37139,40661,NULL,NULL,NULL,NULL,NULL,NULL,NULL
North Carolina,Person County,37145,39464,NULL,NULL,NULL,0.063,NULL,NULL,25
North Carolina,Pitt County,37147,168148,NULL,NULL,NULL,0.066,NULL,12,NULL
North Carolina,Robeson County,37155,134168,NULL,NULL,NULL,NULL,NULL,NULL,NULL
North Carolina,Rockingham County,37157,93643,NULL,NULL,NULL,0.065,NULL,NULL,NULL
North Carolina,Rowan County,37159,138428,NULL,NULL,NULL,0.06,NULL,NULL,NULL
North Carolina,Swain County,37173,13981,NULL,NULL,NULL,0.061,NULL,17,NULL
North Carolina,Union County,37179,201292,NULL,NULL,NULL,0.07,NULL,NULL,NULL
North Carolina,Wake County,37183,900993,1,NULL,9,0.063,28,16,3
North Carolina,Watauga County,37189,51079,NULL,NULL,NULL,NULL,NULL,NULL,NULL
North Carolina,Wayne County,37191,122623,NULL,NULL,NULL,NULL,NULL,NULL,NULL
North Carolina,Yancey County,37199,17818,NULL,NULL,NULL,0.063,NULL,NULL,NULL
North Dakota,Billings County,38007,783,NULL,NULL,NULL,0.061,NULL,19,NULL
North Dakota,Burke County,38013,1968,NULL,NULL,2,0.062,62,20,19
North Dakota,Burleigh County,38015,81308,0,NULL,5,0.058,96,21,9
North Dakota,Cass County,38017,149778,NULL,NULL,4,0.063,74,22,3
North Dakota,Dunn County,38025,3536,NULL,NULL,NULL,0.06,32,NULL,NULL
North Dakota,Grand Forks County,38035,66861,NULL,NULL,NULL,NULL,NULL,NULL,NULL
North Dakota,McKenzie County,38053,6360,NULL,NULL,2,0.061,49,22,6
North Dakota,Mercer County,38057,8424,NULL,NULL,3,0.064,52,21,23
North Dakota,Oliver County,38065,1846,NULL,NULL,2,0.063,61,21,10
North Dakota,Stark County,38089,24199,NULL,NULL,NULL,NULL,NULL,NULL,NULL
North Dakota,Steele County,38091,1975,NULL,NULL,NULL,NULL,NULL,NULL,NULL
North Dakota,Ward County,38101,61675,NULL,NULL,2,0.061,56,26,8
North Dakota,Williams County,38105,22398,NULL,NULL,NULL,0.061,51,23,63
Ohio,Adams County,39001,28550,NULL,NULL,NULL,NULL,NULL,NULL,NULL
Ohio,Allen County,39003,106331,NULL,NULL,NULL,0.075,NULL,18,4
Ohio,Ashtabula County,39007,101497,NULL,NULL,NULL,0.069,NULL,NULL,5
Ohio,Athens County,39009,64757,NULL,NULL,NULL,NULL,NULL,14,NULL
Ohio,Belmont County,39013,70400,1,NULL,8,NULL,52,17,5
Ohio,Butler County,39017,368130,NULL,NULL,NULL,0.076,83,21,22
Ohio,Clark County,39023,138333,NULL,NULL,NULL,0.071,NULL,25,4
Ohio,Clermont County,39025,197363,NULL,NULL,NULL,0.069,NULL,NULL,NULL
Ohio,Clinton County,39027,42040,NULL,NULL,NULL,0.067,NULL,NULL,NULL
Ohio,Columbiana County,39029,107841,NULL,0.03,NULL,NULL,26,NULL,NULL
Ohio,Cuyahoga County,39035,1280122,3,0.06,11,0.075,74,24,41
Ohio,Delaware County,39041,174214,NULL,NULL,NULL,0.066,NULL,NULL,NULL
Ohio,Fayette County,39047,29030,NULL,NULL,NULL,0.063,NULL,NULL,NULL
Ohio,Franklin County,39049,1163414,1,0.01,10,0.066,47,25,NULL
Ohio,Fulton County,39051,42698,NULL,0.09,NULL,NULL,NULL,NULL,NULL
Ohio,Gallia County,39053,30934,NULL,NULL,NULL,NULL,NULL,NULL,41
Ohio,Geauga County,39055,93389,NULL,NULL,NULL,0.073,NULL,NULL,NULL
Ohio,Greene County,39057,161573,NULL,NULL,NULL,0.066,22,20,NULL
Ohio,Hamilton County,39061,802374,2,NULL,19,0.08,39,22,24
Ohio,Harrison County,39067,15864,NULL,NULL,NULL,NULL,NULL,NULL,NULL
Ohio,Jefferson County,39081,69709,NULL,NULL,NULL,0.068,46,19,34
Ohio,Knox County,39083,60921,NULL,NULL,NULL,0.066,NULL,NULL,NULL
Ohio,Lake County,39085,230041,1,NULL,NULL,0.076,NULL,19,53
Ohio,Lawrence County,39087,62450,NULL,NULL,NULL,0.066,23,14,NULL
Ohio,Licking County,39089,166492,NULL,NULL,NULL,0.062,NULL,NULL,NULL
Ohio,Lorain County,39093,301356,NULL,NULL,NULL,0.069,24,20,NULL
Ohio,Lucas County,39095,441815,NULL,NULL,NULL,0.078,NULL,22,32
Ohio,Madison County,39097,43435,NULL,NULL,NULL,0.067,NULL,NULL,NULL
Ohio,Mahoning County,39099,238823,NULL,NULL,NULL,0.064,39,17,5
Ohio,Marion County,39101,66501,NULL,0.02,NULL,NULL,NULL,NULL,NULL
Ohio,Medina County,39103,172332,NULL,NULL,NULL,0.066,NULL,19,NULL
Ohio,Miami County,39109,102506,NULL,NULL,NULL,0.069,NULL,NULL,NULL
Ohio,Montgomery County,39113,535153,1,NULL,NULL,0.073,35,21,NULL
Ohio,Morgan County,39115,15054,NULL,NULL,NULL,NULL,NULL,NULL,NULL
Ohio,Noble County,39121,14645,NULL,NULL,NULL,0.06,NULL,NULL,NULL
Ohio,Portage County,39133,161419,NULL,NULL,NULL,0.067,NULL,17,NULL
Ohio,Preble County,39135,42270,0,NULL,NULL,0.067,NULL,20,9
Ohio,Scioto County,39145,79499,NULL,NULL,NULL,NULL,42,16,29
Ohio,Stark County,39151,375586,1,0.2,NULL,0.07,NULL,22,NULL
Ohio,Summit County,39153,541781,2,NULL,NULL,0.069,NULL,20,6
Ohio,Trumbull County,39155,210312,NULL,NULL,NULL,0.071,24,19,NULL
Ohio,Warren County,39165,212693,NULL,NULL,NULL,0.075,NULL,NULL,NULL
Ohio,Washington County,39167,61778,NULL,0,NULL,0.066,NULL,NULL,NULL
Ohio,Wood County,39173,125488,NULL,NULL,NULL,0.069,NULL,NULL,NULL
Oklahoma,Adair County,40001,22683,1,NULL,NULL,0.063,60,NULL,3
Oklahoma,Bryan County,40013,42416,NULL,NULL,NULL,0.067,NULL,NULL,NULL
Oklahoma,Caddo County,40015,29600,NULL,NULL,NULL,NULL,NULL,NULL,NULL
Oklahoma,Canadian County,40017,115541,NULL,NULL,NULL,0.076,NULL,NULL,NULL
Oklahoma,Carter County,40019,47557,NULL,NULL,NULL,NULL,NULL,24,NULL
Oklahoma,Cherokee County,40021,46987,NULL,NULL,NULL,NULL,NULL,NULL,NULL
Oklahoma,Choctaw County,40023,15205,NULL,NULL,NULL,0.062,NULL,NULL,NULL
Oklahoma,Cleveland County,40027,255755,NULL,NULL,NULL,0.071,NULL,23,NULL
Oklahoma,Comanche County,40031,124098,NULL,NULL,NULL,0.072,NULL,18,NULL
Oklahoma,Creek County,40037,69967,NULL,0.01,NULL,0.069,NULL,NULL,NULL
Oklahoma,Custer County,40039,27469,NULL,NULL,NULL,NULL,84,NULL,NULL
Oklahoma,Dewey County,40043,4810,NULL,NULL,NULL,0.073,NULL,18,NULL
Oklahoma,Garfield County,40047,60580,NULL,NULL,NULL,NULL,NULL,NULL,44
Oklahoma,Jefferson County,40067,6472,NULL,NULL,NULL,0.076,NULL,NULL,NULL
Oklahoma,Kay County,40071,46562,NULL,NULL,NULL,0.06,NULL,20,31
Oklahoma,Le Flore County,40079,50384,NULL,NULL,NULL,NULL,NULL,NULL,NULL
Oklahoma,Lincoln County,40081,34273,NULL,NULL,NULL,NULL,NULL,NULL,NULL
Oklahoma,Love County,40085,9423,NULL,NULL,NULL,0.075,NULL,NULL,NULL
Oklahoma,McClain County,40087,34506,NULL,NULL,NULL,0.07,NULL,NULL,NULL
Oklahoma,Mayes County,40097,41259,NULL,NULL,NULL,0.065,NULL,NULL,25
Oklahoma,Muskogee County,40101,70990,NULL,NULL,NULL,NULL,155,NULL,31
Oklahoma,Nowata County,40105,10536,NULL,NULL,NULL,0.066,NULL,24,NULL
Oklahoma,Oklahoma County,40109,718633,2,NULL,13,0.072,92,24,3
Oklahoma,Osage County,40113,47472,NULL,NULL,NULL,0.073,NULL,NULL,NULL
Oklahoma,Ottawa County,40115,31848,NULL,0.02,NULL,0.063,55,NULL,NULL
Oklahoma,Pawnee County,40117,16577,NULL,NULL,NULL,NULL,NULL,NULL,NULL
Oklahoma,Payne County,40119,77350,NULL,NULL,NULL,NULL,NULL,NULL,NULL
Oklahoma,Pittsburg County,40121,45837,NULL,0,NULL,0.069,NULL,27,NULL
Oklahoma,Pottawatomie County,40125,69442,NULL,NULL,NULL,NULL,NULL,NULL,NULL
Oklahoma,Seminole County,40133,25482,NULL,NULL,NULL,NULL,NULL,NULL,NULL
Oklahoma,Sequoyah County,40135,42391,NULL,NULL,5,0.062,NULL,19,NULL
Oklahoma,Tulsa County,40143,603403,1,NULL,7,0.073,59,27,8
Oklahoma,Washington County,40147,50976,NULL,NULL,NULL,0.031,NULL,NULL,NULL
Oregon,Benton County,41003,85579,NULL,NULL,NULL,NULL,NULL,NULL,NULL
Oregon,Clackamas County,41005,375992,NULL,NULL,NULL,0.07,NULL,NULL,NULL
Oregon,Columbia County,41009,49351,NULL,NULL,NULL,0.053,NULL,NULL,NULL
Oregon,Crook County,41013,20978,NULL,NULL,NULL,NULL,NULL,33,NULL
Oregon,Deschutes County,41017,157733,NULL,NULL,NULL,NULL,NULL,NULL,NULL
Oregon,Douglas County,41019,107667,NULL,NULL,NULL,NULL,NULL,NULL,NULL
Oregon,Harney County,41025,7422,NULL,NULL,NULL,NULL,NULL,36,NULL
Oregon,Jackson County,41029,203206,NULL,NULL,NULL,0.074,66,169,NULL
Oregon,Josephine County,41033,82713,NULL,NULL,NULL,NULL,NULL,75,NULL
Oregon,Klamath County,41035,66380,NULL,NULL,NULL,NULL,NULL,146,NULL
Oregon,Lake County,41037,7895,NULL,NULL,NULL,NULL,NULL,66,NULL
Oregon,Lane County,41039,351715,NULL,NULL,NULL,0.06,83,39,NULL
Oregon,Linn County,41043,116672,NULL,NULL,NULL,NULL,NULL,NULL,NULL
Oregon,Marion County,41047,315335,NULL,NULL,NULL,0.066,NULL,NULL,NULL
Oregon,Multnomah County,41051,735334,2,NULL,9,0.067,27,20,3
Oregon,Umatilla County,41059,75889,NULL,NULL,NULL,0.06,NULL,NULL,NULL
Oregon,Union County,41061,25748,NULL,NULL,NULL,NULL,51,NULL,NULL
Oregon,Wasco County,41065,25213,NULL,NULL,NULL,0.053,NULL,NULL,NULL
Oregon,Washington County,41067,529710,1,NULL,12,0.054,NULL,32,NULL
Pennsylvania,Adams County,42001,101407,0,NULL,NULL,0.068,NULL,20,NULL
Pennsylvania,Allegheny County,42003,1223348,3,NULL,10,0.074,67,28,130
Pennsylvania,Armstrong County,42005,68941,NULL,NULL,NULL,0.067,NULL,18,NULL
Pennsylvania,Beaver County,42007,170539,NULL,0,7,0.071,60,21,23
Pennsylvania,Berks County,42011,411442,NULL,0.02,NULL,0.071,NULL,23,NULL
Pennsylvania,Blair County,42013,127089,NULL,NULL,NULL,0.063,19,22,8
Pennsylvania,Bradford County,42015,62622,NULL,NULL,2,0.064,NULL,18,NULL
Pennsylvania,Bucks County,42017,625249,NULL,NULL,NULL,0.084,NULL,NULL,NULL
Pennsylvania,Cambria County,42021,143679,1,NULL,5,0.059,32,19,17
Pennsylvania,Carbon County,42025,65249,NULL,0.13,NULL,NULL,NULL,NULL,NULL
Pennsylvania,Centre County,42027,153990,NULL,NULL,2,0.064,NULL,23,5
Pennsylvania,Chester County,42029,498886,NULL,NULL,NULL,0.065,NULL,NULL,NULL
Pennsylvania,Clearfield County,42033,81642,NULL,NULL,NULL,0.064,NULL,NULL,NULL
Pennsylvania,Cumberland County,42041,235406,NULL,NULL,NULL,NULL,NULL,24,NULL
Pennsylvania,Dauphin County,42043,268100,NULL,NULL,NULL,0.068,35,21,NULL
Pennsylvania,Delaware County,42045,558979,NULL,NULL,8,0.073,NULL,NULL,NULL
Pennsylvania,Elk County,42047,31946,NULL,NULL,NULL,0.065,NULL,NULL,NULL
Pennsylvania,Erie County,42049,280566,1,NULL,NULL,0.062,32,21,NULL
Pennsylvania,Fayette County,42051,136606,NULL,NULL,NULL,0.061,NULL,NULL,NULL
Pennsylvania,Franklin County,42055,149618,NULL,NULL,NULL,0.059,NULL,NULL,NULL
Pennsylvania,Greene County,42059,38686,NULL,NULL,NULL,0.067,NULL,14,NULL
Pennsylvania,Indiana County,42063,88880,NULL,NULL,NULL,0.068,NULL,NULL,28
Pennsylvania,Lackawanna County,42069,214437,1,NULL,8,0.061,NULL,NULL,NULL
Pennsylvania,Lancaster County,42071,519445,NULL,0.06,NULL,0.069,38,24,NULL
Pennsylvania,Lawrence County,42073,91108,NULL,0.03,NULL,0.066,NULL,NULL,NULL
Pennsylvania,Lebanon County,42075,133568,NULL,NULL,NULL,0.07,NULL,23,NULL
Pennsylvania,Lehigh County,42077,349497,NULL,NULL,NULL,0.067,40,21,NULL
Pennsylvania,Luzerne County,42079,320918,NULL,0,NULL,0.067,32,NULL,3
Pennsylvania,Lycoming County,42081,116111,NULL,NULL,NULL,0.063,NULL,NULL,NULL
Pennsylvania,Mercer County,42085,116638,NULL,NULL,NULL,0.07,NULL,NULL,NULL
Pennsylvania,Monroe County,42089,169842,NULL,NULL,NULL,0.07,NULL,NULL,NULL
Pennsylvania,Montgomery County,42091,799874,NULL,NULL,NULL,0.073,NULL,19,NULL
Pennsylvania,Northampton County,42095,297735,NULL,NULL,6,0.073,NULL,23,NULL
Pennsylvania,Perry County,42099,45969,NULL,NULL,NULL,NULL,NULL,NULL,NULL
Pennsylvania,Philadelphia County,42101,1526006,1,NULL,11,0.079,45,23,14
Pennsylvania,Somerset County,42111,77742,NULL,NULL,NULL,0.063,NULL,NULL,NULL
Pennsylvania,Susquehanna County,42115,43356,NULL,NULL,NULL,NULL,NULL,NULL,NULL
Pennsylvania,Tioga County,42117,41981,NULL,NULL,1,0.066,NULL,16,NULL
Pennsylvania,Warren County,42123,41815,NULL,NULL,NULL,NULL,NULL,NULL,30
Pennsylvania,Washington County,42125,207820,NULL,NULL,5,0.066,NULL,18,10
Pennsylvania,Westmoreland County,42129,365169,NULL,0,NULL,0.064,NULL,16,NULL
Pennsylvania,York County,42133,434972,NULL,NULL,NULL,0.065,NULL,NULL,8
Rhode Island,Kent County,44003,166158,NULL,NULL,NULL,0.074,NULL,16,NULL
Rhode Island,Providence County,44007,626667,2,NULL,17,0.079,36,20,3
Rhode Island,Washington County,44009,126979,NULL,NULL,NULL,0.071,NULL,17,NULL
South Carolina,Aiken County,45003,160099,NULL,NULL,NULL,0.066,NULL,NULL,NULL
South Carolina,Anderson County,45007,187126,NULL,NULL,NULL,0.053,NULL,NULL,NULL
South Carolina,Beaufort County,45013,162233,NULL,NULL,NULL,NULL,NULL,NULL,NULL
South Carolina,Berkeley County,45015,177843,NULL,NULL,NULL,0.056,NULL,NULL,NULL
South Carolina,Charleston County,45019,350209,NULL,NULL,1,0.06,31,14,13
South Carolina,Chesterfield County,45025,46734,NULL,NULL,NULL,0.064,NULL,NULL,NULL
South Carolina,Colleton County,45029,38892,NULL,NULL,NULL,0.056,NULL,NULL,NULL
South Carolina,Darlington County,45031,68681,NULL,NULL,NULL,0.058,NULL,NULL,NULL
South Carolina,Edgefield County,45037,26985,NULL,NULL,NULL,0.059,NULL,NULL,NULL
South Carolina,Florence County,45041,136885,NULL,0.07,NULL,NULL,NULL,NULL,NULL
South Carolina,Georgetown County,45043,60158,NULL,NULL,NULL,NULL,47,NULL,NULL
South Carolina,Greenville County,45045,451225,NULL,NULL,8,0.059,28,18,2
South Carolina,Greenwood County,45047,69661,NULL,NULL,NULL,NULL,NULL,NULL,NULL
South Carolina,Horry County,45051,269291,NULL,NULL,NULL,0.062,NULL,NULL,NULL
South Carolina,Lexington County,45063,262391,NULL,NULL,NULL,NULL,30,19,2
South Carolina,Oconee County,45073,74273,NULL,NULL,NULL,0.062,NULL,14,1
South Carolina,Orangeburg County,45075,92501,NULL,NULL,NULL,NULL,NULL,NULL,NULL
South Carolina,Pickens County,45077,119224,NULL,NULL,NULL,0.062,NULL,NULL,NULL
South Carolina,Richland County,45079,384504,1,NULL,NULL,0.063,NULL,13,2
South Carolina,Spartanburg County,45083,284307,NULL,NULL,NULL,0.062,NULL,NULL,NULL
South Carolina,York County,45091,226073,NULL,NULL,NULL,0.066,NULL,NULL,NULL
South Dakota,Brookings County,46011,31965,NULL,NULL,NULL,0.067,70,12,NULL
South Dakota,Brown County,46013,36531,NULL,NULL,NULL,NULL,49,22,NULL
South Dakota,Codington County,46029,27227,NULL,NULL,NULL,NULL,86,16,NULL
South Dakota,Custer County,46033,8216,NULL,NULL,NULL,0.063,41,16,NULL
South Dakota,Hughes County,46065,17022,NULL,NULL,NULL,NULL,NULL,14,NULL
South Dakota,Jackson County,46071,3031,NULL,NULL,1,0.063,42,19,1
South Dakota,Meade County,46093,25434,NULL,NULL,NULL,0.045,53,NULL,NULL
South Dakota,Minnehaha County,46099,169468,1,NULL,5,0.069,58,16,3
South Dakota,Pennington County,46103,100948,NULL,NULL,6,NULL,124,27,2
South Dakota,Union County,46127,14399,NULL,NULL,2,0.068,120,16,3
Tennessee,Anderson County,47001,75129,NULL,NULL,NULL,0.063,NULL,NULL,6
Tennessee,Blount County,47009,123010,0,NULL,1,0.067,NULL,16,1
Tennessee,Claiborne County,47025,32213,NULL,NULL,NULL,0.062,NULL,NULL,NULL
Tennessee,Davidson County,47037,626681,2,NULL,14,0.071,41,18,NULL
Tennessee,DeKalb County,47041,18723,NULL,NULL,NULL,0.061,NULL,NULL,NULL
Tennessee,Dyer County,47045,38335,NULL,NULL,NULL,NULL,NULL,15,NULL
Tennessee,Hamilton County,47065,336463,NULL,NULL,NULL,0.064,NULL,20,NULL
Tennessee,Jefferson County,47089,51407,NULL,NULL,NULL,0.067,NULL,NULL,NULL
Tennessee,Knox County,47093,432226,NULL,0.06,NULL,0.067,39,17,NULL
Tennessee,Lawrence County,47099,41869,NULL,NULL,NULL,NULL,NULL,15,NULL
Tennessee,Loudon County,47105,48556,NULL,NULL,NULL,0.065,NULL,14,NULL
Tennessee,McMinn County,47107,52266,NULL,NULL,NULL,NULL,NULL,15,NULL
Tennessee,Madison County,47113,98294,NULL,NULL,NULL,NULL,NULL,16,NULL
Tennessee,Maury County,47119,80956,NULL,NULL,NULL,NULL,NULL,15,NULL
Tennessee,Montgomery County,47125,172331,NULL,NULL,NULL,NULL,NULL,16,NULL
Tennessee,Putnam County,47141,72321,NULL,NULL,NULL,NULL,NULL,15,NULL
Tennessee,Roane County,47145,54181,NULL,NULL,NULL,NULL,NULL,15,NULL
Tennessee,Sevier County,47155,89889,NULL,NULL,NULL,0.067,NULL,NULL,NULL
Tennessee,Shelby County,47157,927644,1,NULL,10,0.073,89,21,3
Tennessee,Sullivan County,47163,156823,NULL,0,NULL,0.065,NULL,15,86
Tennessee,Sumner County,47165,160645,NULL,NULL,NULL,0.068,NULL,16,NULL
Tennessee,Williamson County,47187,183182,NULL,NULL,NULL,0.063,NULL,NULL,NULL
Tennessee,Wilson County,47189,113993,NULL,NULL,NULL,0.064,NULL,NULL,NULL
Texas,Bell County,48027,310235,NULL,NULL,NULL,0.072,NULL,NULL,NULL
Texas,Bexar County,48029,1714773,1,NULL,7,0.073,56,33,NULL
Texas,Bowie County,48037,92565,NULL,NULL,NULL,NULL,NULL,21,NULL
Texas,Brazoria County,48039,313166,NULL,NULL,5,0.071,NULL,NULL,NULL
Texas,Brewster County,48043,9232,NULL,NULL,NULL,0.065,NULL,NULL,NULL
Texas,Caldwell County,48055,38066,NULL,NULL,NULL,NULL,NULL,NULL,NULL
Texas,Cameron County,48061,406220,NULL,NULL,NULL,0.059,NULL,26,NULL
Texas,Collin County,48085,782341,NULL,0.01,NULL,0.081,NULL,NULL,NULL
Texas,Dallas County,48113,2368139,1,NULL,10,0.081,NULL,25,NULL
Texas,Denton County,48121,662614,NULL,NULL,6,0.076,NULL,NULL,NULL
Texas,Ector County,48135,137130,NULL,NULL,NULL,NULL,NULL,NULL,NULL
Texas,Ellis County,48139,149610,NULL,NULL,5,0.069,NULL,NULL,7
Texas,El Paso County,48141,800647,2,0.01,11,0.078,114,23,NULL
Texas,Freestone County,48161,19816,NULL,NULL,NULL,NULL,NULL,NULL,39
Texas,Galveston County,48167,291309,NULL,NULL,2,0.076,102,NULL,8
Texas,Gregg County,48183,121730,NULL,NULL,4,0.068,NULL,NULL,51
Texas,Harris County,48201,4092459,2,NULL,12,0.088,88,30,24
Texas,Harrison County,48203,65631,NULL,NULL,2,0.061,NULL,21,45
Texas,Hidalgo County,48215,774769,NULL,NULL,NULL,0.059,77,29,NULL
Texas,Hood County,48221,51182,NULL,NULL,NULL,0.071,NULL,NULL,NULL
Texas,Howard County,48227,35012,NULL,NULL,NULL,NULL,NULL,NULL,99
Texas,Hunt County,48231,86129,NULL,NULL,4,0.073,NULL,NULL,NULL
Texas,Hutchinson County,48233,22150,NULL,NULL,NULL,NULL,NULL,NULL,214
Texas,Jeff Davis County,48243,2342,NULL,NULL,NULL,NULL,NULL,NULL,NULL
Texas,Jefferson County,48245,252273,1,NULL,6,0.072,NULL,25,61
Texas,Johnson County,48251,150934,NULL,NULL,NULL,0.081,NULL,NULL,NULL
Texas,Kaufman County,48257,103350,NULL,NULL,3,0.065,NULL,NULL,8
Texas,Kleberg County,48273,32061,NULL,NULL,NULL,NULL,NULL,NULL,NULL
Texas,Lubbock County,48303,278831,NULL,NULL,NULL,NULL,NULL,NULL,NULL
Texas,McLennan County,48309,234906,0,NULL,NULL,0.068,NULL,NULL,NULL
Texas,Marion County,48315,10546,NULL,NULL,NULL,NULL,NULL,NULL,NULL
Texas,Maverick County,48323,54258,NULL,NULL,NULL,NULL,NULL,24,NULL
Texas,Milam County,48331,24757,NULL,NULL,NULL,NULL,NULL,NULL,4
Texas,Montgomery County,48339,455746,NULL,NULL,3,0.075,NULL,NULL,NULL
Texas,Navarro County,48349,47735,NULL,NULL,4,0.067,NULL,NULL,141
Texas,Nueces County,48355,340223,NULL,NULL,NULL,0.061,79,29,5
Texas,Orange County,48361,81837,NULL,NULL,2,0.073,NULL,26,NULL
Texas,Parker County,48367,116927,NULL,NULL,NULL,0.075,NULL,NULL,NULL
Texas,Polk County,48373,45413,NULL,NULL,NULL,0.062,NULL,NULL,NULL
Texas,Potter County,48375,121073,NULL,0,NULL,NULL,NULL,NULL,133
Texas,Randall County,48381,120725,NULL,NULL,NULL,0.072,NULL,NULL,NULL
Texas,Robertson County,48395,16622,NULL,NULL,NULL,NULL,NULL,NULL,NULL
Texas,Rockwall County,48397,78337,NULL,NULL,NULL,0.076,NULL,NULL,NULL
Texas,Rusk County,48401,53330,NULL,NULL,NULL,NULL,NULL,NULL,109
Texas,Smith County,48423,209714,NULL,NULL,2,0.069,NULL,NULL,NULL
Texas,Tarrant County,48439,1809034,1,NULL,11,0.082,40,20,NULL
Texas,Titus County,48449,32334,NULL,NULL,NULL,NULL,NULL,NULL,20
Texas,Travis County,48453,1024266,1,NULL,12,0.072,82,37,2
Texas,Victoria County,48469,86793,NULL,NULL,NULL,0.066,NULL,NULL,NULL
Texas,Webb County,48479,250304,2,NULL,NULL,0.058,78,26,NULL
Utah,Box Elder County,49003,49975,NULL,NULL,7,0.072,NULL,26,NULL
Utah,Cache County,49005,112656,NULL,NULL,4,0.069,67,28,NULL
Utah,Carbon County,49007,21403,NULL,NULL,2,0.073,NULL,NULL,NULL
Utah,Davis County,49011,306479,NULL,NULL,12,0.08,48,26,NULL
Utah,Duchesne County,49013,18607,NULL,NULL,4,0.071,NULL,24,NULL
Utah,Garfield County,49017,5172,NULL,NULL,NULL,0.068,NULL,NULL,NULL
Utah,Iron County,49021,46163,NULL,NULL,NULL,0.067,NULL,14,NULL
Utah,Salt Lake County,49035,1029655,3,NULL,15,0.08,103,29,NULL
Utah,San Juan County,49037,14746,NULL,NULL,NULL,0.068,NULL,NULL,NULL
Utah,Tooele County,49045,58218,NULL,NULL,4,0.074,NULL,31,NULL
Utah,Uintah County,49047,32588,NULL,NULL,4,0.069,NULL,19,NULL
Utah,Utah County,49049,516564,1,NULL,9,0.079,85,50,NULL
Utah,Washington County,49053,138115,NULL,NULL,3,0.069,NULL,NULL,NULL
Utah,Weber County,49057,231236,1,NULL,17,0.079,102,25,NULL
Vermont,Addison County,50001,36821,NULL,NULL,NULL,NULL,NULL,NULL,NULL
Vermont,Bennington County,50003,37125,NULL,NULL,NULL,0.065,NULL,15,NULL
Vermont,Chittenden County,50007,156545,1,NULL,6,0.062,20,16,1
Vermont,Rutland County,50021,61642,1,NULL,7,0.063,24,20,2
Vermont,Washington County,50023,59534,NULL,NULL,NULL,NULL,NULL,NULL,NULL
Virginia,Albemarle County,51003,98970,NULL,NULL,NULL,0.062,NULL,14,NULL
Virginia,Arlington County,51013,207627,1,NULL,9,0.07,NULL,16,NULL
Virginia,Botetourt County,51023,33148,NULL,NULL,NULL,NULL,NULL,NULL,28
Virginia,Caroline County,51033,28545,NULL,NULL,NULL,0.061,NULL,NULL,NULL
Virginia,Carroll County,51035,30042,NULL,NULL,NULL,NULL,22,NULL,NULL
Virginia,Charles City County,51036,7256,NULL,NULL,5,0.064,NULL,14,18
Virginia,Chesterfield County,51041,316236,NULL,NULL,NULL,0.058,NULL,14,NULL
Virginia,Fairfax County,51059,1081726,1,NULL,15,0.066,21,20,5
Virginia,Fauquier County,51061,65203,NULL,NULL,NULL,0.06,NULL,NULL,NULL
Virginia,Frederick County,51069,78305,NULL,NULL,NULL,0.059,NULL,23,NULL
Virginia,Giles County,51071,17286,NULL,NULL,NULL,0.064,NULL,NULL,66
Virginia,Hanover County,51085,99863,NULL,NULL,NULL,0.066,NULL,NULL,NULL
Virginia,Henrico County,51087,306935,1,NULL,6,0.065,28,16,5
Virginia,Loudoun County,51107,312311,NULL,NULL,6,0.065,NULL,17,NULL
Virginia,Madison County,51113,13308,NULL,NULL,NULL,0.062,NULL,NULL,NULL
Virginia,Montgomery County,51121,94392,NULL,0,NULL,NULL,NULL,NULL,NULL
Virginia,Page County,51139,24042,NULL,NULL,NULL,NULL,NULL,NULL,NULL
Virginia,Prince Edward County,51147,23368,NULL,NULL,NULL,0.062,NULL,NULL,NULL
Virginia,Prince William County,51153,402002,NULL,NULL,4,0.065,NULL,NULL,NULL
Virginia,Roanoke County,51161,92376,1,NULL,5,0.062,NULL,NULL,2
Virginia,Rockbridge County,51163,22307,NULL,NULL,NULL,0.06,NULL,NULL,NULL
Virginia,Rockingham County,51165,76314,NULL,NULL,8,0.059,NULL,18,2
Virginia,Stafford County,51179,128961,NULL,NULL,NULL,0.064,23,NULL,NULL
Virginia,Wythe County,51197,29235,NULL,NULL,NULL,0.061,NULL,NULL,NULL
Virginia,Alexandria city,51510,139966,NULL,NULL,NULL,NULL,12,NULL,NULL
Virginia,Bristol city,51520,17835,NULL,NULL,NULL,NULL,NULL,14,NULL
Virginia,Chesapeake city,51550,222209,NULL,NULL,NULL,NULL,NULL,NULL,NULL
Virginia,Covington city,51580,5961,NULL,NULL,NULL,NULL,NULL,NULL,25
Virginia,Hampton city,51650,137436,1,NULL,3,0.062,17,13,21
Virginia,Hopewell city,51670,22591,NULL,NULL,NULL,NULL,18,NULL,NULL
Virginia,Lynchburg city,51680,75568,NULL,NULL,NULL,NULL,NULL,14,NULL
Virginia,Newport News city,51700,180719,NULL,NULL,NULL,NULL,NULL,NULL,NULL
Virginia,Norfolk city,51710,242803,1,NULL,7,NULL,21,14,10
Virginia,Richmond city,51760,204214,1,NULL,12,NULL,NULL,19,NULL
Virginia,Roanoke city,51770,97032,NULL,0.02,NULL,NULL,NULL,NULL,NULL
Virginia,Salem city,51775,24802,NULL,NULL,NULL,NULL,NULL,15,NULL
Virginia,Suffolk city,51800,84585,NULL,NULL,NULL,0.063,NULL,NULL,NULL
Virginia,Virginia Beach city,51810,437994,NULL,NULL,NULL,NULL,NULL,NULL,NULL
Virginia,Winchester city,51840,26203,NULL,NULL,NULL,NULL,20,NULL,NULL
Washington,Adams County,53001,18728,NULL,NULL,NULL,NULL,NULL,NULL,NULL
Washington,Asotin County,53003,21623,NULL,NULL,NULL,NULL,NULL,NULL,NULL
Washington,Benton County,53005,175177,NULL,NULL,NULL,0.073,169,NULL,NULL
Washington,Chelan County,53007,72453,NULL,NULL,NULL,NULL,NULL,NULL,1
Washington,Clallam County,53009,71404,1,NULL,NULL,0.058,NULL,NULL,1
Washington,Clark County,53011,425363,NULL,NULL,NULL,0.062,NULL,30,NULL
Washington,Cowlitz County,53015,102410,NULL,NULL,NULL,NULL,NULL,NULL,NULL
Washington,Grant County,53025,89120,NULL,NULL,NULL,NULL,NULL,NULL,NULL
Washington,Grays Harbor County,53027,72797,NULL,NULL,NULL,NULL,NULL,NULL,NULL
Washington,Jefferson County,53031,29872,NULL,NULL,NULL,NULL,NULL,NULL,NULL
Washington,King County,53033,1931249,1,NULL,20,0.077,60,42,8
Washington,Kitsap County,53035,251133,NULL,NULL,NULL,NULL,NULL,24,NULL
Washington,Kittitas County,53037,40915,NULL,NULL,NULL,NULL,NULL,47,NULL
Washington,Lewis County,53041,75455,NULL,NULL,NULL,NULL,NULL,NULL,NULL
Washington,Mason County,53045,60699,NULL,NULL,NULL,NULL,NULL,NULL,NULL
Washington,Okanogan County,53047,41120,NULL,NULL,NULL,NULL,NULL,94,NULL
Washington,Pierce County,53053,795225,NULL,NULL,17,0.069,NULL,38,NULL
Washington,Skagit County,53057,116901,NULL,NULL,NULL,0.045,NULL,28,2
Washington,Skamania County,53059,11066,NULL,NULL,NULL,NULL,NULL,NULL,NULL
Washington,Snohomish County,53061,713335,NULL,NULL,NULL,NULL,NULL,42,NULL
Washington,Spokane County,53063,471221,NULL,NULL,NULL,0.072,180,50,NULL
Washington,Stevens County,53065,43531,NULL,NULL,NULL,NULL,154,NULL,NULL
Washington,Thurston County,53067,252264,NULL,NULL,NULL,0.064,NULL,NULL,NULL
Washington,Walla Walla County,53071,58781,NULL,NULL,NULL,NULL,186,NULL,NULL
Washington,Whatcom County,53073,201140,NULL,NULL,NULL,0.062,NULL,24,101
Washington,Whitman County,53075,44776,NULL,NULL,NULL,NULL,NULL,NULL,NULL
Washington,Yakima County,53077,243231,NULL,NULL,NULL,NULL,129,50,NULL
West Virginia,Berkeley County,54003,104169,NULL,NULL,NULL,0.062,NULL,22,NULL
West Virginia,Brooke County,54009,24069,NULL,NULL,NULL,NULL,37,20,48
West Virginia,Cabell County,54011,96319,NULL,NULL,NULL,0.066,NULL,16,NULL
West Virginia,Gilmer County,54021,8693,NULL,NULL,NULL,0.058,NULL,NULL,NULL
West Virginia,Greenbrier County,54025,35480,NULL,NULL,NULL,0.058,NULL,NULL,NULL
West Virginia,Hancock County,54029,30676,NULL,NULL,NULL,0.067,32,19,22
West Virginia,Harrison County,54033,69099,NULL,NULL,NULL,NULL,NULL,15,NULL
West Virginia,Kanawha County,54039,193063,1,NULL,NULL,0.066,NULL,16,5
West Virginia,Marion County,54049,56418,NULL,NULL,NULL,NULL,NULL,15,NULL
West Virginia,Marshall County,54051,33107,NULL,NULL,NULL,NULL,NULL,20,9
West Virginia,Mason County,54053,27324,NULL,NULL,NULL,NULL,NULL,NULL,57
West Virginia,Mercer County,54055,62264,NULL,NULL,NULL,NULL,NULL,NULL,NULL
West Virginia,Mineral County,54057,28212,NULL,NULL,NULL,NULL,NULL,NULL,203
West Virginia,Monongalia County,54061,96189,NULL,NULL,NULL,0.062,NULL,NULL,NULL
West Virginia,Ohio County,54069,44443,NULL,NULL,NULL,0.066,NULL,17,NULL
West Virginia,Raleigh County,54081,78859,NULL,NULL,NULL,NULL,NULL,NULL,NULL
West Virginia,Summers County,54089,13927,NULL,NULL,NULL,NULL,NULL,NULL,NULL
West Virginia,Tucker County,54093,7141,NULL,NULL,NULL,0.06,NULL,NULL,NULL
West Virginia,Wood County,54107,86956,NULL,NULL,NULL,0.061,NULL,17,16
Wisconsin,Ashland County,55003,16157,NULL,NULL,NULL,0.062,NULL,NULL,NULL
Wisconsin,Brown County,55009,248007,NULL,NULL,NULL,0.066,NULL,19,12
Wisconsin,Columbia County,55021,56833,NULL,NULL,NULL,0.066,NULL,NULL,NULL
Wisconsin,Dane County,55025,488073,NULL,NULL,NULL,0.065,42,23,3
Wisconsin,Dodge County,55027,88759,0,NULL,NULL,0.069,38,23,NULL
Wisconsin,Door County,55029,27785,NULL,NULL,NULL,0.075,NULL,NULL,NULL
Wisconsin,Douglas County,55031,44159,NULL,NULL,NULL,NULL,NULL,NULL,NULL
Wisconsin,Eau Claire County,55035,98736,NULL,NULL,NULL,0.066,NULL,22,NULL
Wisconsin,Fond du Lac County,55039,101633,NULL,NULL,NULL,0.066,NULL,NULL,NULL
Wisconsin,Forest County,55041,9304,NULL,NULL,NULL,0.066,NULL,14,2
Wisconsin,Grant County,55043,51208,NULL,NULL,NULL,NULL,NULL,20,NULL
Wisconsin,Jefferson County,55055,83686,NULL,NULL,NULL,0.068,NULL,NULL,NULL
Wisconsin,Kenosha County,55059,166426,NULL,NULL,NULL,0.08,NULL,21,NULL
Wisconsin,Kewaunee County,55061,20574,NULL,NULL,NULL,0.072,NULL,NULL,NULL
Wisconsin,La Crosse County,55063,114638,NULL,NULL,NULL,0.062,NULL,21,NULL
Wisconsin,Manitowoc County,55071,81442,NULL,NULL,NULL,0.076,NULL,NULL,NULL
Wisconsin,Marathon County,55073,134063,NULL,NULL,NULL,0.065,NULL,NULL,NULL
Wisconsin,Milwaukee County,55079,947735,1,NULL,14,0.073,40,22,4
Wisconsin,Oneida County,55085,35998,NULL,NULL,NULL,NULL,NULL,NULL,40
Wisconsin,Outagamie County,55087,176695,NULL,NULL,NULL,0.067,NULL,21,108
Wisconsin,Ozaukee County,55089,86395,NULL,NULL,NULL,0.073,NULL,20,NULL
Wisconsin,Racine County,55101,195408,NULL,NULL,NULL,0.078,NULL,NULL,NULL
Wisconsin,Rock County,55105,160331,NULL,NULL,NULL,0.068,NULL,NULL,NULL
Wisconsin,St. Croix County,55109,84345,NULL,NULL,NULL,NULL,NULL,NULL,NULL
Wisconsin,Sauk County,55111,61976,NULL,NULL,NULL,0.067,32,18,NULL
Wisconsin,Sheboygan County,55117,115507,NULL,0.02,NULL,0.083,NULL,NULL,NULL
Wisconsin,Taylor County,55119,20689,NULL,NULL,NULL,0.065,NULL,20,NULL
Wisconsin,Vilas County,55125,21430,NULL,NULL,NULL,0.063,NULL,16,NULL
Wisconsin,Walworth County,55127,102228,NULL,NULL,NULL,0.07,NULL,NULL,NULL
Wisconsin,Waukesha County,55133,389891,NULL,NULL,NULL,0.068,39,22,NULL
Wisconsin,Waupaca County,55135,52410,NULL,NULL,NULL,NULL,NULL,NULL,NULL
Wisconsin,Winnebago County,55139,166994,NULL,NULL,NULL,NULL,NULL,NULL,NULL
Wisconsin,Wood County,55141,74749,NULL,NULL,NULL,NULL,NULL,NULL,NULL
Wyoming,Albany County,56001,36299,NULL,NULL,NULL,0.07,113,14,NULL
Wyoming,Big Horn County,56003,11668,NULL,NULL,NULL,0.064,NULL,NULL,NULL
Wyoming,Campbell County,56005,46133,NULL,NULL,5,0.064,113,21,NULL
Wyoming,Carbon County,56007,15885,NULL,NULL,5,0.065,NULL,NULL,13
Wyoming,Converse County,56009,13833,0,NULL,3,0.064,105,NULL,16
Wyoming,Fremont County,56013,40123,NULL,NULL,1,0.066,42,22,50
Wyoming,Goshen County,56015,13249,NULL,NULL,NULL,NULL,NULL,NULL,NULL
Wyoming,Johnson County,56019,8569,NULL,NULL,NULL,0.06,74,NULL,NULL
Wyoming,Laramie County,56021,91738,0,NULL,4,0.068,44,14,3
Wyoming,Lincoln County,56023,18106,NULL,NULL,NULL,NULL,107,NULL,NULL
Wyoming,Natrona County,56025,75450,NULL,NULL,5,0.065,31,16,19
Wyoming,Park County,56029,28205,NULL,NULL,NULL,0.052,56,17,NULL
Wyoming,Platte County,56031,8667,NULL,NULL,NULL,NULL,58,NULL,NULL
Wyoming,Sheridan County,56033,29116,NULL,NULL,NULL,0.069,55,21,NULL
Wyoming,Sublette County,56035,10247,NULL,NULL,6,0.068,78,25,NULL
Wyoming,Sweetwater County,56037,43806,NULL,NULL,3,0.068,193,19,45
Wyoming,Teton County,56039,21294,0,NULL,NULL,0.064,52,20,NULL
Wyoming,Uinta County,56041,21118,NULL,NULL,2,0.068,67,NULL,NULL
Wyoming,Weston County,56045,7208,NULL,NULL,NULL,0.063,NULL,NULL,2
Puerto Rico,"Adjuntas Municipio, Puerto Rico",72001,19483,NULL,NULL,NULL,NULL,NULL,NULL,NULL
Puerto Rico,"Arecibo Municipio, Puerto Rico",72013,96440,NULL,0.18,NULL,NULL,NULL,NULL,NULL
Puerto Rico,"Bayamón Municipio, Puerto Rico",72021,208116,NULL,NULL,NULL,NULL,NULL,44,NULL
Puerto Rico,"Caguas Municipio, Puerto Rico",72025,142893,3,NULL,NULL,NULL,NULL,NULL,NULL
Puerto Rico,"Cataño Municipio, Puerto Rico",72033,28140,NULL,NULL,NULL,0.017,82,NULL,NULL
Puerto Rico,"Fajardo Municipio, Puerto Rico",72053,36993,NULL,NULL,NULL,NULL,NULL,NULL,NULL
Puerto Rico,"Guayama Municipio, Puerto Rico",72057,45362,NULL,NULL,NULL,NULL,NULL,NULL,7
Puerto Rico,"Guayanilla Municipio, Puerto Rico",72059,21581,NULL,NULL,NULL,NULL,NULL,NULL,NULL
Puerto Rico,"Guaynabo Municipio, Puerto Rico",72061,97924,1,NULL,NULL,NULL,NULL,42,NULL
Puerto Rico,"Humacao Municipio, Puerto Rico",72069,58466,NULL,NULL,NULL,NULL,NULL,NULL,NULL
Puerto Rico,"Lares Municipio, Puerto Rico",72081,30753,NULL,NULL,NULL,NULL,NULL,NULL,NULL
Puerto Rico,"Mayagüez Municipio, Puerto Rico",72097,89080,NULL,NULL,NULL,NULL,NULL,NULL,NULL
Puerto Rico,"Ponce Municipio, Puerto Rico",72113,166327,2,NULL,NULL,NULL,120,39,NULL
Puerto Rico,"San Juan Municipio, Puerto Rico",72127,395326,NULL,NULL,NULL,NULL,NULL,NULL,NULL
,,,,,,,,,,
,,,,,,,,,,
,,,,,,,,,,
,,,,,,,,,,
,,,,,,,,,,
,,,,,,,,,,
,,,,,,,,,,
,,,,,,,,,,
,,,,,,,,,,
,,,,,,,,,,
,,,,,,,,,,
,,,,,,,,,,
,,,,,,,,,,
,,,,,,,,,,
,,,,,,,,,,